name,site,phone,full_address,city,postal_code,state,latitude,longitude,photo,working_hours,business_status,description,location_link
Wigglebottoms Indoor Dogpark & Market,,+1 832-228-4114,"25650 Interstate 45 706, Spring, TX 77386",Spring,77386,Texas,30.1324578,-95.4415323,https://streetviewpixels-pa.googleapis.com/v1/thumbnail?panoid=N2QjlV71Szoom2UiQwt_MA&cb_client=search.gws-prod.gps&w=800&h=500&yaw=354.31357&pitch=0&thumbfov=100,"{""Sunday"": ""9AM-9PM"", ""Monday"": ""9AM-9PM"", ""Tuesday"": ""9AM-9PM"", ""Wednesday"": ""9AM-9PM"", ""Thursday"": ""9AM-9PM"", ""Friday"": ""9AM-9PM"", ""Saturday"": ""9AM-9PM""}",OPERATIONAL,,"https://www.google.com/maps/place/Wigglebottoms+Indoor+Dogpark+%26+Market/@30.132457799999997,-95.44153229999999,14z/data=!4m8!1m2!2m1!1sWigglebottoms+Indoor+Dogpark+%26+Market!3m4!1s0x864735067d2ad093:0x2181088eb9efa1d3!8m2!3d30.132457799999997!4d-95.44153229999999"
Champion Inn,,,"10000 US-59, Shepherd, TX 77371",Shepherd,77371,Texas,30.4448664,-95.0304337,https://lh3.googleusercontent.com/p/AF1QipNUP59x1C9SrRTvko8MdSL7pxO0PRd_o3euwY38=w800-h500-k-no,,OPERATIONAL,,"https://www.google.com/maps/place/Champion+Inn/@30.4448664,-95.03043369999999,14z/data=!4m8!1m2!2m1!1sChampion+Inn!3m4!1s0x86389fb3b187f5ed:0xd65960718e4c849a!8m2!3d30.4448664!4d-95.03043369999999"
Burroughs Dog Park,,,"9738 Hufsmith Rd, Tomball, TX 77375",Tomball,77375,Texas,30.1379224,-95.579087,https://lh3.googleusercontent.com/gps-cs-s/AC9h4nrNgS9pOgj76JUt3HLPcdC--O0_mPYPQgm6p3uOWYvX_taWYbgyQW-9FPdfFlo8reKnUgbdTVvjjWhTCiG75HSL4Ek_tySwHQwCWxkp6VQl9pWgerHQ3Sj-jjFTQSc9p6QIcodGXQ=w800-h500-k-no,"{""Sunday"": ""6:30AM-9PM"", ""Monday"": ""6:30AM-9PM"", ""Tuesday"": ""6:30AM-9PM"", ""Wednesday"": ""6:30AM-9PM"", ""Thursday"": ""6:30AM-9PM"", ""Friday"": ""6:30AM-9PM"", ""Saturday"": ""6:30AM-9PM""}",OPERATIONAL,,"https://www.google.com/maps/place/Burroughs+Dog+Park/@30.137922399999997,-95.579087,14z/data=!4m8!1m2!2m1!1sBurroughs+Dog+Park!3m4!1s0x8640d4ae948f6759:0xda49c4871336642b!8m2!3d30.137922399999997!4d-95.579087"
Work and Woof,http://www.workandwoofatx.com/,+1 512-460-1488,"4930 S Congress Ave building a, Austin, TX 78745",Austin,78745,Texas,30.2127573,-97.7715521,https://lh3.googleusercontent.com/p/AF1QipM0GoyLcFTV90t8MlhxooBL4JT4rhfrUnJY9qB8=w800-h500-k-no,"{""Sunday"": ""Closed"", ""Monday"": ""7AM-7PM"", ""Tuesday"": ""7AM-7PM"", ""Wednesday"": ""7AM-7PM"", ""Thursday"": ""7AM-7PM"", ""Friday"": ""7AM-7PM"", ""Saturday"": ""10AM-4PM""}",OPERATIONAL,"Work and Woof is a membership based Coworking Space, Daycare and Indoor/Outdoor playground for humans and dogs alike!","https://www.google.com/maps/place/Work+and+Woof/@30.2127573,-97.7715521,14z/data=!4m8!1m2!2m1!1sWork+and+Woof!3m4!1s0x8644b550fb1dfc97:0x1ff3807304fdf64a!8m2!3d30.2127573!4d-97.7715521"
Dog Park at Love's Travel Stops,https://www.loves.com/dogparks,+1 936-856-5085,"9600 Longstreet Rd, Willis, TX 77318",Willis,77318,Texas,30.4371702,-95.4973127,https://lh3.googleusercontent.com/gps-cs-s/AC9h4npVy5CR3iarw2Jw-eLa8UWMajWtrMP_9PNke4jX3atyR6oEqb1JcPzzSnMUAdyq8GFwuHtVYTG63XhvG4sVrzsAmOjWw3uJ7ZyhcQXZVvTybB3NIVicdGpwWPBL1GwUA_FZwgE=w800-h500-k-no,"{""Sunday"": ""Open 24 hours"", ""Monday"": ""Open 24 hours"", ""Tuesday"": ""Open 24 hours"", ""Wednesday"": ""Open 24 hours"", ""Thursday"": ""Open 24 hours"", ""Friday"": ""Open 24 hours"", ""Saturday"": ""Open 24 hours""}",OPERATIONAL,,"https://www.google.com/maps/place/Dog+Park+at+Love%27s+Travel+Stops/@30.437170199999997,-95.4973127,14z/data=!4m8!1m2!2m1!1sDog+Park+at+Love%27s+Travel+Stops!3m4!1s0x864717d9841caa9f:0x4d081d5463f1b8a!8m2!3d30.437170199999997!4d-95.4973127"
Meyer Dog Park,,+1 281-353-8100,"16199 Stuebner Airline Rd, Spring, TX 77379",Spring,77379,Texas,30.0115035,-95.5187544,https://lh3.googleusercontent.com/gps-cs-s/AC9h4nqi5jcNmI345M5HJYUjSeYkL8kScuoRMsUffIXQUDrv2KQ8MZcGcL4DmEuIoUbfNwE6kUvlT0PhLKTHZx4-ap3x51EvpB474ADy-uNHLb7hyX1OYto6vJr9LvHrbaR9LpOcuh0=w800-h500-k-no,"{""Sunday"": ""7AM-9PM"", ""Monday"": ""7AM-9PM"", ""Tuesday"": ""7AM-9PM"", ""Wednesday"": ""7AM-9PM"", ""Thursday"": ""7AM-9PM"", ""Friday"": ""7AM-9PM"", ""Saturday"": ""7AM-9PM""}",OPERATIONAL,,"https://www.google.com/maps/place/Meyer+Dog+Park/@30.0115035,-95.51875439999999,14z/data=!4m8!1m2!2m1!1sMeyer+Dog+Park!3m4!1s0x8640cce24c8b31ab:0x881722a028b8dff1!8m2!3d30.0115035!4d-95.51875439999999"
Gleannloch Farms Bark Park,http://www.gleannlochfarmsca.org/bark-park-access/,,"Spring, TX 77379",Spring,77379,Texas,30.0475905,-95.5696563,https://lh3.googleusercontent.com/gps-cs-s/AC9h4nom2Gw6rQROeM847_bpStUETn0auyHUeQgvUhQ66VqN0RkFqo4k2LUG1mIG7SqoT6ygYG_cl2u3pGc6rrwncrvWDFYDyOodc44YCGX2JbiWXgj9woNq6ZhndPjFriK2T8H1lLdllA=w800-h500-k-no,"{""Sunday"": ""6AM-8PM"", ""Monday"": ""6AM-8PM"", ""Tuesday"": ""6AM-8PM"", ""Wednesday"": ""6AM-8PM"", ""Thursday"": ""6AM-8PM"", ""Friday"": ""6AM-8PM"", ""Saturday"": ""6AM-8PM""}",OPERATIONAL,,"https://www.google.com/maps/place/Gleannloch+Farms+Bark+Park/@30.0475905,-95.56965629999999,14z/data=!4m8!1m2!2m1!1sGleannloch+Farms+Bark+Park!3m4!1s0x86472d53de7de3f3:0x2c6acdb128554474!8m2!3d30.0475905!4d-95.56965629999999"
Springwoods Village Dog Park,https://springwoodsvillage.com/amenities/parks-and-trails/,,"2323 E Mossy Oaks Rd, Spring, TX 77389",Spring,77389,Texas,30.0908149,-95.4519429,https://lh3.googleusercontent.com/gps-cs-s/AC9h4npOk83wE5UjzU4oMV-DkGm449lcdIx7_fpLGP_j1bxgjiEGAcpNIfviek3E8ERyAYJNDKWbtoQ1XyK-hk_K893vWvuTvw6hJPyJMEilWR5TLalXFQWECZRDE71GOgTct5WCvnoJ=w800-h500-k-no,,OPERATIONAL,,"https://www.google.com/maps/place/Springwoods+Village+Dog+Park/@30.090814899999998,-95.45194289999999,14z/data=!4m8!1m2!2m1!1sSpringwoods+Village+Dog+Park!3m4!1s0x864735dd37c35263:0xb792f0ee29541046!8m2!3d30.090814899999998!4d-95.45194289999999"
Rummy's Beach Club,https://rummysbeachclub.com/,+1 713-446-3805,"22111 Fields Ln, Spring, TX 77389",Spring,77389,Texas,30.085964,-95.503757,https://lh3.googleusercontent.com/p/AF1QipOymA8JQ6dpJ5TKHzXCiYEuapk4Dl71fMa8P7-K=w800-h500-k-no,"{""Sunday"": ""8AM-5PM"", ""Monday"": ""Closed"", ""Tuesday"": ""8AM-5PM"", ""Wednesday"": ""Closed"", ""Thursday"": ""Closed"", ""Friday"": ""8AM-5PM"", ""Saturday"": ""8AM-5PM""}",OPERATIONAL,,"https://www.google.com/maps/place/Rummy%27s+Beach+Club/@30.085963999999997,-95.503757,14z/data=!4m8!1m2!2m1!1sRummy%27s+Beach+Club!3m4!1s0x8647330bdc3391f7:0x3c782b8bab45f340!8m2!3d30.085963999999997!4d-95.503757"
K9 Clubhouse Dog Day Care The Woodlands,https://www.k9clubhousetx.com/?utm_source=GMB-profile,+1 346-268-0314,"26515 Border St B-1, Spring, TX 77373",Spring,77373,Texas,30.0811715,-95.4237822,https://lh3.googleusercontent.com/p/AF1QipNoYN4DftQPl6-o-n_wEYMd03AoYia_IZFw8IqO=w800-h500-k-no,"{""Sunday"": ""Open 24 hours"", ""Monday"": ""Open 24 hours"", ""Tuesday"": ""Open 24 hours"", ""Wednesday"": ""Open 24 hours"", ""Thursday"": ""Open 24 hours"", ""Friday"": ""Open 24 hours"", ""Saturday"": ""Open 24 hours""}",OPERATIONAL,,"https://www.google.com/maps/place/K9+Clubhouse+Dog+Day+Care+The+Woodlands/@30.0811715,-95.42378219999999,14z/data=!4m8!1m2!2m1!1sK9+Clubhouse+Dog+Day+Care+The+Woodlands!3m4!1s0x8647354725c46e15:0x90056797a273d0b8!8m2!3d30.0811715!4d-95.42378219999999"
Bibi & Mini-Me Bush Dog Park,https://www.pct3.com/Explore/Parks,+1 713-274-0930,"4129 Spring Creek Dr, Spring, TX 77373",Spring,77373,Texas,30.082298,-95.3785472,https://lh3.googleusercontent.com/gps-cs-s/AC9h4nprLF7M76s1IWfjqdXJOIASBMMJUAkhVsy1sgjKN5oq87yx6kHnSql5h7YXx9qExphCHAIdrZ8G5GeQRX8Tz_plo2bF4T_eA1sxvI9kF-USZYTJPwvTJqn3knTPf9xRITMuA6LmmQ=w800-h500-k-no,"{""Sunday"": ""8AM-6:30PM"", ""Monday"": ""8AM-6:30PM"", ""Tuesday"": ""8AM-8PM"", ""Wednesday"": ""8AM-8PM"", ""Thursday"": ""8AM-8PM"", ""Friday"": ""8AM-8PM"", ""Saturday"": ""8AM-8PM""}",OPERATIONAL,,"https://www.google.com/maps/place/Bibi+%26+Mini-Me+Bush+Dog+Park/@30.082297999999998,-95.3785472,14z/data=!4m8!1m2!2m1!1sBibi+%26+Mini-Me+Bush+Dog+Park!3m4!1s0x86474a91f2e0736f:0xe6cd3d77e6760400!8m2!3d30.082297999999998!4d-95.3785472"
Cattail Park Dog Park,,,"Cattail Park, 9323 Cochrans Crossing Dr, The Woodlands, TX 77381",The Woodlands,77381,Texas,30.1946067,-95.5271594,https://lh3.googleusercontent.com/gps-cs-s/AC9h4noN0Pov0a8TWZvrkIEjl3Uwbja15RAhUWzQB3nRqhpJBHo3iuuHPW8mO1y-9NpBHwjExnamuxe0OoqQHFNV3k7HV-YcnYPL1Z_oYZMHxtUnRqkTOxx2xJYhnxyFggyedusfOyU=w800-h500-k-no,,OPERATIONAL,,"https://www.google.com/maps/place/Cattail+Park+Dog+Park/@30.194606699999998,-95.5271594,14z/data=!4m8!1m2!2m1!1sCattail+Park+Dog+Park!3m4!1s0x8647310ec301d5c3:0xc8740e206608a745!8m2!3d30.194606699999998!4d-95.5271594"
Bear Branch Dog Park,,,"5200 Research Forest Dr, The Woodlands, TX 77381",The Woodlands,77381,Texas,30.1920789,-95.4912248,https://lh3.googleusercontent.com/gps-cs-s/AC9h4no1GYso5MF8OD7Ij830CAY_bXEzoXUsPp8c6NCzR7tHbc2vJm5BNe7h__JIRVbIOtA-SpqAiRN-DRrFr9aOQ6_NRFbmxrtoqEMLkn1ftXJgwWMLIXWZytlHW3Ct4wfZLUWGCCzJ6Q=w800-h500-k-no,,OPERATIONAL,,"https://www.google.com/maps/place/Bear+Branch+Dog+Park/@30.1920789,-95.4912248,14z/data=!4m8!1m2!2m1!1sBear+Branch+Dog+Park!3m4!1s0x8647317f0632ce6f:0xe0fd414309a68016!8m2!3d30.1920789!4d-95.4912248"
Rob Fleming Dog Park,,,"6535 Creekside Forest Dr, Spring, TX 77389",Spring,77389,Texas,30.1472354,-95.5189584,https://lh3.googleusercontent.com/gps-cs-s/AC9h4no7FmgW9nx-blU7tsCtwZvfyfaBTMcwvPkZDFg4nzo2gQRmAfd5rgIdkqYwPsYOHCwVsrZAiSKBiWqlD1EHxvAn8wNguA2oMCweqBzhRHVXVBJJYMNVrpRrnF4eEFnj1AGzOhu4Qw=w800-h500-k-no,"{""Sunday"": ""Open 24 hours"", ""Monday"": ""12-8AM,11AM-12AM"", ""Tuesday"": ""Open 24 hours"", ""Wednesday"": ""Open 24 hours"", ""Thursday"": ""Open 24 hours"", ""Friday"": ""Open 24 hours"", ""Saturday"": ""Open 24 hours""}",OPERATIONAL,,"https://www.google.com/maps/place/Rob+Fleming+Dog+Park/@30.1472354,-95.5189584,14z/data=!4m8!1m2!2m1!1sRob+Fleming+Dog+Park!3m4!1s0x8647313a4950945b:0x786be4c5117db7c3!8m2!3d30.1472354!4d-95.5189584"
Grand Central Lake House Dog Park,,,"1075 Town Park Dr, Conroe, TX 77304",Conroe,77304,Texas,30.267394,-95.472044,https://lh3.googleusercontent.com/gps-cs-s/AC9h4nq5cOGzdfl2MJSwrQdqYZBXidRxRMPZMp4I8ZFwxxGrLanYdvhktn3NRVU5aS5F5QX519DCBm2y1WGwaqx7sOLi-XVh-3IGu9l_s2kL0rMKei_0G0x4o7Zfcmku9_2OMpmoFm_-EQ=w800-h500-k-no,,OPERATIONAL,,"https://www.google.com/maps/place/Grand+Central+Lake+House+Dog+Park/@30.267394,-95.472044,14z/data=!4m8!1m2!2m1!1sGrand+Central+Lake+House+Dog+Park!3m4!1s0x8647390015d62053:0x95850142a136f57f!8m2!3d30.267394!4d-95.472044"
Kristydogdaycaredogwalker,,+1 713-437-9713,"16898 Canary St, Conroe, TX 77385",Conroe,77385,Texas,30.2140096,-95.4321603,https://lh3.googleusercontent.com/p/AF1QipOGU9OACPXzHEK3aPBJ7HBYuYmzjCMb_mQx2nUv=w800-h500-k-no,"{""Sunday"": ""6AM-6PM"", ""Monday"": ""7AM-7PM"", ""Tuesday"": ""7AM-7PM"", ""Wednesday"": ""7AM-7PM"", ""Thursday"": ""7AM-7PM"", ""Friday"": ""7AM-7PM"", ""Saturday"": ""6AM-6PM""}",OPERATIONAL,,"https://www.google.com/maps/place/Kristydogdaycaredogwalker/@30.214009599999997,-95.43216029999999,14z/data=!4m8!1m2!2m1!1sKristydogdaycaredogwalker!3m4!1s0x8647378d1e3ea2fd:0x6f8248c15d0913b4!8m2!3d30.214009599999997!4d-95.43216029999999"
Dogtopia of The Woodlands North,https://www.dogtopia.com/thewoodlandsnorth/,+1 832-308-3664,"463 FM 1488, Conroe, TX 77384",Conroe,77384,Texas,30.2355772,-95.4652113,https://lh3.googleusercontent.com/p/AF1QipNpS_4nWN9lPono2LLOtATEim0Si5M82J83p9UX=w800-h500-k-no,"{""Sunday"": ""12-4PM"", ""Monday"": ""6:30AM-7PM"", ""Tuesday"": ""6:30AM-7PM"", ""Wednesday"": ""6:30AM-7PM"", ""Thursday"": ""6:30AM-7PM"", ""Friday"": ""6:30AM-7PM"", ""Saturday"": ""8AM-4PM""}",OPERATIONAL,,"https://www.google.com/maps/place/Dogtopia+of+The+Woodlands+North/@30.235577199999998,-95.46521129999999,14z/data=!4m8!1m2!2m1!1sDogtopia+of+The+Woodlands+North!3m4!1s0x86473960212c3301:0xf10e511fbaa39965!8m2!3d30.235577199999998!4d-95.46521129999999"
Harper's Landing Dog Park,,,"Conroe, TX 77385",Conroe,77385,Texas,30.2177671,-95.4453253,https://lh3.googleusercontent.com/gps-cs-s/AC9h4nrDp_eTPAI1whcjyV5sUuUyGbh5pMczmOck24qYPUA2TTJ3PKj6u9860nMuqLS6NZo5ADJwT2ZmdPqFSE4o7A3Lx7cPoklKe4gH6mrXECRiauJMRoCCLvUCddhMXAKfB4P7BYkm=w800-h500-k-no,"{""Sunday"": ""7AM-9PM"", ""Monday"": ""7AM-9PM"", ""Tuesday"": ""7AM-9PM"", ""Wednesday"": ""7AM-9PM"", ""Thursday"": ""7AM-9PM"", ""Friday"": ""7AM-9PM"", ""Saturday"": ""7AM-9PM""}",OPERATIONAL,,"https://www.google.com/maps/place/Harper%27s+Landing+Dog+Park/@30.2177671,-95.4453253,14z/data=!4m8!1m2!2m1!1sHarper%27s+Landing+Dog+Park!3m4!1s0x8647377015f9438f:0x4ab320a30f7c8ba6!8m2!3d30.2177671!4d-95.4453253"
HCMUD dog park,,,"4114 Great Forest Ct, Humble, TX 77346",Humble,77346,Texas,29.9643514,-95.2068225,https://lh3.googleusercontent.com/gps-cs-s/AC9h4npp9G2mAD388b0kDsxp2RxYxozM0180bH3WGWyVnK6i2ULmgns1YRRnVHau2lj68OFA2AIlb3QpEaMnfJ3rUPi5QdCd2MMjZ6g4n9Lp_jbvQKgssyuStnQnppflPmuO7onToihRvg=w800-h500-k-no,,OPERATIONAL,,"https://www.google.com/maps/place/HCMUD+dog+park/@29.964351399999998,-95.2068225,14z/data=!4m8!1m2!2m1!1sHCMUD+dog+park!3m4!1s0x8640ad71c3dac5db:0xbddc097cb48fb011!8m2!3d29.964351399999998!4d-95.2068225"
Trail of the Lakes MUD Dog Park,,,"Humble, TX 77396",Humble,77396,Texas,29.9639666,-95.2063596,https://lh3.googleusercontent.com/gps-cs-s/AC9h4nqdKibuymhxv3-0jmWPjcLp_j6S7qjQOARC-iIfyjrgNjT5uZBglPzbYvHXiCcbpeVh9rLWjcEw_yrR2OcQdcUawDuclS6bqXdDa1NbzMAZfWRv0OffYNGzKb_qO2B7Ihh6JaaOCg=w800-h500-k-no,,OPERATIONAL,,"https://www.google.com/maps/place/Trail+of+the+Lakes+MUD+Dog+Park/@29.9639666,-95.2063596,14z/data=!4m8!1m2!2m1!1sTrail+of+the+Lakes+MUD+Dog+Park!3m4!1s0x8640ade59ccc2395:0x9880ba9362e649fd!8m2!3d29.9639666!4d-95.2063596"
Z Bonz Dog Park,,,"6950 Camp Bowie W Blvd, Fort Worth, TX 76116",Fort Worth,76116,Texas,32.7221055,-97.4375527,https://lh3.googleusercontent.com/gps-cs-s/AC9h4npMdgTpFV_PG-RM93bkNL2sb7rV1flkG9rqRFhHZbUWzBBBipBxV_oU-svS6fKUSPcmGLFPa9gZwaXjOs0uhG08CXxUXKbCWv3MYOXDezws3qJeDaraJ6V3OEs6l0syDWQZz158qA=w800-h500-k-no,"{""Sunday"": ""5:30AM-11:30PM"", ""Monday"": ""5:30AM-11:30PM"", ""Tuesday"": ""5:30AM-11:30PM"", ""Wednesday"": ""Closed"", ""Thursday"": ""5:30AM-11:30PM"", ""Friday"": ""5:30AM-11:30PM"", ""Saturday"": ""5:30AM-11:30PM""}",OPERATIONAL,,"https://www.google.com/maps/place/Z+Bonz+Dog+Park/@32.7221055,-97.4375527,14z/data=!4m8!1m2!2m1!1sZ+Bonz+Dog+Park!3m4!1s0x864e72d548c72f13:0xd367a765d22af774!8m2!3d32.7221055!4d-97.4375527"
Officer Lucy Dog Park,https://www.bellairetx.gov/739/Dog-Park,+1 713-662-8280,"4300 Edith St, Bellaire, TX 77401",Bellaire,77401,Texas,29.6909746,-95.4477182,https://lh3.googleusercontent.com/gps-cs-s/AC9h4nosidEOeF6pRVEmYUquNlXFyvZ_IhHecOHdytS2rBWLtr0Gl16AT8PdsLm9RT_oeOhAV-aPE-LAkHcnsFKFIoRMLvcmM0sG3lE1F_BioMBHFI5NpZ-71n_w9sMFu16Fh8JjQrvn=w800-h500-k-no,"{""Sunday"": ""5AM-9:30PM"", ""Monday"": ""5AM-9:30PM"", ""Tuesday"": ""5AM-9:30PM"", ""Wednesday"": ""5AM-9:30PM"", ""Thursday"": ""5AM-9:30PM"", ""Friday"": ""5AM-9:30PM"", ""Saturday"": ""5AM-9:30PM""}",OPERATIONAL,,"https://www.google.com/maps/place/Officer+Lucy+Dog+Park/@29.690974599999997,-95.4477182,14z/data=!4m8!1m2!2m1!1sOfficer+Lucy+Dog+Park!3m4!1s0x8640c1c5128b8b75:0x82aee4887126e619!8m2!3d29.690974599999997!4d-95.4477182"
Dog park,http://www.pct3.com/dog-parks/#danny-jackson-family-dog-park,+1 281-496-2177,"4717-4883 Westpark Dr, Houston, TX 77027",Houston,77027,Texas,29.7262171,-95.4573133,https://lh3.googleusercontent.com/gps-cs-s/AC9h4nqzd6VKhy-L0L4CWVWx2m1jgVeJ-cCMcMC5y9GLHzjz44JetY6F0phQJK3rFjzThc2Rabe6hNiSBJlQQCDPwn6lOcoRIrlKdw41CCkNSrutoc8fErDDZwWrmcECgFYpXU0ygSqF=w800-h500-k-no,"{""Sunday"": ""5AM-10PM"", ""Monday"": ""5AM-10PM"", ""Tuesday"": ""5AM-10PM"", ""Wednesday"": ""5AM-10PM"", ""Thursday"": ""5AM-10PM"", ""Friday"": ""5AM-10PM"", ""Saturday"": ""5AM-10PM""}",OPERATIONAL,,"https://www.google.com/maps/place/Dog+park/@29.7262171,-95.4573133,14z/data=!4m8!1m2!2m1!1sDog+park!3m4!1s0x8640c174d727a997:0x3dbaae87726187e6!8m2!3d29.7262171!4d-95.4573133"
Danny Jackson Family Bark Park,,+1 281-496-2177,"4828 1/2 Loop Central Dr, Houston, TX 77081",Houston,77081,Texas,29.726271,-95.457111,https://lh3.googleusercontent.com/gps-cs-s/AC9h4noSz9VhcUviiAn4xMGxEl2P46kJ0CqabDH98j5b0VyL9jBHqd_lt95pcWiV8qrY1QG8SdJFk--I8H2hwq_NHAjTV5pyHWr47jZXznD7I98HeDwnS1IZ4Z5P9VDgKcusu_5WwPMy=w800-h500-k-no,"{""Sunday"": ""5AM-10PM"", ""Monday"": ""5AM-10PM"", ""Tuesday"": ""5AM-10PM"", ""Wednesday"": ""5AM-10PM"", ""Thursday"": ""5AM-10PM"", ""Friday"": ""5AM-10PM"", ""Saturday"": ""5AM-10PM""}",OPERATIONAL,"Green space for off-leash dogs with sections for small & large pups, plus a dog swimming pool.","https://www.google.com/maps/place/Danny+Jackson+Family+Bark+Park/@29.726270999999997,-95.457111,14z/data=!4m8!1m2!2m1!1sDanny+Jackson+Family+Bark+Park!3m4!1s0x8640c10afa0f8585:0x6a3ef736eb6e15ca!8m2!3d29.726270999999997!4d-95.457111"
Park for Humans and Dogs,,,"901 Sawyer St, Houston, TX 77007",Houston,77007,Texas,29.7672958,-95.3830718,https://lh3.googleusercontent.com/gps-cs-s/AC9h4noqM_pw7c6ynLaT97GdXn7V7cUgNrgkF1HVM9AOGseRKxc3GPTcF6D2nsyPISVZJg0esj_rQVv1JDCPBBrFZUgDnuLpSPZe5XcDoE2kiVBOulHUW3eFrey4RmYsGkxrm1cA7rQ=w800-h500-k-no,,OPERATIONAL,,"https://www.google.com/maps/place/Park+for+Humans+and+Dogs/@29.7672958,-95.3830718,14z/data=!4m8!1m2!2m1!1sPark+for+Humans+and+Dogs!3m4!1s0x8640bf4de5576d89:0x7d70ce53dcce381f!8m2!3d29.7672958!4d-95.3830718"
Congressman Bill Archer Dog Park,https://cp4.harriscountytx.gov/dogparks,+1 281-353-8100,"3201 Hwy 6, Houston, TX 77084",Houston,77084,Texas,29.816841,-95.6468818,https://lh3.googleusercontent.com/gps-cs-s/AC9h4npcn7ukHuURFvUsbqBb6wzqar-Jo5gHkUZWDCRpWtcuRlpc55VBTiS3uLBYhf3UW2ocyaWhudocsDeA0YclHI786K-wXSCa6-aEhrDdv1yskn31gtGTxCotiit_SkQ0gzgTq893iw=w800-h500-k-no,"{""Sunday"": ""7AM-8:30PM"", ""Monday"": ""7AM-8:30PM"", ""Tuesday"": ""7AM-8:30PM"", ""Wednesday"": ""7AM-8:30PM"", ""Thursday"": ""7AM-8:30PM"", ""Friday"": ""7AM-8:30PM"", ""Saturday"": ""7AM-8:30PM""}",OPERATIONAL,"Dog park split in 2 sections by dog size, offering walking trails, agility courses & wash stations.","https://www.google.com/maps/place/Congressman+Bill+Archer+Dog+Park/@29.816841,-95.6468818,14z/data=!4m8!1m2!2m1!1sCongressman+Bill+Archer+Dog+Park!3m4!1s0x8640d98792729063:0xdf8edccea5fc13e!8m2!3d29.816841!4d-95.6468818"
Bark Park,,,"4700 Westpark Dr, Houston, TX 77027",Houston,77027,Texas,29.7262458,-95.4551651,https://lh3.googleusercontent.com/gps-cs-s/AC9h4nq99fq_gaSi5HfvvBBQZjaTVaG-_6ZnAZ_aYNNUwpkagO5JcpwghZdWwGWcZ7M1aQLPRJkbAH0qj8KwLAcxhQYhX_DZkpRNeKT7HpTzItulM6yFZhvCNBRy5FAzE2PbPnZSmfcQ=w800-h500-k-no,"{""Sunday"": ""5AM-10PM"", ""Monday"": ""5AM-10PM"", ""Tuesday"": ""5AM-10PM"", ""Wednesday"": ""5AM-10PM"", ""Thursday"": ""5AM-10PM"", ""Friday"": ""5AM-10PM"", ""Saturday"": ""5AM-10PM""}",OPERATIONAL,,"https://www.google.com/maps/place/Bark+Park/@29.726245799999997,-95.4551651,14z/data=!4m8!1m2!2m1!1sBark+Park!3m4!1s0x8640c10b07c52c7b:0x9c8d1ecae9684fbf!8m2!3d29.726245799999997!4d-95.4551651"
Millie Bush Dog Park,https://cp4.harriscountytx.gov/dogparks,+1 281-353-8100,"16101 Westheimer Rd, Houston, TX 77082",Houston,77082,Texas,29.7265593,-95.6686648,https://lh3.googleusercontent.com/gps-cs-s/AC9h4npfLa_0BTULy-5a7QrUq9xYiu2HXOGu4omHI9sZlBArlnmRYEzHF5OWbRj3AaYR6c_jKaBhAfZAuYMFDe_gls1TAbI_dGpx85qjzz0TSXPpA86MmOkJPTL747ZR6Kcgc2whmNOe=w800-h500-k-no,"{""Sunday"": ""7AM-7:30PM"", ""Monday"": ""7AM-7:30PM"", ""Tuesday"": ""7AM-7:30PM"", ""Wednesday"": ""7AM-7:30PM"", ""Thursday"": ""7AM-7:30PM"", ""Friday"": ""7AM-7:30PM"", ""Saturday"": ""7AM-7:30PM""}",OPERATIONAL,"Separate areas for small & large dogs, plus a walking trail, ponds & a dog shower.","https://www.google.com/maps/place/Millie+Bush+Dog+Park/@29.726559299999998,-95.6686648,14z/data=!4m8!1m2!2m1!1sMillie+Bush+Dog+Park!3m4!1s0x8640de98e738f4f1:0xc531d640129b2793!8m2!3d29.726559299999998!4d-95.6686648"
Danny Jackson dog park,,,"4828 Loop Central Dr, Houston, TX 77081",Houston,77081,Texas,29.7250853,-95.4550507,https://streetviewpixels-pa.googleapis.com/v1/thumbnail?panoid=zU6VpaKuhMgoeM9jpPkbGg&cb_client=search.gws-prod.gps&w=800&h=500&yaw=345.81137&pitch=0&thumbfov=100,,OPERATIONAL,,"https://www.google.com/maps/place/Danny+Jackson+dog+park/@29.7250853,-95.4550507,14z/data=!4m8!1m2!2m1!1sDanny+Jackson+dog+park!3m4!1s0x8640c10040a580b9:0xcbefbecb964609cc!8m2!3d29.7250853!4d-95.4550507"
Dogtopia of Galleria - Houston,https://www.dogtopia.com/houston-galleria/,+1 346-209-2720,"6240 Westheimer Rd, Houston, TX 77057",Houston,77057,Texas,29.73804,-95.49427,https://lh3.googleusercontent.com/p/AF1QipPUlUzFKyDRC0IWeOTnmul2PtJGJgYU8KeZkVfu=w800-h500-k-no,"{""Sunday"": ""12-2PM"", ""Monday"": ""6AM-7:30PM"", ""Tuesday"": ""6AM-7:30PM"", ""Wednesday"": ""6AM-7:30PM"", ""Thursday"": ""6AM-7:30PM"", ""Friday"": ""6AM-7:30PM"", ""Saturday"": ""7AM-7PM""}",OPERATIONAL,,"https://www.google.com/maps/place/Dogtopia+of+Galleria+-+Houston/@29.738039999999998,-95.49427,14z/data=!4m8!1m2!2m1!1sDogtopia+of+Galleria+-+Houston!3m4!1s0x8640c3c6b0069937:0x948262c2896ed950!8m2!3d29.738039999999998!4d-95.49427"
Barkway Dog Park,https://www.cityofbaycity.org/566/Barkway,,"1700 Avenue H, Bay City, TX 77414",Bay City,77414,Texas,28.9871296,-95.9675818,https://lh3.googleusercontent.com/gps-cs-s/AC9h4nqnpRYuhYAPw4USQ26gHrCVVPjmPXPM2RTWBD22wls0WpPrJ_M9JMIx_FdHPP3khr7Dnk3jsoJrTjmeg-svCkRho2CQ_2dUjKRvgB7W5UBV69JcEpxd-WcL7D9IXQcXnZQRXtn_=w800-h500-k-no,"{""Sunday"": ""8AM-8PM"", ""Monday"": ""8AM-8PM"", ""Tuesday"": ""8AM-8PM"", ""Wednesday"": ""8AM-8PM"", ""Thursday"": ""8AM-8PM"", ""Friday"": ""8AM-8PM"", ""Saturday"": ""8AM-8PM""}",OPERATIONAL,,"https://www.google.com/maps/place/Barkway+Dog+Park/@28.9871296,-95.96758179999999,14z/data=!4m8!1m2!2m1!1sBarkway+Dog+Park!3m4!1s0x8641b946d1f96155:0x7b32567d03f0f77!8m2!3d28.9871296!4d-95.96758179999999"
Harvest Green Dog Park,https://www.harvestgreentexas.com/news/4567/new-dog-park-unleashes-furry-fidos,,"602 Vineyard Hollow Ct, Richmond, TX 77406",Richmond,77406,Texas,29.6458508,-95.7168482,https://lh3.googleusercontent.com/gps-cs-s/AC9h4noc-P4uaI6R2vIl2nmxiguWvNf1W2ZNfKtJHcVPAttt9_ovk4UYKq50_k-HLwGvmpApaj_7jR8jB85eSjBEJ_6Fa_NUG1QgkKCLUhNmKMxvbnRP1NxUOTWEVsML-0qoUFM5NC57=w800-h500-k-no,,OPERATIONAL,,"https://www.google.com/maps/place/Harvest+Green+Dog+Park/@29.645850799999998,-95.7168482,14z/data=!4m8!1m2!2m1!1sHarvest+Green+Dog+Park!3m4!1s0x8640e1c37fa11d2d:0x1c247139a72f4392!8m2!3d29.645850799999998!4d-95.7168482"
Dogtopia of Cypress,https://www.dogtopia.com/cypress,+1 281-213-5780,"8931 Fry Rd Suite 800, Cypress, TX 77433",Cypress,77433,Texas,29.9126495,-95.7275056,https://lh3.googleusercontent.com/p/AF1QipPCECpuadczQ3ePAIWxXDQT6YyvNVdG3ioyvulJ=w800-h500-k-no,"{""Sunday"": ""10AM-5PM"", ""Monday"": ""7AM-7PM"", ""Tuesday"": ""7AM-7PM"", ""Wednesday"": ""7AM-7PM"", ""Thursday"": ""7AM-7PM"", ""Friday"": ""7AM-7PM"", ""Saturday"": ""10AM-5PM""}",OPERATIONAL,"Dogtopia of Cypress is the ultimate destination for dog daycare, boarding, and spa services in Cypress. Our fully supervised, open-play environment gives your pup a safe and fun space to exercise, socialize, and thrive. With spacious indoor playrooms and our certified Canine Coaches guiding every play session, we focus on your dog’s physical and mental well-being. Whether it's a day of play, an overnight stay, or a visit to our spa, we deliver personalized care and attention. Proudly serving dog parents throughout Cypress, Katy, Houston, Bridgeland, Towne Lake, Cypress Creek Lakes, Elyson, Miramesa, Marvida, Fairfield, Dogtopia is committed to creating a clean, safe, and nurturing environment where dogs can live their best lives.","https://www.google.com/maps/place/Dogtopia+of+Cypress/@29.912649499999997,-95.7275056,14z/data=!4m8!1m2!2m1!1sDogtopia+of+Cypress!3m4!1s0x8640d7114d19bb29:0x1c62a0d26b5f65f!8m2!3d29.912649499999997!4d-95.7275056"
Houston Bark Park and Daycare,http://www.houstonbarkparkec.com/,+1 832-328-5844,"3663 S Dairy Ashford Rd, Houston, TX 77082",Houston,77082,Texas,29.7194689,-95.6043156,https://lh3.googleusercontent.com/gps-cs-s/AC9h4noD6N6q_Z4rBdyfmywsnHTuB_lxO1v9VLkq_byE0qZojGwKs05hfjl-mluU_FIMeWEuaEz0jyy4QrfRDjUxi4cewcuTxu4u4L70TW3D_FgGg7tJYH8BaXJTDFIOxHQ7j1Awo3HqWOs_IGLJ=w800-h500-k-no,"{""Sunday"": ""8-11AM,1-5PM"", ""Monday"": ""6:30-11:15AM,1:30-7PM"", ""Tuesday"": ""6:30-11:15AM,1:30-7PM"", ""Wednesday"": ""6:30-11:15AM,1:30-7PM"", ""Thursday"": ""6:30-11:15AM,1:30-7PM"", ""Friday"": ""6:30-11:15AM,1:30-7PM"", ""Saturday"": ""8-11AM,1-5PM""}",OPERATIONAL,"Houston's #1 Dog Daycare & Boarding. Discover the perfect Houston-area doggy daycare destination at Houston Bark Park and Daycare at our Heights locations! Our spacious park offers plenty of room for dogs to run, play and socialize with other dogs while under the supervision of our experienced staff. We also provide a clean and safe indoor doggy daycare facility, perfect for those rainy days. Our facility is equipped with air conditioning and heating to ensure your pooch stays comfortable year-round. With a focus on providing high-quality care and personalized attention, your pet is sure to have a paw-some time at our Houston-area doggy daycare, Houston Bark Park and Daycare.","https://www.google.com/maps/place/Houston+Bark+Park+and+Daycare/@29.7194689,-95.60431559999999,14z/data=!4m8!1m2!2m1!1sHouston+Bark+Park+and+Daycare!3m4!1s0x8640dc55798d21fd:0xa368d8e981db20ae!8m2!3d29.7194689!4d-95.60431559999999"
PlayStayTion Pet Resort & Training,http://www.playstaytionpetresort.com/,+1 903-207-4408,"150 E Greer Rd, Sadler, TX 76264",Sadler,76264,Texas,33.7948608,-96.8610458,https://lh3.googleusercontent.com/p/AF1QipNPm5A_bByiUKRvWrrP1LMEQSl6A4lcmZTqwvFs=w800-h500-k-no,"{""Sunday"": ""8AM-5PM"", ""Monday"": ""8AM-5PM"", ""Tuesday"": ""8AM-5PM"", ""Wednesday"": ""8AM-5PM"", ""Thursday"": ""8AM-5PM"", ""Friday"": ""8AM-5PM"", ""Saturday"": ""8AM-5PM""}",OPERATIONAL,"PlayStayTion Pet Resort & Training is a 5 Star Dog Boarding, Grooming and Training Facility in Beautiful North Texas. Every room has indoor/outdoor access to private patios. We offer an amazing array of activities that dog's love for free! Our training is the best in the country. We use all positive reinforcement-no choke, prong or electric collars and offer a lifetime support guarantee.","https://www.google.com/maps/place/PlayStayTion+Pet+Resort+%26+Training/@33.794860799999995,-96.8610458,14z/data=!4m8!1m2!2m1!1sPlayStayTion+Pet+Resort+%26+Training!3m4!1s0x864cf12d85332c4f:0x47a3bc34c6fc80df!8m2!3d33.794860799999995!4d-96.8610458"
BASF Dog Park,,+1 979-297-4533,"91 Lake Rd, Lake Jackson, TX 77566",Lake Jackson,77566,Texas,29.0257122,-95.4574914,https://lh3.googleusercontent.com/gps-cs-s/AC9h4nqVuuRyNtmnONjtErcYLtfPO8NcTImUO9GYelYcELDNSda-jA5prybGtG0PVsvTiYAS3hojWkSULiB70VWbZHfHixBqVmS1QrGxecAqFVhVlssuHXeDp9EQ63kS6QSGlNKsPh6r=w800-h500-k-no,"{""Sunday"": ""6AM-8:30PM"", ""Monday"": ""6AM-8:30PM"", ""Tuesday"": ""6AM-8:30PM"", ""Wednesday"": ""Closed"", ""Thursday"": ""6AM-8:30PM"", ""Friday"": ""6AM-8:30PM"", ""Saturday"": ""6AM-8:30PM""}",OPERATIONAL,The BASF Dog Park is closed for construction. Visit the Lake Jackson Parks website or social media pages for updates on the opening date.,"https://www.google.com/maps/place/BASF+Dog+Park/@29.025712199999997,-95.4574914,14z/data=!4m8!1m2!2m1!1sBASF+Dog+Park!3m4!1s0x8640417551d59571:0xae49694bcf4327b8!8m2!3d29.025712199999997!4d-95.4574914"
Chappell Hill Pet Resort,http://www.chappellhillpetresort.com/,+1 979-525-8432,"5176 Chadwick-Hogan Rd, Chappell Hill, TX 77426",Chappell Hill,77426,Texas,30.124849,-96.2997268,https://lh3.googleusercontent.com/p/AF1QipOIl5OSw8xzuwi_eavBcG5tZ27da3qLFdU297M3=w800-h500-k-no,"{""Sunday"": ""10AM-5PM"", ""Monday"": ""7:30AM-6PM"", ""Tuesday"": ""7:30AM-6PM"", ""Wednesday"": ""7:30AM-6PM"", ""Thursday"": ""7:30AM-6PM"", ""Friday"": ""7:30AM-6PM"", ""Saturday"": ""8AM-5PM""}",OPERATIONAL,"Veteran and Aggie Owned/Operated. With our facilities being on site at our home, we want customers to be assured their pets are safe and enjoying a peaceful, scenic retreat. We offer pet day care, boarding, and obedience/retriever training. Want more for your dog? Let them enjoy a swim, nature walk, or four-wheeler run. Full service grooming now available!","https://www.google.com/maps/place/Chappell+Hill+Pet+Resort/@30.124848999999998,-96.2997268,14z/data=!4m8!1m2!2m1!1sChappell+Hill+Pet+Resort!3m4!1s0x8646afd988c0a659:0x77a7d9584a1da93a!8m2!3d30.124848999999998!4d-96.2997268"
PRIVATE SniffSpot Paw Paradise Lake Dallas,https://www.sniffspot.com/listings/lake-dallas-tx/paw-paradise-at-lake-dallas-43676,,"Oak Cir, Hickory Creek, TX 75065",Hickory Creek,75065,Texas,33.1085598,-97.0218475,https://lh3.googleusercontent.com/p/AF1QipMZ-RLI0rF-6NcTYheKbnh0YHDu8nZLasEo8OFT=w800-h500-k-no,,OPERATIONAL,"Waterfront private Sniffspot on Lake Lewisville. Features large green spaces, direct leashed access to the lake and trails. Dogs adore all the sights and smells in the area, while owners can relax and enjoy the view. Here's to more joy, adventure and tail-wagging memories!
Book a fun time for your pups with the link below!","https://www.google.com/maps/place/PRIVATE+SniffSpot+Paw+Paradise+Lake+Dallas/@33.1085598,-97.02184749999999,14z/data=!4m8!1m2!2m1!1sPRIVATE+SniffSpot+Paw+Paradise+Lake+Dallas!3m4!1s0x864c332638bb734f:0xb286516efd31d0ca!8m2!3d33.1085598!4d-97.02184749999999"
Bridgeland Dog Park,,,"17330 E Creekside Bend Dr, Cypress, TX 77433",Cypress,77433,Texas,29.9475288,-95.7365819,https://streetviewpixels-pa.googleapis.com/v1/thumbnail?panoid=zID9zfZrDcRMm9Z19TkgSg&cb_client=search.gws-prod.gps&w=800&h=500&yaw=140.0589&pitch=0&thumbfov=100,,OPERATIONAL,,"https://www.google.com/maps/place/Bridgeland+Dog+Park/@29.947528799999997,-95.73658189999999,14z/data=!4m8!1m2!2m1!1sBridgeland+Dog+Park!3m4!1s0x86412b6be4031cf3:0xa63c709576742afd!8m2!3d29.947528799999997!4d-95.73658189999999"
Happy Tails Dog Park,,,"11321 Flying Admiral Dr, Cypress, TX 77433",Cypress,77433,Texas,29.9513382,-95.7838609,https://streetviewpixels-pa.googleapis.com/v1/thumbnail?panoid=TEa3QXbXAUhYO3xnsF3v8g&cb_client=search.gws-prod.gps&w=800&h=500&yaw=276.40546&pitch=0&thumbfov=100,,OPERATIONAL,,"https://www.google.com/maps/place/Happy+Tails+Dog+Park/@29.9513382,-95.7838609,14z/data=!4m8!1m2!2m1!1sHappy+Tails+Dog+Park!3m4!1s0x86412b0045e93fd5:0x17e0f5303801be5b!8m2!3d29.9513382!4d-95.7838609"
City of Lindale Dog Park,http://www.lindaletx.gov/,+1 903-882-6861,"Lindale, TX 75771",Lindale,75771,Texas,32.5209782,-95.4087758,https://lh3.googleusercontent.com/gps-cs-s/AC9h4noTdPBYcZLAr_NeHqnbdBkwznQ89j607au3YYfiDovoGg7UoNLIWt5LGTp9ujRwaL8CEKFGPpzX64VppJRvRy53-j8sCFLH13TfUpYzprUzLphE7jaMM2JH6cYvkfQGUc-qcD0w=w800-h500-k-no,,OPERATIONAL,,"https://www.google.com/maps/place/City+of+Lindale+Dog+Park/@32.5209782,-95.4087758,14z/data=!4m8!1m2!2m1!1sCity+of+Lindale+Dog+Park!3m4!1s0x8649bf4f3b391ab3:0x998eb413f94f9618!8m2!3d32.5209782!4d-95.4087758"
Circle Star Pet Resort,https://www.circlestarpetresort.com/,+1 903-469-4320,"6480 Farm to Market Rd 2339, Murchison, TX 75778",Murchison,75778,Texas,32.356869,-95.7039281,https://lh3.googleusercontent.com/p/AF1QipPUPlWTAA9a99hclJm36URfvzqRhqm30bpLGdyr=w800-h500-k-no,"{""Sunday"": ""9AM-4PM"", ""Monday"": ""7AM-7PM"", ""Tuesday"": ""7AM-7PM"", ""Wednesday"": ""7AM-7PM"", ""Thursday"": ""7AM-7PM"", ""Friday"": ""7AM-7PM"", ""Saturday"": ""9AM-4PM""}",OPERATIONAL,"Since 2005, Circle Star Pet Resort has provided exceptional pet care services to East Texas. Located on nearly 100 sprawling countryside acres, our award-winning pet resort is like no other. Whether your pet joins us for overnight pet boarding, dog daycare, grooming & spa services, or professional dog training, we’ll ensure they receive personalized attention and care. Our owners even live on site for 24/7 supervision and better peace of mind. We can’t wait to welcome your furry loved ones to our luxurious home-away-from-home for pets!","https://www.google.com/maps/place/Circle+Star+Pet+Resort/@32.356868999999996,-95.7039281,14z/data=!4m8!1m2!2m1!1sCircle+Star+Pet+Resort!3m4!1s0x8649a9b14c7b0a81:0x7f3c12fa4fd96e3f!8m2!3d32.356868999999996!4d-95.7039281"
Paw Spa,,+1 903-975-5735,"112 E Bermuda St, Quitman, TX 75783",Quitman,75783,Texas,32.7951473,-95.4508394,https://lh3.googleusercontent.com/p/AF1QipOqmuuTqV9X6AwExvK5QTRo7TdENkqlhiOcg1Kc=w800-h500-k-no,,OPERATIONAL,Grooming and boarding services offered,"https://www.google.com/maps/place/Paw+Spa/@32.7951473,-95.45083939999999,14z/data=!4m8!1m2!2m1!1sPaw+Spa!3m4!1s0x86498d93c6b03ce1:0xeaec60f8b01bade5!8m2!3d32.7951473!4d-95.45083939999999"
Fair Paws Dog Park,,,"206 Yale St, Henderson, TX 75654",Henderson,75654,Texas,32.1492754,-94.7931249,https://lh3.googleusercontent.com/gps-cs-s/AC9h4npEAmfqjsymZ3OZpKJ5YbUJP9aw2f0vbQVm_6x5BcF4LrMXlT7Tad4ZqDGUW09sD6WJl4wR0onAGVu10IPju3QEdQRnOx4UaA6s-HALpGXo4Sve6wA720y1HTwb0aDhM5WPR-c=w800-h500-k-no,,OPERATIONAL,,"https://www.google.com/maps/place/Fair+Paws+Dog+Park/@32.1492754,-94.7931249,14z/data=!4m8!1m2!2m1!1sFair+Paws+Dog+Park!3m4!1s0x8637c95c7701577d:0x54f0b6ed13fc59ee!8m2!3d32.1492754!4d-94.7931249"
Dog Park at Love's Travel Stops,https://www.loves.com/dogparks,+1 903-963-1122,"1188 S Oak St, Van, TX 75790",Van,75790,Texas,32.5088509,-95.6438871,https://streetviewpixels-pa.googleapis.com/v1/thumbnail?panoid=Bk49tDfWWtf6fSQDTJHrPg&cb_client=search.gws-prod.gps&w=800&h=500&yaw=202.8983&pitch=0&thumbfov=100,"{""Sunday"": ""Open 24 hours"", ""Monday"": ""Open 24 hours"", ""Tuesday"": ""Open 24 hours"", ""Wednesday"": ""Open 24 hours"", ""Thursday"": ""Open 24 hours"", ""Friday"": ""Open 24 hours"", ""Saturday"": ""Open 24 hours""}",OPERATIONAL,,"https://www.google.com/maps/place/Dog+Park+at+Love%27s+Travel+Stops/@32.5088509,-95.6438871,14z/data=!4m8!1m2!2m1!1sDog+Park+at+Love%27s+Travel+Stops!3m4!1s0x8649a34d5336f5bf:0xa01930ec88ed8954!8m2!3d32.5088509!4d-95.6438871"
Texas K9 Solutions,https://www.texask9solutions.com/,+1 903-321-4817,"21140 FM 2767, Winona, TX 75792",Winona,75792,Texas,32.394469,-95.0505543,https://lh3.googleusercontent.com/p/AF1QipPt7hAAVyF1KXTKWt8Jnig5qv7iSkZa1b90iiS-=w800-h500-k-no,"{""Sunday"": ""Closed"", ""Monday"": ""6AM-4PM"", ""Tuesday"": ""6AM-4PM"", ""Wednesday"": ""6AM-4PM"", ""Thursday"": ""6AM-4PM"", ""Friday"": ""6AM-4PM"", ""Saturday"": ""Closed""}",OPERATIONAL,"Our highly skilled trainers specialize in the art of cultivating disciplined & reliable canine partners for law enforcement agencies and security organizations. We provide comprehensive programs tailored to the specific needs of our clients. In addition, we offer expert guidance and support for pet owners seeking to establish a strong bond, obedience, & good manners with their furry companions. Explore our trainers' bios below to learn more about their expertise in shaping confident and well-trained dogs for both professional & personal settings. If you are looking for a Personal Protection dog let us hand pick & train the perfect dog for you! Our goal is to offer the most complete Working K9 on the market! Always train with purpose!","https://www.google.com/maps/place/Texas+K9+Solutions/@32.394469,-95.0505543,14z/data=!4m8!1m2!2m1!1sTexas+K9+Solutions!3m4!1s0x8657e92a1e35ad27:0x909a5b205ded62d3!8m2!3d32.394469!4d-95.0505543"
Tail Waggin' Retreat at Georgia's,https://tinyurl.com/meyjk58p,,"611 Cottondale Ln, Wylie, TX 75098",Wylie,75098,Texas,33.0244172,-96.5507554,https://lh3.googleusercontent.com/p/AF1QipM8igmMAQRtwRVMPiLyNZ7TXVHePQj-I9FpDSXV=w800-h500-k-no,,OPERATIONAL,"Welcome to a Sniffspot location – a private, fully fenced dog haven where your pup can run, sniff, and play freely without the stress of crowded parks. Whether you have a high-energy dog that needs room to zoom or a shy pup who prefers solo time, our yard offers a safe, quiet, and secure space tailored for off-leash adventures. Clean, well-maintained, and easy to access – this is your dog's new favorite spot!","https://www.google.com/maps/place/Tail+Waggin%27+Retreat+at+Georgia%27s/@33.0244172,-96.5507554,14z/data=!4m8!1m2!2m1!1sTail+Waggin%27+Retreat+at+Georgia%27s!3m4!1s0x864c057814864a31:0xbb47db7c852c0002!8m2!3d33.0244172!4d-96.5507554"
Bossart Park,https://spcaeasttx.com/,+1 903-596-7722,"3393 W Grande Blvd, Tyler, TX 75703",Tyler,75703,Texas,32.2835491,-95.3504593,https://lh3.googleusercontent.com/gps-cs-s/AC9h4nqXxwHrxdCMhEOL7ngqqpIBWzDwcl8LQLba54N9jd3lvAWZaF6SkGvgqCPxs5BZm8pGlAQN9SdO2G0CHhk3ACSicOckX2BK3bWxwilOYQhcLjusH3nEPGLTYzVw3E2AHVGbYmec=w800-h500-k-no,"{""Sunday"": ""Open 24 hours"", ""Monday"": ""Open 24 hours"", ""Tuesday"": ""Open 24 hours"", ""Wednesday"": ""Open 24 hours"", ""Thursday"": ""Open 24 hours"", ""Friday"": ""Open 24 hours"", ""Saturday"": ""Open 24 hours""}",OPERATIONAL,,"https://www.google.com/maps/place/Bossart+Park/@32.2835491,-95.3504593,14z/data=!4m8!1m2!2m1!1sBossart+Park!3m4!1s0x8649cbdf5bad60a9:0x8ecb950ae2564632!8m2!3d32.2835491!4d-95.3504593"
Sunrise Paw Park,,+1 903-571-4960,"11415 County Rd 166, Tyler, TX 75703",Tyler,75703,Texas,32.2434578,-95.3568647,https://lh3.googleusercontent.com/gps-cs-s/AC9h4noCcndd0Dfr4PsOz6NgesMErmtTJk8U5ch_9HY3YNOngmOfjrj6MTinYMTYn0xbD4zPo6wFV7a1c3LvQYkfchZqunOGsEIbjaRw149H8YZ8YjszD_UWpWHjoaqu8Bl2wuKzacA=w800-h500-k-no,"{""Sunday"": ""Open 24 hours"", ""Monday"": ""Open 24 hours"", ""Tuesday"": ""Open 24 hours"", ""Wednesday"": ""Open 24 hours"", ""Thursday"": ""Open 24 hours"", ""Friday"": ""Open 24 hours"", ""Saturday"": ""Open 24 hours""}",OPERATIONAL,,"https://www.google.com/maps/place/Sunrise+Paw+Park/@32.2434578,-95.3568647,14z/data=!4m8!1m2!2m1!1sSunrise+Paw+Park!3m4!1s0x8649cad3437195fb:0xfdbd352c836dcd01!8m2!3d32.2434578!4d-95.3568647"
Pollard Park Dog Park,,,"3228 Bain Pl, Tyler, TX 75701",Tyler,75701,Texas,32.3129574,-95.292455,https://lh3.googleusercontent.com/gps-cs-s/AC9h4noXtuuioL-guAfpdWQc5Bxt1mqttO8PRIgQR1F0trC36U9LZomCNNl0sV0fB4qXofxXFadzTJtvdl0-uTaHVljZW9zeWSDPKRLOYK1rJKGlp85ayLrwx-gumFvHC_WzT8yczGgQ=w800-h500-k-no,"{""Sunday"": ""6AM-8PM"", ""Monday"": ""6AM-8PM"", ""Tuesday"": ""6AM-8PM"", ""Wednesday"": ""6AM-8PM"", ""Thursday"": ""6AM-8PM"", ""Friday"": ""6AM-8PM"", ""Saturday"": ""6AM-8PM""}",OPERATIONAL,,"https://www.google.com/maps/place/Pollard+Park+Dog+Park/@32.3129574,-95.29245499999999,14z/data=!4m8!1m2!2m1!1sPollard+Park+Dog+Park!3m4!1s0x8649cde75e13ff11:0xb00ed78a6a11cd21!8m2!3d32.3129574!4d-95.29245499999999"
"Raise The Woof Pet Hotel, LLC",http://www.raisethewoofpethotel.com/,+1 903-729-9663,"1201 Anderson County 157, Palestine, TX 75801",Palestine,75801,Texas,31.6685874,-95.5650191,,"{""Sunday"": ""8AM-5PM"", ""Monday"": ""8AM-5PM"", ""Tuesday"": ""8AM-5PM"", ""Wednesday"": ""8AM-5PM"", ""Thursday"": ""8AM-5PM"", ""Friday"": ""8AM-5PM"", ""Saturday"": ""8AM-5PM""}",OPERATIONAL,Family owned dog boarding,"https://www.google.com/maps/place/Raise+The+Woof+Pet+Hotel%2C+LLC/@31.6685874,-95.5650191,14z/data=!4m8!1m2!2m1!1sRaise+The+Woof+Pet+Hotel%2C+LLC!3m4!1s0x864888378f822961:0x6a9290dc465046fe!8m2!3d31.6685874!4d-95.5650191"
Dog Park at Love's Travel Stops,https://www.loves.com/dogparks,+1 903-389-3967,"299 I-45, Fairfield, TX 75840",Fairfield,75840,Texas,31.7277395,-96.1828461,https://streetviewpixels-pa.googleapis.com/v1/thumbnail?panoid=r98y7uP8spDGyrnplII53w&cb_client=search.gws-prod.gps&w=800&h=500&yaw=265.32428&pitch=0&thumbfov=100,"{""Sunday"": ""Open 24 hours"", ""Monday"": ""Open 24 hours"", ""Tuesday"": ""Open 24 hours"", ""Wednesday"": ""Open 24 hours"", ""Thursday"": ""Open 24 hours"", ""Friday"": ""Open 24 hours"", ""Saturday"": ""Open 24 hours""}",OPERATIONAL,,"https://www.google.com/maps/place/Dog+Park+at+Love%27s+Travel+Stops/@31.7277395,-96.18284609999999,14z/data=!4m8!1m2!2m1!1sDog+Park+at+Love%27s+Travel+Stops!3m4!1s0x8648bb4b32cb2eef:0xe636a560e828a39b!8m2!3d31.7277395!4d-96.18284609999999"
Grapeland City Park,,,"208 FM2423, Grapeland, TX 75844",Grapeland,75844,Texas,31.4850464,-95.472494,https://lh3.googleusercontent.com/gps-cs-s/AC9h4nol4phfSk6Cfrc6AIHqB7gROvZWL-th_81rUH4FbkwFC8AkZ6NhCaG1ohpDribNCYoK3F7su-mJhbWYuYrAuY6yZNcA-b3VxAYoiBL6yTXBO0ZU8EHiWgnmt8nS69IGicGi5yYs=w800-h500-k-no,"{""Sunday"": ""9AM-8PM"", ""Monday"": ""9AM-8:30PM"", ""Tuesday"": ""9AM-8:30PM"", ""Wednesday"": ""9AM-8:30PM"", ""Thursday"": ""9AM-8:30PM"", ""Friday"": ""9AM-8:30PM"", ""Saturday"": ""9AM-8:30PM""}",OPERATIONAL,,"https://www.google.com/maps/place/Grapeland+City+Park/@31.485046399999998,-95.472494,14z/data=!4m8!1m2!2m1!1sGrapeland+City+Park!3m4!1s0x8647df367102c9a1:0x3529ea0e85f0eb69!8m2!3d31.485046399999998!4d-95.472494"
Country Cabins Pet Resort,,+1 936-707-0383,"700 Rex Bailey Rd, Groveton, TX 75845",Groveton,75845,Texas,31.2022021,-95.0739103,https://lh3.googleusercontent.com/gps-cs-s/AC9h4no_Aj8Mf0IsBwJ5bHhE_xM-a8vtBdWSvdq9ACO1NLyfxyBAjUvwnsZ72wHtbhqW5ufjmbkbNxNhoVbbHlViDWi1f0z8KxSGQpueDhmVvheL21PW879icvvXbgzVp6uNARr5BSbL1EaUpWy6=w800-h500-k-no,,OPERATIONAL,,"https://www.google.com/maps/place/Country+Cabins+Pet+Resort/@31.202202099999997,-95.0739103,14z/data=!4m8!1m2!2m1!1sCountry+Cabins+Pet+Resort!3m4!1s0x8647f5713741d8b3:0x22acba3bc8753077!8m2!3d31.202202099999997!4d-95.0739103"
"Country Cabana 4 Paws, LLC",,+1 254-739-5656,"1207 US Hwy 84 W, Teague, TX 75860",Teague,75860,Texas,31.6515876,-96.3065139,https://streetviewpixels-pa.googleapis.com/v1/thumbnail?panoid=ox-LP0GGTEUj0r1WvQQFpg&cb_client=search.gws-prod.gps&w=800&h=500&yaw=109.08823&pitch=0&thumbfov=100,"{""Sunday"": ""2-4PM"", ""Monday"": ""8:30AM-5PM"", ""Tuesday"": ""8:30AM-5PM"", ""Wednesday"": ""8:30AM-5PM"", ""Thursday"": ""8:30AM-5PM"", ""Friday"": ""8:30AM-4PM"", ""Saturday"": ""9AM-12PM""}",OPERATIONAL,,"https://www.google.com/maps/place/Country+Cabana+4+Paws%2C+LLC/@31.6515876,-96.3065139,14z/data=!4m8!1m2!2m1!1sCountry+Cabana+4+Paws%2C+LLC!3m4!1s0x8648ae1e82d359ad:0xa0dac2f692a9bbb3!8m2!3d31.6515876!4d-96.3065139"
The Dog Ranch,http://www.thedogranchtrinity.com/,+1 936-355-9580,"104 Dog Ranch Rd, Trinity, TX 75862",Trinity,75862,Texas,30.9423426,-95.3659467,https://lh3.googleusercontent.com/gps-cs-s/AC9h4nplQAI2M-RmVwrRJWqjG1U4R2z1rU7gFUlivqrOrwyzCq9C7aXOfg0hXOPSVCu1PLbd5a-EZ2b_ERUblz1I4HxSzcMiQcDTXEp93tVPg3lU6dtOA-J0FBC_0Yw-sZaprbROWXFNaw=w800-h500-k-no,"{""Sunday"": ""2-5PM"", ""Monday"": ""8AM-5PM"", ""Tuesday"": ""8AM-5PM"", ""Wednesday"": ""8AM-5PM"", ""Thursday"": ""8AM-5PM"", ""Friday"": ""8AM-5PM"", ""Saturday"": ""8AM-5PM""}",OPERATIONAL,Full service pet boarding facility,"https://www.google.com/maps/place/The+Dog+Ranch/@30.9423426,-95.3659467,14z/data=!4m8!1m2!2m1!1sThe+Dog+Ranch!3m4!1s0x864798152a4e673f:0x4f64d564bd80809d!8m2!3d30.9423426!4d-95.3659467"
K9 Corral at Craig Ranch,,,"McKinney, TX 75070",McKinney,75070,Texas,33.140049,-96.7143155,https://lh3.googleusercontent.com/gps-cs-s/AC9h4nqW-6q7qH9f0tLvJYP1FST63dolotXh-bNohfMCsCrCvNcPeT2fVCs_lQ2ZxHLTL57y4kicqgnC2FxGHQQVQZ00bxqJjQGYYex0Jmnka0mBfJbFpElAy1I71OB688FPLsDLWVLA=w800-h500-k-no,"{""Sunday"": ""7AM-9:30PM"", ""Monday"": ""7AM-9:30PM"", ""Tuesday"": ""7AM-9:30PM"", ""Wednesday"": ""7AM-9:30PM"", ""Thursday"": ""7AM-9:30PM"", ""Friday"": ""7AM-9:30PM"", ""Saturday"": ""7AM-9:30PM""}",OPERATIONAL,,"https://www.google.com/maps/place/K9+Corral+at+Craig+Ranch/@33.140049,-96.7143155,14z/data=!4m8!1m2!2m1!1sK9+Corral+at+Craig+Ranch!3m4!1s0x864c165c7ec8e887:0xd62926858036712a!8m2!3d33.140049!4d-96.7143155"
Maverick Dog Park,http://sanantonio.gov/,,"310 E Jones Ave, San Antonio, TX 78215",San Antonio,78215,Texas,29.4345371,-98.4793431,https://lh3.googleusercontent.com/gps-cs-s/AC9h4nqbDzZZdVCVW32a4li2yFGADujwW7559veo7hTZEK3DGoYNb9kMBdkxOkqnFSQBuU4QC86BYD8FTICW67uIxP0IuTpvb7z1er4C6sU5R8haedvzO777cX6_9GvR7osGR5bEYcJm=w800-h500-k-no,"{""Sunday"": ""5AM-11PM"", ""Monday"": ""5AM-11PM"", ""Tuesday"": ""5AM-11PM"", ""Wednesday"": ""5AM-11PM"", ""Thursday"": ""5AM-11PM"", ""Friday"": ""5AM-11PM"", ""Saturday"": ""5AM-11PM""}",OPERATIONAL,,"https://www.google.com/maps/place/Maverick+Dog+Park/@29.4345371,-98.4793431,14z/data=!4m8!1m2!2m1!1sMaverick+Dog+Park!3m4!1s0x865cf53aa77f8961:0x1060d7180a631ca4!8m2!3d29.4345371!4d-98.4793431"
Olmos Park Dog Park,,,"103 Alamo Heights Blvd, San Antonio, TX 78209",San Antonio,78209,Texas,29.4830098,-98.4767273,https://lh3.googleusercontent.com/gps-cs-s/AC9h4npwrks-Gmrps9D2SMaUYVDDveHWiq6sxcVdEQGx9EeQ-EXcpuwQD7VBLsClJTgWw9US-fwZjLAly39ZBKUOe0C16xz4z0W-2diyCsFukatzLOQGYzcg87Rfl1G0kvKnZJcY_Xs=w800-h500-k-no,,OPERATIONAL,,"https://www.google.com/maps/place/Olmos+Park+Dog+Park/@29.483009799999998,-98.4767273,14z/data=!4m8!1m2!2m1!1sOlmos+Park+Dog+Park!3m4!1s0x865cf5acbe307893:0x76e9d05d603d34c5!8m2!3d29.483009799999998!4d-98.4767273"
Madison Square Dog Park,,,"313 Dallas St, San Antonio, TX 78215",San Antonio,78215,Texas,29.434695,-98.4904797,https://lh3.googleusercontent.com/gps-cs-s/AC9h4nrU4JAtMPGnvEb6s2q5ZFN0SFNJt7dNpGE2Dbw1BztelLlODvJ4j4uzRSaCi9kNpzcRyw9HAcVQQlITETci18HYwfvgp2rbLBiY2Qy-ELs8R-6gbC-7mEPgpshOZRTsWwHT7_Dw=w800-h500-k-no,"{""Sunday"": ""7AM-9PM"", ""Monday"": ""7AM-9PM"", ""Tuesday"": ""7AM-9PM"", ""Wednesday"": ""7AM-9PM"", ""Thursday"": ""7AM-9PM"", ""Friday"": ""7AM-9PM"", ""Saturday"": ""7AM-9PM""}",OPERATIONAL,,"https://www.google.com/maps/place/Madison+Square+Dog+Park/@29.434694999999998,-98.4904797,14z/data=!4m8!1m2!2m1!1sMadison+Square+Dog+Park!3m4!1s0x865c5ff58ec66421:0x42532021403545e5!8m2!3d29.434694999999998!4d-98.4904797"
Southside Lions Dog Park,,,"3303 Pecan Valley Dr, San Antonio, TX 78210",San Antonio,78210,Texas,29.387755,-98.4330884,https://lh3.googleusercontent.com/gps-cs-s/AC9h4nqF9kmQbbZ2n6Lm0Ziug3bWz0glPbxqXv95S8iS31_ybfrxie0EMBIwOAtvwQMrcwDpbWIy5SoiXTmGCi-mm2cTWMgJGpa6VHUsEFxSoYbBdK1XeqeVBPcoIrDTOZ7ifc6Hw9Oi9w=w800-h500-k-no,,OPERATIONAL,,"https://www.google.com/maps/place/Southside+Lions+Dog+Park/@29.387755,-98.4330884,14z/data=!4m8!1m2!2m1!1sSouthside+Lions+Dog+Park!3m4!1s0x865cf7d017dd2b3b:0x1a82de251ac6306!8m2!3d29.387755!4d-98.4330884"
Fox Dog Park,,,"Fox Park, 6518 W Hausman Rd, San Antonio, TX 78249",San Antonio,78249,Texas,29.5711166,-98.6178728,https://lh3.googleusercontent.com/gps-cs-s/AC9h4npGoHG3b66yTKcCeuQEGg1BSbnDzjnvn8Hpq7yf3JWqvWR7roNj7MUNcYe1Ke5bSBvsXlfHhIlvTZIS1DnF1CCqed_prG6QXFQCacwhFVY4wJpDooGNrnUPs3toZ2cak1zIT74YWA=w800-h500-k-no,"{""Sunday"": ""5AM-11PM"", ""Monday"": ""5AM-11PM"", ""Tuesday"": ""5AM-11PM"", ""Wednesday"": ""5AM-11PM"", ""Thursday"": ""5AM-11PM"", ""Friday"": ""5AM-11PM"", ""Saturday"": ""5AM-11PM""}",OPERATIONAL,,"https://www.google.com/maps/place/Fox+Dog+Park/@29.5711166,-98.6178728,14z/data=!4m8!1m2!2m1!1sFox+Dog+Park!3m4!1s0x865c67225040c9f3:0xfc74366a58d84ae0!8m2!3d29.5711166!4d-98.6178728"
The Dog Co. Icehouse,https://www.texasdog.co/,+1 210-445-8304,"4302 Hyatt Pl Dr, San Antonio, TX 78230",San Antonio,78230,Texas,29.5384286,-98.566304,https://lh3.googleusercontent.com/gps-cs-s/AC9h4nocHqwC1SzTcIBtYc_wh3VhoTDFP9yC-bb8j6obRwEWDGt9W-0MsKtU9zhKKWKJ5uiDcvLumIESvQ2klMsgt5R_9FawECf7ZziKCAtrbaVdsTiPT1SXCW8XS0EffraOJ8XSCfw=w800-h500-k-no,"{""Sunday"": ""12PM-12AM"", ""Monday"": ""5PM-12AM"", ""Tuesday"": ""5PM-12AM"", ""Wednesday"": ""5PM-12AM"", ""Thursday"": ""5PM-12AM"", ""Friday"": ""5PM-1AM"", ""Saturday"": ""12PM-1AM""}",OPERATIONAL,,"https://www.google.com/maps/place/The+Dog+Co.+Icehouse/@29.5384286,-98.566304,14z/data=!4m8!1m2!2m1!1sThe+Dog+Co.+Icehouse!3m4!1s0x865c6144f2630faf:0x4fdfe7a3f4d6ed03!8m2!3d29.5384286!4d-98.566304"
Dogtopia of San Antonio - Northwest,https://www.dogtopia.com/sanantonio-northwest/,+1 210-964-0555,"5563 De Zavala Rd Ste. 100, San Antonio, TX 78249",San Antonio,78249,Texas,29.5636138,-98.5983505,https://lh3.googleusercontent.com/gps-cs-s/AC9h4nr24SpJN8bEOi_q-9OhCrqCS5bqXomZAmxwapWdek6I-zIxCmHnI0NALRNnn13CF0_zrDh7EtC0Wx0GibT1GL_0b3OzidzBWw60HEJjPGV58q1cTdiPMhMzYPqKstLj-yFFJrGw=w800-h500-k-no,"{""Sunday"": ""Closed"", ""Monday"": ""7AM-7PM"", ""Tuesday"": ""7AM-7PM"", ""Wednesday"": ""7AM-7PM"", ""Thursday"": ""7AM-7PM"", ""Friday"": ""7AM-7PM"", ""Saturday"": ""8AM-5PM""}",OPERATIONAL,,"https://www.google.com/maps/place/Dogtopia+of+San+Antonio+-+Northwest/@29.5636138,-98.5983505,14z/data=!4m8!1m2!2m1!1sDogtopia+of+San+Antonio+-+Northwest!3m4!1s0x865c678eb316355d:0x5cc93785e20a57f1!8m2!3d29.5636138!4d-98.5983505"
Aransas Pass Dog Park,,,"400 E Johnson Ave, Aransas Pass, TX 78336",Aransas Pass,78336,Texas,27.8858493,-97.1533123,https://lh3.googleusercontent.com/gps-cs-s/AC9h4nqLOWRPTDsSHCiqBsiI_jgNkG3wyYFnHO1Q4BnhFbXQwrAaM7OB1ae4ZbAh5HU49z5-DiUQVEHBzOcW1tXQSueRsOFY4Zhf6mMHo6Wf_1-3CtezFt2M8-JsLrsgnsBlCbbJyso=w800-h500-k-no,,OPERATIONAL,,"https://www.google.com/maps/place/Aransas+Pass+Dog+Park/@27.8858493,-97.1533123,14z/data=!4m8!1m2!2m1!1sAransas+Pass+Dog+Park!3m4!1s0x86685384cb0e5915:0x64fe99a06f412e39!8m2!3d27.8858493!4d-97.1533123"
Port Aransas Community Dog Park,,,"700 Clark Pkwy, Port Aransas, TX 78373",Port Aransas,78373,Texas,27.8318253,-97.0753256,https://lh3.googleusercontent.com/gps-cs-s/AC9h4nqEd0YKbMFi9T4gsl1cAffZNcpnW-sQIvRNsfDygbNYlxd5qEqgUso8x4KQQ2FEp6b4P3D0dMNX783vOPLw3q7Csx-y8LFpx5T2P-T06zA-o0H73t1cm1PRtJzjt7KD5miIRZp67OyGkb8=w800-h500-k-no,,OPERATIONAL,,"https://www.google.com/maps/place/Port+Aransas+Community+Dog+Park/@27.8318253,-97.0753256,14z/data=!4m8!1m2!2m1!1sPort+Aransas+Community+Dog+Park!3m4!1s0x8669ab0005b25915:0xd389d4c8a2a0adaf!8m2!3d27.8318253!4d-97.0753256"
K9 Coastal Sports,,+1 361-332-2017,"2465 A-1 Hill Rd, Aransas Pass, TX 78336",Aransas Pass,78336,Texas,27.9671193,-97.1395731,https://lh3.googleusercontent.com/gps-cs-s/AC9h4npp4xeODmqeDwPxZ5v6dsCtbMJmXfmit9pQdArYCmQtLcPdlGMSZsVAeBQmp3cU4CvYksSUQHizke2hSi4vPaLXBJoOjS3qBrxXOX6j2zHxq_dqveFyCbNBps7t7sR3If_LsTcD3w=w800-h500-k-no,"{""Sunday"": ""10AM-6PM"", ""Monday"": ""4:30-7PM"", ""Tuesday"": ""Closed"", ""Wednesday"": ""4:30-7PM"", ""Thursday"": ""4:30-7PM"", ""Friday"": ""4:30-7PM"", ""Saturday"": ""10AM-7PM""}",OPERATIONAL,,"https://www.google.com/maps/place/K9+Coastal+Sports/@27.9671193,-97.13957309999999,14z/data=!4m8!1m2!2m1!1sK9+Coastal+Sports!3m4!1s0x86684dbb0f1fa3d7:0xae1bd2ff6aa53e05!8m2!3d27.9671193!4d-97.13957309999999"
Dune Dogs Playground,https://www.cinnamonshore.com/blog/2022/1/pets-on-the-beach,,"551500010090, Port Aransas, TX 78373",Port Aransas,78373,Texas,27.7731546,-97.1044947,https://streetviewpixels-pa.googleapis.com/v1/thumbnail?panoid=pxajng05XD0FUgwj5YH1qw&cb_client=search.gws-prod.gps&w=800&h=500&yaw=35.143818&pitch=0&thumbfov=100,,OPERATIONAL,,"https://www.google.com/maps/place/Dune+Dogs+Playground/@27.773154599999998,-97.10449469999999,14z/data=!4m8!1m2!2m1!1sDune+Dogs+Playground!3m4!1s0x866855a21c74150b:0x9fd96c88f4ba2747!8m2!3d27.773154599999998!4d-97.10449469999999"
West Guth Dog Park,,,"9700 Up River Rd, Corpus Christi, TX 78410",Corpus Christi,78410,Texas,27.8331581,-97.5513726,https://streetviewpixels-pa.googleapis.com/v1/thumbnail?panoid=l1JDM626YTQjc4DdMAqSyw&cb_client=search.gws-prod.gps&w=800&h=500&yaw=80.63284&pitch=0&thumbfov=100,,OPERATIONAL,,"https://www.google.com/maps/place/West+Guth+Dog+Park/@27.8331581,-97.5513726,14z/data=!4m8!1m2!2m1!1sWest+Guth+Dog+Park!3m4!1s0x866865007d97703b:0x9c5b49d9b9ea07bc!8m2!3d27.8331581!4d-97.5513726"
Kaiah Dog Park,https://www.portlandtx.com/Facilities/Facility/Details/Kaiah-Dog-Park-28,,"1001 Moore Ave, Portland, TX 78374",Portland,78374,Texas,27.8775002,-97.3310263,https://lh3.googleusercontent.com/gps-cs-s/AC9h4nqjw-0wTxdtUo3j64xUwQbf9KG4QlpvvWbhJtYVopVa-uYZl2DUaVtfC7n6PWArvmoMW3pce4LOq0k6lW9Oda_lRTSn6ABnMSUw_2zVasOJcU7cW5yJL6xx8uSmkrVMZ9CwVsG5=w800-h500-k-no,,OPERATIONAL,,"https://www.google.com/maps/place/Kaiah+Dog+Park/@27.8775002,-97.33102629999999,14z/data=!4m8!1m2!2m1!1sKaiah+Dog+Park!3m4!1s0x86685b0a70cf4ec9:0xa4764afcaa2bc492!8m2!3d27.8775002!4d-97.33102629999999"
Puppy Playground,http://www.mypuppyplayground.com/,+1 940-202-9900,"532 Co Rd 1110, Decatur, TX 76234",Decatur,76234,Texas,33.2388285,-97.6706226,https://lh3.googleusercontent.com/p/AF1QipMoMcxPoD8OYqojgSjehDUPrwYzsV8QnDwKyWFz=w800-h500-k-no,"{""Sunday"": ""Closed"", ""Monday"": ""7AM-6PM"", ""Tuesday"": ""7AM-6PM"", ""Wednesday"": ""7AM-6PM"", ""Thursday"": ""7AM-6PM"", ""Friday"": ""7AM-6PM"", ""Saturday"": ""Closed""}",OPERATIONAL,"Our facility in Decatur, TX offers 100% cage-free daycare every weekday and on the weekends for our house guests only. We also offer dog grooming M - F ever week.
We have over 2 acres of playground fun as well as an indoor climate-controlled playhouse for our hot or rainy Texas days. Our members are never in cages and they get to play together all day with long breaks and naps as needed.

We have a large climate-controlled indoor playground for when heat breaks are needed or if there is the occasional cold day in Texas.","https://www.google.com/maps/place/Puppy+Playground/@33.2388285,-97.6706226,14z/data=!4m8!1m2!2m1!1sPuppy+Playground!3m4!1s0x864d8d04e9d9282d:0xee5254e81f37cacf!8m2!3d33.2388285!4d-97.6706226"
Vishal Raju Bhagat Memorial Dog Park,,,"F49R+P2, Kingsville, TX 78363",Kingsville,78363,Texas,27.4692777,-97.8598816,https://lh3.googleusercontent.com/gps-cs-s/AC9h4nqUWB45j-RCeTTrUCuYJhuZhRemBVbDrP9MJ3RYayoyROPvLWApFMfy7dMLjcEUG-PpWVq31IAyH0R18Jx-rg1zYRXL8luP2RfWxzo1VfKnXewj9Q9cB-__kvcHbYXZy74Aru3p=w800-h500-k-no,,OPERATIONAL,,"https://www.google.com/maps/place/Vishal+Raju+Bhagat+Memorial+Dog+Park/@27.4692777,-97.8598816,14z/data=!4m8!1m2!2m1!1sVishal+Raju+Bhagat+Memorial+Dog+Park!3m4!1s0x866627dd7d7902ab:0x788047075d4efaa1!8m2!3d27.4692777!4d-97.8598816"
Odem Park,,,"1 Owl Square, Odem, TX 78370",Odem,78370,Texas,27.9484747,-97.5874326,https://lh3.googleusercontent.com/gps-cs-s/AC9h4npsTGX37Q8gSMJhS7xkwsDjModqlOfKcYAJ1cZnWUFbyhSwMa3231QARDFxKYxm5yfWKsugHz-mmkA8fC0ReIHbhFQNnq0HQ4j0yonPSds_1K7iTe8WswSxo0fxuMdwlr2X3xFClcmoHkPP=w800-h500-k-no,,OPERATIONAL,,"https://www.google.com/maps/place/Odem+Park/@27.9484747,-97.5874326,14z/data=!4m8!1m2!2m1!1sOdem+Park!3m4!1s0x86686f53e5312fab:0x6e246cd2527aa957!8m2!3d27.9484747!4d-97.5874326"
Bacon Boarding,https://baconboarding.com/,+1 361-444-7743,"4680 FM624, Robstown, TX 78380",Robstown,78380,Texas,27.8758457,-97.7284907,https://streetviewpixels-pa.googleapis.com/v1/thumbnail?panoid=UxOps1q2bDtFF8i4MNhWag&cb_client=search.gws-prod.gps&w=800&h=500&yaw=16.384415&pitch=0&thumbfov=100,"{""Sunday"": ""8-11AM,3-6PM"", ""Monday"": ""8-11AM,3-6PM"", ""Tuesday"": ""8-11AM,3-6PM"", ""Wednesday"": ""8-11AM,3-6PM"", ""Thursday"": ""8-11AM,3-6PM"", ""Friday"": ""8-11AM,3-6PM"", ""Saturday"": ""8-11AM,3-6PM""}",OPERATIONAL,Canine Boarding specializing in large breeds and families with multiple dogs. Kennels are very large to accommodate.,"https://www.google.com/maps/place/Bacon+Boarding/@27.8758457,-97.7284907,14z/data=!4m8!1m2!2m1!1sBacon+Boarding!3m4!1s0x8668790001537bdb:0x78c9b75e723eb951!8m2!3d27.8758457!4d-97.7284907"
Rockport Dog Park,,,"Enterprise Blvd, Rockport, TX 78382",Rockport,78382,Texas,28.0404934,-97.0610245,https://lh3.googleusercontent.com/gps-cs-s/AC9h4npQFnaFxzIn6V8M6HvstJklpZ-sqJlmzG6h9Jmhv_iyx-5G7erbLu-DtGaqjRqlfkctXblK62LIKOfI6d1MUePLhW8TK_LuwN13coZiOexz0ZgvWLTxZOiWNC1w95w6XKCuMR_n=w800-h500-k-no,,OPERATIONAL,,"https://www.google.com/maps/place/Rockport+Dog+Park/@28.0404934,-97.0610245,14z/data=!4m8!1m2!2m1!1sRockport+Dog+Park!3m4!1s0x8669b55f72a93fb7:0x4b880a7ace4fe17c!8m2!3d28.0404934!4d-97.0610245"
Dog Park at Love's Travel Stops,https://www.loves.com/dogparks,+1 361-364-9215,"13886 FM1945, Sinton, TX 78387",Sinton,78387,Texas,28.0109559,-97.5324046,https://lh3.googleusercontent.com/gps-cs-s/AC9h4nrQjYc0PSiRf5QUjMnYPGRoz25kPxYrFzK-OvGifqUuWCFIf96TqdNDx8TLkTqvptV8PY9t-LeJRKMQJ9eS1pdX1iGwIdvwJQlUytH5-c6YPce95GiS0X2YaQiDCFjNBLEfYF6tpnrY5zSY=w800-h500-k-no,"{""Sunday"": ""Open 24 hours"", ""Monday"": ""Open 24 hours"", ""Tuesday"": ""Open 24 hours"", ""Wednesday"": ""Open 24 hours"", ""Thursday"": ""Open 24 hours"", ""Friday"": ""Open 24 hours"", ""Saturday"": ""Open 24 hours""}",OPERATIONAL,,"https://www.google.com/maps/place/Dog+Park+at+Love%27s+Travel+Stops/@28.0109559,-97.53240459999999,14z/data=!4m8!1m2!2m1!1sDog+Park+at+Love%27s+Travel+Stops!3m4!1s0x86686df4c5ba2a63:0xd5903af081667f7!8m2!3d28.0109559!4d-97.53240459999999"
In The Dog House Mobile groomer,,+1 409-294-6577,"573 N 2nd St, Zavalla, TX 75980",Zavalla,75980,Texas,31.1643728,-94.4260419,https://lh3.googleusercontent.com/p/AF1QipMzXk2yeSSm8L-trcUmykpPbH7_fqdl9V0CssY2=w800-h500-k-no,"{""Sunday"": ""Closed"", ""Monday"": ""10AM-6PM"", ""Tuesday"": ""10AM-6PM"", ""Wednesday"": ""10AM-6PM"", ""Thursday"": ""10AM-6PM"", ""Friday"": ""10AM-6PM"", ""Saturday"": ""Closed""}",OPERATIONAL,"Mobile dog grooming, I groom your fur baby in the comfort of your own home. Dogs under 40 pounds only.","https://www.google.com/maps/place/In+The+Dog+House+Mobile+groomer/@31.1643728,-94.4260419,14z/data=!4m8!1m2!2m1!1sIn+The+Dog+House+Mobile+groomer!3m4!1s0x86384b4755bae84b:0x3f59deab2c0e2ef2!8m2!3d31.1643728!4d-94.4260419"
Dogtopia of Arlington by The Parks,https://www.dogtopia.com/texas-arlington-theparks/,+1 682-282-0919,"4217 S Cooper St Suite 201, Arlington, TX 76015",Arlington,76015,Texas,32.6778358,-97.1332651,https://lh3.googleusercontent.com/p/AF1QipOkdeb4fGq23Lg6_9IdeCTvNochTlztD7vncn0a=w800-h500-k-no,"{""Sunday"": ""2-4PM"", ""Monday"": ""6:30AM-7PM"", ""Tuesday"": ""6:30AM-7PM"", ""Wednesday"": ""6:30AM-7PM"", ""Thursday"": ""6:30AM-7PM"", ""Friday"": ""6:30AM-7PM"", ""Saturday"": ""8AM-6PM""}",OPERATIONAL,,"https://www.google.com/maps/place/Dogtopia+of+Arlington+by+The+Parks/@32.6778358,-97.1332651,14z/data=!4m8!1m2!2m1!1sDogtopia+of+Arlington+by+The+Parks!3m4!1s0x864e6366f8629319:0x9b7418047108ed3!8m2!3d32.6778358!4d-97.1332651"
Downtown Arlington Doggie Depot,https://downtownarlington.org/live/doggiedepot,,"105 N Mesquite St, Arlington, TX 76011",Arlington,76011,Texas,32.7371264,-97.1055579,https://lh3.googleusercontent.com/gps-cs-s/AC9h4npTv3v5hbsCpnQ1WjrbkSMrR50eZM3vTL8pu09oughvC0s4J1jZs4kNsosYTo4EMdmaTk5vQblkHm2zzYp2eo8VAPh324t7MdKGZK6kkuXLUrXnfyOALIGVU6fUc0L9BClObjpqcw=w800-h500-k-no,,OPERATIONAL,,"https://www.google.com/maps/place/Downtown+Arlington+Doggie+Depot/@32.7371264,-97.1055579,14z/data=!4m8!1m2!2m1!1sDowntown+Arlington+Doggie+Depot!3m4!1s0x864e7d0039e2a2e5:0x632bc5184e52379b!8m2!3d32.7371264!4d-97.1055579"
Tails 'N Trails Dog Park,https://www.arlingtontx.gov/city_hall/departments/parks_recreation/parks_trails/park_finder/tails___n_trails_dog_park,+1 817-459-5474,"950 SE Green Oaks Blvd, Arlington, TX 76018",Arlington,76018,Texas,32.6509966,-97.0944063,https://lh3.googleusercontent.com/gps-cs-s/AC9h4noxE3M8-ThDMQCisPnU2lft-u7c0SQ4lG5dNbJFcHPZoI6Wfxy5aC4-2DIECFfA-yfkjmMlf6heNdz46FEjz6bKKCqqtlbiJa6dVCvL86WpyK0FRXya6AD_bl9SDAyxYDDS4W5y=w800-h500-k-no,"{""Sunday"": ""5AM-10PM"", ""Monday"": ""5AM-10PM"", ""Tuesday"": ""12-10PM"", ""Wednesday"": ""5AM-10PM"", ""Thursday"": ""5AM-10PM"", ""Friday"": ""5AM-10PM"", ""Saturday"": ""5AM-10PM""}",OPERATIONAL,,"https://www.google.com/maps/place/Tails+%27N+Trails+Dog+Park/@32.6509966,-97.09440629999999,14z/data=!4m8!1m2!2m1!1sTails+%27N+Trails+Dog+Park!3m4!1s0x864e627fa317449f:0x214cd7d70fbfaa53!8m2!3d32.6509966!4d-97.09440629999999"
Rush Creek Dog Park #2,https://www.arlingtontx.gov/city_hall/departments/parks_recreation/parks_trails/park_finder/rush_creek_dog_park,+1 817-459-5474,"1900 Valleywood Dr, Arlington, TX 76013",Arlington,76013,Texas,32.7156917,-97.1716843,https://lh3.googleusercontent.com/gps-cs-s/AC9h4no8h3k1vykoF89RuqkGhu8LzEMD7_ZJTUqHutSRHT1bHJhAEf2Uzs7MikbX7TweYadkkSCqKD6Xi0CEP9frf0g7fY9yzlaRHQtGJhYhu5t2LAXSLF2beKJFUpGQvQwZ2mZ1wBly=w800-h500-k-no,"{""Sunday"": ""5AM-10PM"", ""Monday"": ""Closed"", ""Tuesday"": ""5AM-10PM"", ""Wednesday"": ""12-10PM"", ""Thursday"": ""5AM-10PM"", ""Friday"": ""5AM-10PM"", ""Saturday"": ""5AM-10PM""}",OPERATIONAL,,"https://www.google.com/maps/place/Rush+Creek+Dog+Park+%232/@32.7156917,-97.1716843,14z/data=!4m8!1m2!2m1!1sRush+Creek+Dog+Park+%232!3m4!1s0x864e7ca270661227:0xd679c9de1c73eaa7!8m2!3d32.7156917!4d-97.1716843"
Rush Creek Dog Park #1,https://www.arlingtontx.gov/city_hall/departments/parks_recreation/parks_trails/park_finder/rush_creek_dog_park,,"1702 Valleywood Dr, Arlington, TX 76013",Arlington,76013,Texas,32.7164883,-97.1715141,https://lh3.googleusercontent.com/gps-cs-s/AC9h4nrTW5S8P59tI9hEdCzPNs7Ts_mmD9SKZeVHIw805ds5OwuaH9uJLONRR6FkYxN962hDkizmu-1QLKq7HARW9uXjfbBBV49TqXDjxXEYzcUzjKkf66_bCxK7YbsFTP5Y9ztp8_-H=w800-h500-k-no,"{""Sunday"": ""6AM-10PM"", ""Monday"": ""6AM-10PM"", ""Tuesday"": ""6AM-10PM"", ""Wednesday"": ""6AM-10PM"", ""Thursday"": ""6AM-10PM"", ""Friday"": ""6AM-10PM"", ""Saturday"": ""Closed""}",OPERATIONAL,,"https://www.google.com/maps/place/Rush+Creek+Dog+Park+%231/@32.7164883,-97.1715141,14z/data=!4m8!1m2!2m1!1sRush+Creek+Dog+Park+%231!3m4!1s0x864e7d527f481755:0x5ce8547335d3c8e2!8m2!3d32.7164883!4d-97.1715141"
Rush Creek Dog Park #3,,,"1926 Valleywood Dr, Arlington, TX 76013",Arlington,76013,Texas,32.7149227,-97.1718504,https://lh3.googleusercontent.com/gps-cs-s/AC9h4nrbqeQ_WRJ2-1Yr8NCqWApCc3qECmaFWRKQ1ts7OCeuPOSY1uEMHRrOZWxWwj0firrIMGfDQSrcL0B4IBQVVg89ZNF3A1PU-lwFq1kPf-wRli88kgotvRy4-8rsJpLNRcwXta1OKIXqwQwJ=w800-h500-k-no,,OPERATIONAL,,"https://www.google.com/maps/place/Rush+Creek+Dog+Park+%233/@32.714922699999995,-97.1718504,14z/data=!4m8!1m2!2m1!1sRush+Creek+Dog+Park+%233!3m4!1s0x864e7d196b71cd95:0x7114dfb93a1e11c4!8m2!3d32.714922699999995!4d-97.1718504"
Walsh Dog Park,https://walshtx.com/living-here/parks/,,"13757 Assembly Park Dr, Aledo, TX 76008",Aledo,76008,Texas,32.7336538,-97.5662106,,,OPERATIONAL,,"https://www.google.com/maps/place/Walsh+Dog+Park/@32.7336538,-97.56621059999999,14z/data=!4m8!1m2!2m1!1sWalsh+Dog+Park!3m4!1s0x864e0f2ce02679db:0xd19bc766a2325645!8m2!3d32.7336538!4d-97.56621059999999"
"Country Critters Farm, LLC",http://countrycrittersfarm.com/,+1 817-477-3060,"3709 County Rd 617, Alvarado, TX 76009",Alvarado,76009,Texas,32.503525,-97.1390716,https://lh3.googleusercontent.com/p/AF1QipMzz7ivqXit0YBOC9WLxjaDJj2uVKCneDr-6Z4B=w800-h500-k-no,,OPERATIONAL,"Country Critters Farm offers birthday parties, field trips, and seasonal family visits at our farm. We also have an amazing Pumpkin Patch in the Fall. We can also load up the animals and come to you! We offer petting zoos and pony rides for small parties to large city events! We have been in the business of entertaining and educating kids for over 25 years!","https://www.google.com/maps/place/Country+Critters+Farm%2C+LLC/@32.503524999999996,-97.1390716,14z/data=!4m8!1m2!2m1!1sCountry+Critters+Farm%2C+LLC!3m4!1s0x864e5e325d4754af:0xcdc0bdf83a4e150c!8m2!3d32.503524999999996!4d-97.1390716"
Arlington Dog Daycare and Boarding,http://www.arlingtondogdaycare.com/,+1 972-204-5835,"107 W Randol Mill Rd, Arlington, TX 76011",Arlington,76011,Texas,32.7510656,-97.1076143,https://lh3.googleusercontent.com/p/AF1QipPzhZH3G3Nq7zo_vqW4WKmTUQaIg04v5su96BgK=w800-h500-k-no,"{""Sunday"": ""7AM-7:30PM"", ""Monday"": ""7AM-7:30PM"", ""Tuesday"": ""7AM-7:30PM"", ""Wednesday"": ""7AM-7:30PM"", ""Thursday"": ""7AM-7PM"", ""Friday"": ""7AM-7PM"", ""Saturday"": ""7AM-7:30PM""}",OPERATIONAL,,"https://www.google.com/maps/place/Arlington+Dog+Daycare+and+Boarding/@32.7510656,-97.1076143,14z/data=!4m8!1m2!2m1!1sArlington+Dog+Daycare+and+Boarding!3m4!1s0x864e7d6fc78c6f35:0x96267be6f4183844!8m2!3d32.7510656!4d-97.1076143"
Doggie Depot,,,"103 S Mesquite St C, Arlington, TX 76010",Arlington,76010,Texas,32.7362593,-97.1056179,https://streetviewpixels-pa.googleapis.com/v1/thumbnail?panoid=qywLfyf3wcBcUuxIsNyu2Q&cb_client=search.gws-prod.gps&w=800&h=500&yaw=98.58245&pitch=0&thumbfov=100,,OPERATIONAL,,"https://www.google.com/maps/place/Doggie+Depot/@32.7362593,-97.1056179,14z/data=!4m8!1m2!2m1!1sDoggie+Depot!3m4!1s0x864e7d00590470e7:0xded7c347ac77ccd9!8m2!3d32.7362593!4d-97.1056179"
CJ's Play Corner,https://www.cjsplaycorner.com/,+1 817-406-4019,"118 S Stewart St Bldg #2, Azle, TX 76020",Azle,76020,Texas,32.8909812,-97.5445474,https://lh3.googleusercontent.com/p/AF1QipPzBZ-vGhFkFewtGaLG2CluLuh4v1HQ3TUMAlt4=w800-h500-k-no,"{""Sunday"": ""5:30-7:30PM"", ""Monday"": ""9AM-6PM"", ""Tuesday"": ""1-7PM"", ""Wednesday"": ""9AM-6PM"", ""Thursday"": ""1-7PM"", ""Friday"": ""9AM-6PM"", ""Saturday"": ""9AM-8PM""}",OPERATIONAL,"CJ's Play Corner is a vibrant indoor playground designed for children aged 7 and younger, offering a fun, safe environment with soft play equipment. We provide open play sessions, birthday parties, community events, and parents' night out activities. Our goal is to create a welcoming space for families to enjoy, relax, and make lasting memories.","https://www.google.com/maps/place/CJ%27s+Play+Corner/@32.8909812,-97.5445474,14z/data=!4m8!1m2!2m1!1sCJ%27s+Play+Corner!3m4!1s0x864de3f2df2994bb:0x9967296d090e2976!8m2!3d32.8909812!4d-97.5445474"
Bedford Bark Park,https://bedfordtx.gov/793/Bark-Park,+1 817-952-2100,"3200 Meadow Park Dr, Bedford, TX 76021",Bedford,76021,Texas,32.8559097,-97.1350686,https://lh3.googleusercontent.com/p/AF1QipNO5bmtMbA0ENfkzjKHs1PqJChvKekd4L7SZXQ6=w800-h500-k-no,"{""Sunday"": ""7AM-9PM"", ""Monday"": ""7AM-9PM"", ""Tuesday"": ""7AM-9PM"", ""Wednesday"": ""12-9PM"", ""Thursday"": ""7AM-9PM"", ""Friday"": ""7AM-9PM"", ""Saturday"": ""7AM-9PM""}",OPERATIONAL,"The Bark Park is the City of Bedford's dog park, located within the Meadow Park Athletic Complex. The park has separate areas for small and large dogs.","https://www.google.com/maps/place/Bedford+Bark+Park/@32.8559097,-97.1350686,14z/data=!4m8!1m2!2m1!1sBedford+Bark+Park!3m4!1s0x864e7f9fea0f0143:0xd1654aee24657e9c!8m2!3d32.8559097!4d-97.1350686"
Hurst Dog Park,https://www.hursttx.gov/home/showpublisheddocument/10474/637635741197130000,,"900 TCC Rd, Hurst, TX 76054",Hurst,76054,Texas,32.8500836,-97.1881606,https://lh3.googleusercontent.com/gps-cs-s/AC9h4npn1jUnS9YJTtidi8ZlmUssg-W8WImOhUjYJwlQFrhpoOyZEt6s4GrLXNvpV6jkBxC8UVVX0uo_LZWiruuft6lj9MY-U6W5Go-sz6FPS0bi005lhcv359XtxBRZSy1oQ0Y15WlIzw=w800-h500-k-no,"{""Sunday"": ""7AM-9PM"", ""Monday"": ""7AM-9PM"", ""Tuesday"": ""7AM-9PM"", ""Wednesday"": ""1-9PM"", ""Thursday"": ""7AM-9PM"", ""Friday"": ""7AM-9PM"", ""Saturday"": ""7AM-9PM""}",OPERATIONAL,,"https://www.google.com/maps/place/Hurst+Dog+Park/@32.8500836,-97.18816059999999,14z/data=!4m8!1m2!2m1!1sHurst+Dog+Park!3m4!1s0x864e79564762626d:0xd05e57ebef784e8a!8m2!3d32.8500836!4d-97.18816059999999"
Burleson Bark Park,https://www.burlesontx.com/2462/Burleson-Bark-Park,,"616 Memorial Plaza, Burleson, TX 76028",Burleson,76028,Texas,32.5377078,-97.3063638,https://lh3.googleusercontent.com/gps-cs-s/AC9h4nqJ0VdlEXJNzBuFwCuLdK1l-MElpK6D72wd-GsN44JoFHGEHP4TSJ58tcp7qd6hxdKFqH9m73wDQgdtl5aSS-buxkoe4-VHMCBov11xpuTZNGvLpki28jcwKMWl8z6l_3EO8W05bw=w800-h500-k-no,"{""Sunday"": ""5AM-11PM"", ""Monday"": ""Closed"", ""Tuesday"": ""5AM-11PM"", ""Wednesday"": ""5AM-11PM"", ""Thursday"": ""5AM-11PM"", ""Friday"": ""5AM-11PM"", ""Saturday"": ""5AM-11PM""}",OPERATIONAL,,"https://www.google.com/maps/place/Burleson+Bark+Park/@32.5377078,-97.3063638,14z/data=!4m8!1m2!2m1!1sBurleson+Bark+Park!3m4!1s0x864e69398149d2ab:0xecaafbce2cafce45!8m2!3d32.5377078!4d-97.3063638"
The Dapper Dog Academy,https://www.thedapperdogacademy.com/?utm_source=google,+1 817-659-5035,"1605 Woodside Ln E, Cleburne, TX 76033",Cleburne,76033,Texas,32.3593477,-97.4226937,https://lh3.googleusercontent.com/p/AF1QipNhp40fP6paWLY2DcetuGVwO5iD1iWKB1Dp8fxY=w800-h500-k-no,"{""Sunday"": ""9AM-1PM"", ""Monday"": ""9AM-8PM"", ""Tuesday"": ""9AM-8PM"", ""Wednesday"": ""9AM-8PM"", ""Thursday"": ""9AM-8PM"", ""Friday"": ""9AM-8PM"", ""Saturday"": ""9AM-1PM""}",OPERATIONAL,"At The Dapper Dog Academy, we are dedicated to enhancing the lives of both dogs and their owners through the power of effective, professional dog training. Nestled in the heart of the Dallas Fort-Worth metroplex, our academy is the beacon of hope for pet parents seeking to nurture obedient, well-behaved, and truly remarkable canine companions.
We believe that every dog has the potential to shine. Let us be your partner on this rewarding journey of transformation. Together, we'll create a confident, well-behaved, and truly dapper dog. Contact us today to embark on a training experience that will bring out the best in your furry companion, and in you as a responsible pet owner.","https://www.google.com/maps/place/The+Dapper+Dog+Academy/@32.3593477,-97.4226937,14z/data=!4m8!1m2!2m1!1sThe+Dapper+Dog+Academy!3m4!1s0x864e47f3de3517bb:0xaaae7d7ee333ef1b!8m2!3d32.3593477!4d-97.4226937"
Bark Park at Bear Creek Park,https://gograpevine.com/listing/the-bark-park-at-bear-creek-park/,+1 817-410-3450,"Texas 360 Service Rd, Grapevine, TX 76051",Grapevine,76051,Texas,32.8964617,-97.0892327,https://lh3.googleusercontent.com/gps-cs-s/AC9h4nqijXN8ePl16iA7vjfsDe2bphPXg5SprpXNMXEsNKeW_qnxYtzWej_JfA1wqI4qtIkWJAfXpbbk_VUfMmje2jiFLdduykuK1jahUY835wBiQQQr0inKNN9WBdo28bZjAnWhLEFtQw=w800-h500-k-no,,OPERATIONAL,,"https://www.google.com/maps/place/Bark+Park+at+Bear+Creek+Park/@32.896461699999996,-97.0892327,14z/data=!4m8!1m2!2m1!1sBark+Park+at+Bear+Creek+Park!3m4!1s0x864c2b7ac9463fab:0x2b17ccea4c803ce0!8m2!3d32.896461699999996!4d-97.0892327"
Cheeky Monkeys - Colleyville,https://www.cheekymonkeys.us/,+1 682-325-4228,"1009 Cheek-Sparger Rd #122b, Colleyville, TX 76034",Colleyville,76034,Texas,32.8671615,-97.1517139,https://lh3.googleusercontent.com/gps-cs-s/AC9h4nrtGhFjbhWWq0qba_snJc54pjYFsus2U-x4OBlTo6Pwj8YA83z6rbFuWnozWns3xrni9YAMu7clb2sJoKIvRd0g70RFRreRuRyhf3tpXeftuBXJi0hCzsOMQj1L8OI7NCkt23MoUw=w800-h500-k-no,"{""Sunday"": ""9AM-7PM"", ""Monday"": ""9AM-7PM"", ""Tuesday"": ""9AM-7PM"", ""Wednesday"": ""9AM-7PM"", ""Thursday"": ""9AM-7PM"", ""Friday"": ""9AM-9PM"", ""Saturday"": ""9AM-9PM""}",OPERATIONAL,,"https://www.google.com/maps/place/Cheeky+Monkeys+-+Colleyville/@32.8671615,-97.15171389999999,14z/data=!4m8!1m2!2m1!1sCheeky+Monkeys+-+Colleyville!3m4!1s0x864e7ff906c6c4e9:0x4e49f4db1493040f!8m2!3d32.8671615!4d-97.15171389999999"
Sit N Stay Pet Retreat,http://www.sitnstaypetretreat.com/,+1 817-770-4432,"8300 Precinct Line Rd #110, Colleyville, TX 76034",Colleyville,76034,Texas,32.9045009,-97.1855891,https://lh3.googleusercontent.com/gps-cs-s/AC9h4nrncBtStdgDTqJyRebN8JXR1hn3eCfZchXS_KJsgBCjQMKb_k2lS6hwMjvxJKKj_qalwLY3r1JIWWKndxBIzpzYcxV4PO7Jn25Sh9eAUyp6HRMI2-KjadFHmTkNfUJbjd45nrOSWw=w800-h500-k-no,"{""Sunday"": ""4-6PM"", ""Monday"": ""7AM-6PM"", ""Tuesday"": ""7AM-6PM"", ""Wednesday"": ""7AM-6PM"", ""Thursday"": ""7AM-6PM"", ""Friday"": ""7AM-6PM"", ""Saturday"": ""9AM-3PM""}",OPERATIONAL,,"https://www.google.com/maps/place/Sit+N+Stay+Pet+Retreat/@32.904500899999995,-97.1855891,14z/data=!4m8!1m2!2m1!1sSit+N+Stay+Pet+Retreat!3m4!1s0x864dd670c27bb451:0xeaf5d66fa7ef149e!8m2!3d32.904500899999995!4d-97.1855891"
Wag Hotels - DFW,https://www.waghotels.com/dallas-fort-worth/,+1 888-924-5463,"3010 N Airfield Dr, DFW Airport, TX 75261",DFW Airport,75261,Texas,32.9154649,-97.016478,https://lh3.googleusercontent.com/gps-cs-s/AC9h4nr7-Ln1ZOTBwb8O9f1TDrKoi1U0MTm8euSwXiXo5oxIdnhIiENngxIkI7g3gMMwZt48Iq43-fvz5d_-3eDHo-ZZl0JRbZTZ4xqKgjEbLFSZsQYxUkAW8Xqkr1Ek2ZW8UZ0MOCT2EQ=w800-h500-k-no,"{""Sunday"": ""Open 24 hours"", ""Monday"": ""Open 24 hours"", ""Tuesday"": ""Open 24 hours"", ""Wednesday"": ""Open 24 hours"", ""Thursday"": ""Open 24 hours"", ""Friday"": ""Open 24 hours"", ""Saturday"": ""Open 24 hours""}",OPERATIONAL,,"https://www.google.com/maps/place/Wag+Hotels+-+DFW/@32.915464899999996,-97.01647799999999,14z/data=!4m8!1m2!2m1!1sWag+Hotels+-+DFW!3m4!1s0x864c2a305a98478b:0x58571849717b6552!8m2!3d32.915464899999996!4d-97.01647799999999"
The Posh Paw Resort,https://poshpawresort.com/?utm_source=gmb,+1 817-268-9606,"1808 Industrial Blvd, Colleyville, TX 76034",Colleyville,76034,Texas,32.9026072,-97.1389979,https://lh3.googleusercontent.com/p/AF1QipMNWLwzJuvEw_MPaqQ1uEHNlvrsPl7ABxwCRfbS=w800-h500-k-no,"{""Sunday"": ""3-5PM"", ""Monday"": ""7:30AM-6PM"", ""Tuesday"": ""7:30AM-6PM"", ""Wednesday"": ""7:30AM-6PM"", ""Thursday"": ""7:30AM-6PM"", ""Friday"": ""7:30AM-6PM"", ""Saturday"": ""9AM-4PM""}",OPERATIONAL,,"https://www.google.com/maps/place/The+Posh+Paw+Resort/@32.9026072,-97.13899789999999,14z/data=!4m8!1m2!2m1!1sThe+Posh+Paw+Resort!3m4!1s0x864dd5a6e12ee1e5:0x55240bba008a6e81!8m2!3d32.9026072!4d-97.13899789999999"
NRH Tipps Canine Hollow Dog Park,http://www.nrhtx.com/Facilities.aspx?Page=detail,+1 817-427-6620,"7804 Davis Blvd, North Richland Hills, TX 76182",North Richland Hills,76182,Texas,32.8900077,-97.2011592,https://lh3.googleusercontent.com/gps-cs-s/AC9h4np-23d5svhjhjY-ZCpVcn8BWcOUVzgk4r9A95qTlcpzeeoHLdjS5d-bj7bdv5pNZjbCemgtojFphpNyFkVBYMZUH0aHgXohquE6N97r9mjzdqo1XDwgd8rk05_QKckLdUnpt-zJCA=w800-h500-k-no,"{""Sunday"": ""7AM-7:30PM"", ""Monday"": ""7AM-7:30PM"", ""Tuesday"": ""7AM-7:30PM"", ""Wednesday"": ""11AM-7:30PM"", ""Thursday"": ""7AM-7:30PM"", ""Friday"": ""7AM-7:30PM"", ""Saturday"": ""7AM-7:30PM""}",OPERATIONAL,,"https://www.google.com/maps/place/NRH+Tipps+Canine+Hollow+Dog+Park/@32.8900077,-97.20115919999999,14z/data=!4m8!1m2!2m1!1sNRH+Tipps+Canine+Hollow+Dog+Park!3m4!1s0x864dd63e167e8031:0x4b1c0b0a53bf04c5!8m2!3d32.8900077!4d-97.20115919999999"
House of Air Trampoline & Ninja Park,https://houseofair.com/crowley/,+1 682-710-7052,"320 E Main St, Crowley, TX 76036",Crowley,76036,Texas,32.5776696,-97.3554552,https://lh3.googleusercontent.com/p/AF1QipP5xo4wUzC8LdwhDH7tArG94Bfu9Q78n1PwFnce=w800-h500-k-no,"{""Sunday"": ""9AM-9PM"", ""Monday"": ""9AM-9PM"", ""Tuesday"": ""9AM-9PM"", ""Wednesday"": ""9AM-9PM"", ""Thursday"": ""9AM-9PM"", ""Friday"": ""9AM-10PM"", ""Saturday"": ""9AM-10PM""}",OPERATIONAL,"House of Air Trampoline & Ninja Park is a children's adrenaline trampoline park in Tarrant County. We offer fun, family-friendly activities from indoor rock climbing to ninja warrior courses! We also cater to groups and special events with exciting activities including, trampoline dodgeball, basketball dunking zones, and jousting. Or test your climbing skills with our indoor rock climbing and bouldering walls. We have something exciting here for everyone!
Let us take care of your children's birthday parties, corporate or family events, and fundraisers. Our party packages take the stress out of party planning so you can get the most fun! Get your tickets online or give us a call to book your next event today!","https://www.google.com/maps/place/House+of+Air+Trampoline+%26+Ninja+Park/@32.5776696,-97.3554552,14z/data=!4m8!1m2!2m1!1sHouse+of+Air+Trampoline+%26+Ninja+Park!3m4!1s0x864e6be3c15fadcf:0xc65fe5b6e9ef9de3!8m2!3d32.5776696!4d-97.3554552"
Euless Dog Park,https://www.eulesstx.gov/departments/parks-and-community-services/parks/dog-park,+1 817-685-1400,"1951 Bear Creek Pkwy, Euless, TX 76039",Euless,76039,Texas,32.8645605,-97.0687999,https://lh3.googleusercontent.com/gps-cs-s/AC9h4nr--HH8d9JvtbtrmUfJrQkF2SS7LMg0YptitJ9iFn43MuFZC0bYbA4F1sckXBzi3IfUlIoNpbtnxwmJsrrN9uQO5aqsag7_nHST90y7FJ6jR6ndzB-NkElWa88kTKwbjI7AS-Yo=w800-h500-k-no,"{""Sunday"": ""7AM-9PM"", ""Monday"": ""7AM-9PM"", ""Tuesday"": ""7AM-9PM"", ""Wednesday"": ""7AM-9PM"", ""Thursday"": ""7AM-9PM"", ""Friday"": ""7AM-9PM"", ""Saturday"": ""7AM-9PM""}",OPERATIONAL,,"https://www.google.com/maps/place/Euless+Dog+Park/@32.864560499999996,-97.0687999,14z/data=!4m8!1m2!2m1!1sEuless+Dog+Park!3m4!1s0x864e8144f4c137a7:0x1e4deefa1f141a5d!8m2!3d32.864560499999996!4d-97.0687999"
Kids Empire Euless,https://www.kidsempire.com/park/euless?utm_source=gmb,+1 817-527-8750,"1210 Chisholm Trail, Euless, TX 76039",Euless,76039,Texas,32.8751979,-97.1022101,https://lh3.googleusercontent.com/gps-cs-s/AC9h4nrjyGvMAeW15lVgy59loxAmIEXriyqu4OpsEh12sUUq8XeALRdYL4gARfP8VMyPy2uq7twnM_0yOnv3AI0nntBWwvzgrpaAynaS9-GpDOCIefMjdMdLjMNQU-iYwuM0twQ-OSGQJA=w800-h500-k-no,"{""Sunday"": ""10AM-10PM"", ""Monday"": ""10AM-8PM"", ""Tuesday"": ""10AM-8PM"", ""Wednesday"": ""10AM-8PM"", ""Thursday"": ""10AM-8PM"", ""Friday"": ""10AM-10PM"", ""Saturday"": ""10AM-10PM""}",OPERATIONAL,,"https://www.google.com/maps/place/Kids+Empire+Euless/@32.875197899999996,-97.1022101,14z/data=!4m8!1m2!2m1!1sKids+Empire+Euless!3m4!1s0x864e7fb018330cdd:0x81723c9817c4bd99!8m2!3d32.875197899999996!4d-97.1022101"
Wags-A-Hachie Dog Park,https://www.waxahachie.com/departments/parks_and_recreation/index.php,+1 469-309-4000,"701 Howard Rd, Waxahachie, TX 75165",Waxahachie,75165,Texas,32.3785998,-96.8454832,https://lh3.googleusercontent.com/gps-cs-s/AC9h4nrPUSl2Mlwx9kr6qscDvph2E7t-ohMTootX3nah5B-4utceQeON4myWTc9_k4seDt_CozVc87VQqUr5-u4p_0IGuEYp-6-AO2uplCXTn_ZHtWb5DLMmHt8soXz6ZOMpA5Wgo__e=w800-h500-k-no,,OPERATIONAL,,"https://www.google.com/maps/place/Wags-A-Hachie+Dog+Park/@32.378599799999996,-96.84548319999999,14z/data=!4m8!1m2!2m1!1sWags-A-Hachie+Dog+Park!3m4!1s0x864eef39f1a1712f:0xa9186ee46dc8ee8b!8m2!3d32.378599799999996!4d-96.84548319999999"
Farmhouse Kennels Boarding and Grooming,,+1 254-396-1095,"2693 Co Rd 1007, Glen Rose, TX 76043",Glen Rose,76043,Texas,32.260272,-97.8214733,https://lh3.googleusercontent.com/p/AF1QipNQdwv9G52mEYYQ22fbgsDuwWW0cxQgP5LcPiIB=w800-h500-k-no,"{""Sunday"": ""2-6PM"", ""Monday"": ""8AM-6PM"", ""Tuesday"": ""8AM-6PM"", ""Wednesday"": ""8AM-6PM"", ""Thursday"": ""8AM-6PM"", ""Friday"": ""8AM-6PM"", ""Saturday"": ""8AM-6PM""}",OPERATIONAL,"Pet Boarding, Mobile Grooming and On-Site Grooming, In Home Care","https://www.google.com/maps/place/Farmhouse+Kennels+Boarding+and+Grooming/@32.260272,-97.8214733,14z/data=!4m8!1m2!2m1!1sFarmhouse+Kennels+Boarding+and+Grooming!3m4!1s0x8651d7fe8fd7f7a1:0xc57bbc514bc3b4d7!8m2!3d32.260272!4d-97.8214733"
Two Paws Up Kennels & Grooming,http://www.twopawsupkennels.com/,+1 682-331-9243,"8220 County Rd 1229, Godley, TX 76044",Godley,76044,Texas,32.4215202,-97.5166443,https://lh3.googleusercontent.com/gps-cs-s/AC9h4nqx_t0_cRu_LLLU7H6ztKEYuIFuniNDrYbyyPKc-VQVQhaGbmKa6Js9YS2XJsqEUmwpJAUiPhwuuPFArv9crHvjL-ubrnfkdkANEdFL8e4QY3vXnl6k0ROT1VIs3dq1sOWLWV-1=w800-h500-k-no,"{""Sunday"": ""7-10AM,4-7PM"", ""Monday"": ""7AM-7PM"", ""Tuesday"": ""7AM-7PM"", ""Wednesday"": ""7AM-7PM"", ""Thursday"": ""7AM-7PM"", ""Friday"": ""7AM-7PM"", ""Saturday"": ""7-10AM,4-7PM""}",OPERATIONAL,"Small family owned and family run Dog Boarding, Dog Daycare and Grooming facility located in Godley, TX.","https://www.google.com/maps/place/Two+Paws+Up+Kennels+%26+Grooming/@32.421520199999996,-97.5166443,14z/data=!4m8!1m2!2m1!1sTwo+Paws+Up+Kennels+%26+Grooming!3m4!1s0x864e3fe4f8dace9b:0xc738506b8e1333f!8m2!3d32.421520199999996!4d-97.5166443"
Granbury Bark Park,https://www.granbury.org/750/Granbury-Dog-Park,+1 817-573-7030,"600 W Moore St, Granbury, TX 76048",Granbury,76048,Texas,32.4478093,-97.7930608,https://lh3.googleusercontent.com/gps-cs-s/AC9h4nryF1bDKYwgHb4HjXtGcsVXR8O3CvB3UI6fT-hVQ97_BiinnuSXAomSOf856N-nHlxq7-6pS9LPfnszN6q6Owrd2wFa0Djvz4_HzDWNjLUa-bOktjHgu4bPICybzvi6ce_zg1ECsQ=w800-h500-k-no,"{""Sunday"": ""5AM-11PM"", ""Monday"": ""5AM-11PM"", ""Tuesday"": ""5AM-11PM"", ""Wednesday"": ""5AM-11PM"", ""Thursday"": ""5AM-11PM"", ""Friday"": ""5AM-11PM"", ""Saturday"": ""5AM-11PM""}",OPERATIONAL,,"https://www.google.com/maps/place/Granbury+Bark+Park/@32.447809299999996,-97.79306079999999,14z/data=!4m8!1m2!2m1!1sGranbury+Bark+Park!3m4!1s0x8651df856eee8adb:0x27b83589648a4926!8m2!3d32.447809299999996!4d-97.79306079999999"
Puppy Palace Resort and Grooming,https://puppypalaceresorts.com/,+1 682-260-3843,"8616 State Hwy 171, Grandview, TX 76050",Grandview,76050,Texas,32.2470661,-97.2833748,https://lh3.googleusercontent.com/p/AF1QipMMKpsNyfPuN1h9muU1XM4kNMLbiGtMJ41cjDSz=w800-h500-k-no,"{""Sunday"": ""9AM-3PM"", ""Monday"": ""8AM-7PM"", ""Tuesday"": ""8AM-7PM"", ""Wednesday"": ""8AM-7PM"", ""Thursday"": ""8AM-7PM"", ""Friday"": ""8AM-7PM"", ""Saturday"": ""8AM-7PM""}",OPERATIONAL,"Welcome to Puppy Palace Resort and Grooming, where we've been caring for your furry friends since 2025. Our state-of-the-art facility offers a full range of pet services including grooming, boarding, daycare, and more. With our experienced and compassionate staff, we'll provide your pet with personalized care and all the comforts of home. Whether you need a day of pampering or a longer stay, Puppy Palace Resort and Grooming is the perfect place for your pet to relax and have fun.

#Groomer
#kennel
#Boarding
#Full-Service Dog Grooming
#Walks
#Dog Daycare
And so much more!

#petboarding#petgrooming#dog#petcare#doggrooming#nailstrimmed#dogbath#doggy#dogboarding#petstay#puppy#pet#puppypalace#pupper#doglove#doggroomingnearme","https://www.google.com/maps/place/Puppy+Palace+Resort+and+Grooming/@32.2470661,-97.28337479999999,14z/data=!4m8!1m2!2m1!1sPuppy+Palace+Resort+and+Grooming!3m4!1s0x864e4f8e6eb137dd:0x7c45d18584663546!8m2!3d32.2470661!4d-97.28337479999999"
Melissa’s Prestigious Pawz 2,,+1 817-847-5577,"13625 US-287, Fort Worth, TX 76179",Fort Worth,76179,Texas,32.9775009,-97.4250106,https://lh3.googleusercontent.com/p/AF1QipNyECkSKy0M4CRmQ319w9QLOe7BQqKBnfxqbjgL=w800-h500-k-no,,OPERATIONAL,"We are a local Family Business that has been in Business since 2011. I have over 26 years of experience in the Pet Boarding & Training Industry. We offer Boarding, Training, Doggie Daycare and Grooming. We also have a Store Front that sells CBD’s, Pet Clothing,, Premium Dog Food, Raw Dog Food, Freeze Dried Dog Food, Dog Treats, Dog Collars, Dog Blankets, Toys, Brushes, Vitamins and much more!","https://www.google.com/maps/place/Melissa%E2%80%99s+Prestigious+Pawz+2/@32.977500899999995,-97.4250106,14z/data=!4m8!1m2!2m1!1sMelissa%E2%80%99s+Prestigious+Pawz+2!3m4!1s0x864ddd61bcf25d95:0x4fd516e8d264f928!8m2!3d32.977500899999995!4d-97.4250106"
Pupper Place,http://pupperplace.com/,+1 817-484-0408,"4504 Blackburn Ave, Joshua, TX 76058",Joshua,76058,Texas,32.5202897,-97.4647178,https://lh3.googleusercontent.com/gps-cs-s/AC9h4npUgB866hPmtIqb3_XQrfyu3S0dCQnWi9k668vnw7wau4WB4hypRre06Tl8t7K7jzvDlAdJabuy50iUZ65ZNZJOzSH7LnxtDB60aQ-TdG-4MWPOV1bHF6FK0zec1YVVVR4_avI5uQ=w800-h500-k-no,"{""Sunday"": ""11AM-1PM"", ""Monday"": ""8AM-7PM"", ""Tuesday"": ""8AM-7PM"", ""Wednesday"": ""8AM-7PM"", ""Thursday"": ""8AM-7PM"", ""Friday"": ""8AM-7PM"", ""Saturday"": ""8AM-4PM""}",OPERATIONAL,"All-Inclusive Pet Resort & Spa
Your dog deserves a vacation too!
Pupper Place Dogs have all the fun! Your dog will enjoy an indoor climate controlled kennel and a private outdoor shaded space. Doggie doors give them access to safely roam inside and outside at their leisure. Outdoor patios have a puppy potty area. Playtime includes a 1000 square foot fenced lot; walks are on surrounding fenced property.","https://www.google.com/maps/place/Pupper+Place/@32.5202897,-97.4647178,14z/data=!4m8!1m2!2m1!1sPupper+Place!3m4!1s0x864e15e9fea43d1f:0xde2ccd73e54e5477!8m2!3d32.5202897!4d-97.4647178"
Prairie Dog' Park,http://fortworthtexas.gov/,+1 817-392-5700,"5060 Parker Henderson Rd, Fort Worth, TX 76119",Fort Worth,76119,Texas,32.6866813,-97.2576498,https://lh3.googleusercontent.com/gps-cs-s/AC9h4nr0bi6tkWEB5ZA4MPLVGnbVpgTAbg4YWjxYewDV90o_1-waM3v0LezIvexsVRcY7OFbn2f5mFt4lN2gcDGjyRAqcJWiZ2-2316BMurNZOGQJeTLX167USD5_1UuWW8KisE4pTg=w800-h500-k-no,"{""Sunday"": ""Open 24 hours"", ""Monday"": ""Open 24 hours"", ""Tuesday"": ""Open 24 hours"", ""Wednesday"": ""Open 24 hours"", ""Thursday"": ""Open 24 hours"", ""Friday"": ""Open 24 hours"", ""Saturday"": ""Open 24 hours""}",OPERATIONAL,,"https://www.google.com/maps/place/%27Prairie+Dog%27+Park/@32.6866813,-97.2576498,14z/data=!4m8!1m2!2m1!1s%27Prairie+Dog%27+Park!3m4!1s0x864e6553094728f5:0xe7b9469b43defab0!8m2!3d32.6866813!4d-97.2576498"
Mans Best Field Dog Park,https://www.mansfieldtexas.gov/1509/Mans-Best-Field-Dog-Park,+1 817-728-3680,"610 W Broad St, Mansfield, TX 76063",Mansfield,76063,Texas,32.564327,-97.148683,https://lh3.googleusercontent.com/gps-cs-s/AC9h4nqbPOrkTU2qs_SoAi4EYNl1SKOV4t_Xd01cYLPW5sf2zle75KXKmOKxyG7MNtNwOk5x_Kuf6RWSLdXx-G8UxyUWCfAOzSwxCZ_MbJzcKQDdGRrtf04KXmDdMgeLG5xlXkuiMPHs=w800-h500-k-no,"{""Sunday"": ""5AM-9PM"", ""Monday"": ""5AM-9PM"", ""Tuesday"": ""Closed"", ""Wednesday"": ""5AM-9PM"", ""Thursday"": ""5AM-9PM"", ""Friday"": ""5AM-9PM"", ""Saturday"": ""5AM-9PM""}",OPERATIONAL,temporarily closed,"https://www.google.com/maps/place/Mans+Best+Field+Dog+Park/@32.564327,-97.14868299999999,14z/data=!4m8!1m2!2m1!1sMans+Best+Field+Dog+Park!3m4!1s0x864e6133750a3aef:0xb11a6258116b886a!8m2!3d32.564327!4d-97.14868299999999"
Pearsall Dog Park,https://www.sanantonio.gov/ParksAndRec/Parks-Facilities/All-Parks-Facilities/Parks-Facilities-Details/ArtMID/14820/ArticleID/2528/Pearsall-Park,,"5414 Old Pearsall Rd #5346, San Antonio, TX 78242",San Antonio,78242,Texas,29.3560504,-98.6006146,https://lh3.googleusercontent.com/gps-cs-s/AC9h4nrdns2g8YYbNkKU6vgmJjjuSirKoRizpeKB4kYYUOjp6QoVS6fPmQr0x9VnWBZ-4DPaQgM--zK5Vgv3GoiteyWN6UC18Ptw4V8pgKRHSRJI4OIVCu2iZ6FVjz3HI_4sfa7lfLUE=w800-h500-k-no,"{""Sunday"": ""Open 24 hours"", ""Monday"": ""Open 24 hours"", ""Tuesday"": ""Open 24 hours"", ""Wednesday"": ""Open 24 hours"", ""Thursday"": ""Open 24 hours"", ""Friday"": ""Open 24 hours"", ""Saturday"": ""Open 24 hours""}",OPERATIONAL,,"https://www.google.com/maps/place/Pearsall+Dog+Park/@29.356050399999997,-98.6006146,14z/data=!4m8!1m2!2m1!1sPearsall+Dog+Park!3m4!1s0x865c5a441420f183:0xc7875976312a4d2a!8m2!3d29.356050399999997!4d-98.6006146"
The Sunflower Pet Sitting and Boarding,,+1 830-688-1656,"832 Cedar Pass Rd, Pipe Creek, TX 78063",Pipe Creek,78063,Texas,29.6918765,-98.8663662,https://lh3.googleusercontent.com/p/AF1QipP-6_ODWPYHr39n2VPorZvYFysHT2FfjAWG-cHP=w800-h500-k-no,"{""Sunday"": ""1-5PM"", ""Monday"": ""8AM-5PM"", ""Tuesday"": ""8AM-5PM"", ""Wednesday"": ""8AM-5PM"", ""Thursday"": ""8AM-5PM"", ""Friday"": ""8AM-5PM"", ""Saturday"": ""8AM-5PM""}",OPERATIONAL,"We are a small ""Mom and Pop"" kennel with very clean dog and cat friendly facilities.
Dog kennel rooms are a specious 6x10 feet, with rubber floors (easy on old dogs). Each kennel bay is 100% climate controlled, heated and a/c. All kennels feature plenty of shade, and a connected, covered outside run. We have a large fenced exercise/play area, and walking trails for exercise during the day.
Our current rate is $20 per night for each animal. Doggie day care is also $20.
Shots required to board are:
Dogs - Rabies, Parvo/Distemper, Boardetella
Cats - Rabies, FVRCP
NOTE: Boardetella must be administered at least 2 weeks before boarding.
We are not set up to board aggressive dogs at The Sunflower
Services at The Sunflower are by appointment only","https://www.google.com/maps/place/The+Sunflower+Pet+Sitting+and+Boarding/@29.6918765,-98.8663662,14z/data=!4m8!1m2!2m1!1sThe+Sunflower+Pet+Sitting+and+Boarding!3m4!1s0x865c0d2d5e99488b:0xc757e6db57e4459e!8m2!3d29.6918765!4d-98.8663662"
Bark Park dog park,,,"215 E Adams St, Pleasanton, TX 78064",Pleasanton,78064,Texas,28.9643789,-98.4820213,https://streetviewpixels-pa.googleapis.com/v1/thumbnail?panoid=HIrxDxPsuM1AIU1m9maV-Q&cb_client=search.gws-prod.gps&w=800&h=500&yaw=266.00403&pitch=0&thumbfov=100,,OPERATIONAL,,"https://www.google.com/maps/place/Bark+Park+dog+park/@28.9643789,-98.4820213,14z/data=!4m8!1m2!2m1!1sBark+Park+dog+park!3m4!1s0x865d07001901c2cb:0xd6703f1420c08ab9!8m2!3d28.9643789!4d-98.4820213"
Paradise Canyon,http://paradisecanyon.com/,+1 830-751-9911,"2220 Co Rd 2615, Rio Medina, TX 78066",Rio Medina,78066,Texas,29.5035358,-98.9035457,https://lh3.googleusercontent.com/p/AF1QipMNJIrubvK2ti0WGDa8ZDvEBBMcdMWW--C33n6y=w800-h500-k-no,,OPERATIONAL,"Fishing, boating, camping & a rustic lodge in a scenic canyon featuring a river & abundant wildlife.","https://www.google.com/maps/place/Paradise+Canyon/@29.503535799999998,-98.9035457,14z/data=!4m8!1m2!2m1!1sParadise+Canyon!3m4!1s0x865c15ecd5be6871:0x21d3ef1700d43d96!8m2!3d29.503535799999998!4d-98.9035457"
Pet Galaxy,https://petgalaxyusa.com/,+1 830-885-5335,"13060 US-281 N, Spring Branch, TX 78070",Spring Branch,78070,Texas,29.9221769,-98.409275,https://lh3.googleusercontent.com/gps-cs-s/AC9h4np-9C7mti3BKAo_qlGHe-tIPXRsBEVVskjApDeAzhSNFjjXFEZNd2aQS5It-Lf6O9fRR7abpozWGjqK6V23KA-BBCh9vfXhwxmlS5xwUmFRpHg0ErYKGHqvek8S36O5EK2FnkvO8jtZex17=w800-h500-k-no,"{""Sunday"": ""Closed"", ""Monday"": ""7:30AM-5:30PM"", ""Tuesday"": ""7:30AM-5:30PM"", ""Wednesday"": ""7:30AM-5:30PM"", ""Thursday"": ""7:30AM-5:30PM"", ""Friday"": ""7:30AM-5:30PM"", ""Saturday"": ""8AM-3PM""}",OPERATIONAL,,"https://www.google.com/maps/place/Pet+Galaxy/@29.9221769,-98.409275,14z/data=!4m8!1m2!2m1!1sPet+Galaxy!3m4!1s0x865b7e6fb4ef9155:0xcd0f51ce315acbff!8m2!3d29.9221769!4d-98.409275"
"Three Rivers, Texas dog park",,,"Three Rivers, TX 78071",Three Rivers,78071,Texas,28.4664993,-98.1799841,https://streetviewpixels-pa.googleapis.com/v1/thumbnail?panoid=TRGsHQnB6AanVYtwm3af6w&cb_client=search.gws-prod.gps&w=800&h=500&yaw=193.22224&pitch=0&thumbfov=100,"{""Sunday"": ""Open 24 hours"", ""Monday"": ""Open 24 hours"", ""Tuesday"": ""Open 24 hours"", ""Wednesday"": ""Open 24 hours"", ""Thursday"": ""Open 24 hours"", ""Friday"": ""Open 24 hours"", ""Saturday"": ""Open 24 hours""}",OPERATIONAL,,"https://www.google.com/maps/place/Three+Rivers%2C+Texas+dog+park/@28.4664993,-98.1799841,14z/data=!4m8!1m2!2m1!1sThree+Rivers%2C+Texas+dog+park!3m4!1s0x865d610022a98fa1:0xb4f8165b168f9e4a!8m2!3d28.4664993!4d-98.1799841"
Waggin' Trails Dog Park,,,"221 San Antonio Rd, La Vernia, TX 78121",La Vernia,78121,Texas,29.3531998,-98.125724,,,OPERATIONAL,,"https://www.google.com/maps/place/Waggin%27+Trails+Dog+Park/@29.3531998,-98.12572399999999,14z/data=!4m8!1m2!2m1!1sWaggin%27+Trails+Dog+Park!3m4!1s0x865cddce4d29e68b:0xa2aaad33e33ff5e3!8m2!3d29.3531998!4d-98.12572399999999"
Lucky Dawg Spa & Boarding,https://luckydawgspaboarding.curlypet.com/?direct=1,+1 361-318-0594,"2764 Kopplin Rd, Beeville, TX 78102",Beeville,78102,Texas,28.4196168,-97.7840916,https://lh3.googleusercontent.com/gps-cs-s/AC9h4nq_8rvSFZeB8i5fXVVUOb8E99WqqA98KO3pk7gLPQ7rsV_Vfaw0AVCDBWjSbVS7jJhctgD7PNGea0t9_an8CWesrFugcowhJ9R4Jg3uJG1FMKFSFhYbvQzsHsw_BUkhIkir8U2BaA=w800-h500-k-no,"{""Sunday"": ""Closed"", ""Monday"": ""9AM-9PM"", ""Tuesday"": ""9AM-9PM"", ""Wednesday"": ""9AM-9PM"", ""Thursday"": ""9AM-9PM"", ""Friday"": ""9AM-9PM"", ""Saturday"": ""Closed""}",OPERATIONAL,We are a family affair who love dogs. Myself (Gracie) Joseph Garcia have been grooming our own pets and found that we can venture into our community. We are excited for this new journey and hope to have the support of our community.,"https://www.google.com/maps/place/Lucky+Dawg+Spa+%26+Boarding/@28.4196168,-97.7840916,14z/data=!4m8!1m2!2m1!1sLucky+Dawg+Spa+%26+Boarding!3m4!1s0x8667ff832b2289f9:0x8c69da9e9d125bf5!8m2!3d28.4196168!4d-97.7840916"
Puppy Playland Dog Park,https://newbraunfels.gov/facilities/facility/details/Puppy-Playland-Dog-Park-31,+1 830-221-4350,"1240 Landa St, New Braunfels, TX 78132",New Braunfels,78132,Texas,29.6965434,-98.1555683,https://lh3.googleusercontent.com/gps-cs-s/AC9h4npI6SnXXGLNixkaFfZgVgHaLVFErzJniIiDYthBHV1XOkLQ-8ONspw-aaC5sx_oX7_w7lZSzZxeKbjL9cMfiCbsqSbC7oUPO3SthYEtQv7mPycN6ROjeTyZzgdNv4NXIvcCS8Q=w800-h500-k-no,"{""Sunday"": ""6AM-9PM"", ""Monday"": ""6AM-9PM"", ""Tuesday"": ""6AM-9PM"", ""Wednesday"": ""6AM-9PM"", ""Thursday"": ""6AM-9PM"", ""Friday"": ""6AM-9PM"", ""Saturday"": ""6AM-9PM""}",OPERATIONAL,,"https://www.google.com/maps/place/Puppy+Playland+Dog+Park/@29.6965434,-98.1555683,14z/data=!4m8!1m2!2m1!1sPuppy+Playland+Dog+Park!3m4!1s0x865c97c083076785:0xa4e280a22fcbb9a4!8m2!3d29.6965434!4d-98.1555683"
Gruene Barks and Rec Boarding and Grooming,https://www.gruenebarksandrec.com/,+1 830-387-4001,"830 Ewelling Ln, New Braunfels, TX 78130",New Braunfels,78130,Texas,29.732134,-98.11184,https://lh3.googleusercontent.com/gps-cs-s/AC9h4nrLx2BI2AnKvGzGT1LgcZG-XeohyNjRSXhl4GadDNeeIAsYi_6AUVCXus_7aUeWRn9ZcuM1ktVcA81QvEnTEoDDh1UfxCzabCenx98TVNYLLPkmWzTKzzXLyOzOCNAWrFnx-DMl=w800-h500-k-no,"{""Sunday"": ""12-2PM"", ""Monday"": ""8:30AM-12PM,1-4PM"", ""Tuesday"": ""8:30AM-12PM,1-4PM"", ""Wednesday"": ""8:30AM-12PM,1-4PM"", ""Thursday"": ""8:30AM-12PM,1-4PM"", ""Friday"": ""8:30AM-12PM,1-4PM"", ""Saturday"": ""10AM-12PM""}",OPERATIONAL,,"https://www.google.com/maps/place/Gruene+Barks+and+Rec+Boarding+and+Grooming/@29.732134,-98.11184,14z/data=!4m8!1m2!2m1!1sGruene+Barks+and+Rec+Boarding+and+Grooming!3m4!1s0x865ca2c9e1900001:0xa3f95ea68f8468d4!8m2!3d29.732134!4d-98.11184"
Camp Canine Play & Stay,https://www.campcaninenb.com/?utm_source=google,+1 830-327-9146,"190 Center St #103, New Braunfels, TX 78130",New Braunfels,78130,Texas,29.655626,-98.0484866,https://lh3.googleusercontent.com/p/AF1QipPE0r_wH-ee3BDfsZ93NTYJtOamDsNomq9xjU5U=w800-h500-k-no,"{""Sunday"": ""9-10AM,3-4PM"", ""Monday"": ""7:30AM-12PM,2-5:30PM"", ""Tuesday"": ""7:30AM-12PM,2-5:30PM"", ""Wednesday"": ""7:30AM-12PM,2-5:30PM"", ""Thursday"": ""7:30AM-12PM,2-5:30PM"", ""Friday"": ""7:30AM-12PM,2-5:30PM"", ""Saturday"": ""9-10AM,3-4PM""}",OPERATIONAL,,"https://www.google.com/maps/place/Camp+Canine+Play+%26+Stay/@29.655625999999998,-98.04848659999999,14z/data=!4m8!1m2!2m1!1sCamp+Canine+Play+%26+Stay!3m4!1s0x865cbd43ead8c9c3:0xf6cfeb23d803144b!8m2!3d29.655625999999998!4d-98.04848659999999"
New Braunfels Pet Resort,,+1 830-832-0707,"1456 Weltner Rd, New Braunfels, TX 78130",New Braunfels,78130,Texas,29.671815,-98.0492,https://lh3.googleusercontent.com/gps-cs-s/AC9h4nqSGyCRpVH7qqlVxm9gor1hi3GACT0Muh-VWN2rGJXjqxZIegW8aOjXK8ZdjS-XeUi4ZT341z9XlaQ9p5s6sqDXNKLHpnkeaOfKWKCc-fG4skLH9ub1KghbFYFRqIAdJIV48WUkKQ=w800-h500-k-no,"{""Sunday"": ""Closed"", ""Monday"": ""8AM-6PM"", ""Tuesday"": ""8AM-6PM"", ""Wednesday"": ""8AM-6PM"", ""Thursday"": ""8AM-6PM"", ""Friday"": ""8AM-6PM"", ""Saturday"": ""8AM-4PM""}",OPERATIONAL,,"https://www.google.com/maps/place/New+Braunfels+Pet+Resort/@29.671815,-98.0492,14z/data=!4m8!1m2!2m1!1sNew+Braunfels+Pet+Resort!3m4!1s0x865cbc782b263111:0x48ac8cd9f597d466!8m2!3d29.671815!4d-98.0492"
Hound Haus,http://www.houndhaustx.com/,+1 830-964-2116,"5927 FM306, New Braunfels, TX 78132",New Braunfels,78132,Texas,29.8093184,-98.1081002,https://lh3.googleusercontent.com/gps-cs-s/AC9h4nriXloKQaIl3QmJFXxBGbz0tIcMuYibw7FsGWgm10KCJ6XERhUJGQNNHj5N3TkzP2nqeGUuY6k3VaPH0sK18ZhYgUpnv96ti1_3o8FFsL0yKfgPnWcNv7x0725nw8C7uQjdfSf1kw=w800-h500-k-no,"{""Sunday"": ""3-5PM"", ""Monday"": ""8:30-11:30AM,1:30-5PM"", ""Tuesday"": ""8:30-11:30AM,1:30-5PM"", ""Wednesday"": ""8:30-11:30AM,1:30-5PM"", ""Thursday"": ""8:30-11:30AM,1:30-5PM"", ""Friday"": ""8:30-11:30AM,1:30-5PM"", ""Saturday"": ""Closed""}",OPERATIONAL,,"https://www.google.com/maps/place/Hound+Haus/@29.8093184,-98.1081002,14z/data=!4m8!1m2!2m1!1sHound+Haus!3m4!1s0x865ca3561afacaed:0xcc551352689205eb!8m2!3d29.8093184!4d-98.1081002"
Weslaco Dog Park,https://www.weslacotx.gov/departments/parks___recreation/parks.php,,"1020 W 18th St, Weslaco, TX 78596",Weslaco,78596,Texas,26.1439139,-98.0046743,https://lh3.googleusercontent.com/gps-cs-s/AC9h4npYJtuqT_S0A009AnL2Ftg1NZgjU01sWgf8d-iS9T17JBZrA5_TKJVdobljAznlszIo5nUSt5_Li1b4IWBljdc-GmcH5UyUQOP0opMywtRrnS2xiA3KWc52SzWzMXWtKFgzBOzG=w800-h500-k-no,"{""Sunday"": ""Open 24 hours"", ""Monday"": ""Open 24 hours"", ""Tuesday"": ""Open 24 hours"", ""Wednesday"": ""Open 24 hours"", ""Thursday"": ""Open 24 hours"", ""Friday"": ""Open 24 hours"", ""Saturday"": ""Open 24 hours""}",OPERATIONAL,,"https://www.google.com/maps/place/Weslaco+Dog+Park/@26.143913899999998,-98.00467429999999,14z/data=!4m8!1m2!2m1!1sWeslaco+Dog+Park!3m4!1s0x866576fe768b5bf3:0x28dbad063b572df8!8m2!3d26.143913899999998!4d-98.00467429999999"
Bastrop Bark Park,https://www.cityofbastrop.org/page/parks.Parks_and_Trails,,"101 Grady Tuck Ln, Bastrop, TX 78602",Bastrop,78602,Texas,30.1077241,-97.3290374,https://lh3.googleusercontent.com/gps-cs-s/AC9h4nrOkVwiv-Tg0JZrfxfrjI5OrHUEsKndcyrnmV4xYY6__VgJ7R1vLIL4sbPOsdLybvCowpnRNe4Byg9i_WByRGWybC3qRsq5nEW0Y3doWTYk7KZwHhrjY7_y2lzfgHJAkPmDongp=w800-h500-k-no,,OPERATIONAL,,"https://www.google.com/maps/place/Bastrop+Bark+Park/@30.1077241,-97.32903739999999,14z/data=!4m8!1m2!2m1!1sBastrop+Bark+Park!3m4!1s0x86449a47823f5b1b:0x632e036aa8267d9c!8m2!3d30.1077241!4d-97.32903739999999"
Ida Reed Dog Park,http://www.beaumontcvb.com/listing/ida-reed-dog-park/609/,+1 409-861-1929,"2348 Louisiana Ave, Beaumont, TX 77702",Beaumont,77702,Texas,30.0950725,-94.1219766,https://lh3.googleusercontent.com/gps-cs-s/AC9h4npPLnDGn1n11yOHZ0FB7kw9TWeO6hUG-FZ1y8gZ8ng3eBaVO8B3WK9gpCmeOA2QOsnWXAvrkaQOwuY9FepJL5aiO8kA5vhjVr6zHEZqdZGoN6DzYE_ohDMEpO5sj6ysjKTWOiuO=w800-h500-k-no,"{""Sunday"": ""Open 24 hours"", ""Monday"": ""Open 24 hours"", ""Tuesday"": ""Open 24 hours"", ""Wednesday"": ""Open 24 hours"", ""Thursday"": ""Open 24 hours"", ""Friday"": ""Open 24 hours"", ""Saturday"": ""Open 24 hours""}",OPERATIONAL,,"https://www.google.com/maps/place/Ida+Reed+Dog+Park/@30.095072499999997,-94.1219766,14z/data=!4m8!1m2!2m1!1sIda+Reed+Dog+Park!3m4!1s0x863934cd37d15a25:0x8fc84ac74e375a57!8m2!3d30.095072499999997!4d-94.1219766"
Living Grace Canine Ranch,https://www.livinggracecanineranch.org/,+1 512-734-4214,"160 Elaina Lane, Bertram, TX 78605",Bertram,78605,Texas,30.7781639,-97.9949874,https://lh3.googleusercontent.com/gps-cs-s/AC9h4nr8JECnEPTSdT-so5ILdBBvZ0E7Dj85NQVenC_XxBd6HbAr2lrOS2lzPE3amk-LNLYltUwlcAHw8OvXDwaHHML5rpMNW2F6L1fiy1LOlTx7058McM-dy31f94jLi4PgayT9ec1D=w800-h500-k-no,,OPERATIONAL,"Living Grace Canine Ranch is a non-open admissions sanctuary for Texas senior dogs with physical, medical, and emotional challenges.
Due to the nature of our residents' needs for protection, LGCR is not open to the public.

Tours are limited and scheduled in advance.
Visit our website for additional information.","https://www.google.com/maps/place/Living+Grace+Canine+Ranch/@30.7781639,-97.9949874,14z/data=!4m8!1m2!2m1!1sLiving+Grace+Canine+Ranch!3m4!1s0x865adb0bdfdd3e2b:0x9648743eb819f8dc!8m2!3d30.7781639!4d-97.9949874"
"P.R.A.I.S.E. Ranch, LLC",https://www.praiseranch.com/,+1 830-484-4488,"Berne-Price Rd, Blanco, TX 78606",Blanco,78606,Texas,30.0636557,-98.3672486,https://lh3.googleusercontent.com/p/AF1QipPt6Su54j7-TmhILt9zKvnzvFGuUO7rJdRWxiyW=w800-h500-k-no,"{""Sunday"": ""Closed"", ""Monday"": ""10AM-5:30PM"", ""Tuesday"": ""10AM-5:30PM"", ""Wednesday"": ""Closed"", ""Thursday"": ""10AM-5:30PM"", ""Friday"": ""10AM-5:30PM"", ""Saturday"": ""10AM-4PM""}",OPERATIONAL,"From Praise Ranch, LLC. ""Here at P. R. A. I. S. E. Ranch, LLC. we believe your fur babies are important. We provide grooming, boarding, and training services. Feel free to come by or give us a call. All services require an appointment. ""","https://www.google.com/maps/place/P.R.A.I.S.E.+Ranch%2C+LLC/@30.063655699999998,-98.3672486,14z/data=!4m8!1m2!2m1!1sP.R.A.I.S.E.+Ranch%2C+LLC!3m4!1s0x865b7bfcc0ba5655:0x66613f04eb12b773!8m2!3d30.063655699999998!4d-98.3672486"
Buda Dog Park,https://www.budatx.gov/290/Buda-Sportsplex,+1 512-312-0084,"Buda Sportsplex, 465 Buda Sportsplex Dr, Buda, TX 78610",Buda,78610,Texas,30.099299,-97.8788756,https://lh3.googleusercontent.com/gps-cs-s/AC9h4noq1UBRlb_YA4ger8oeBXIanPKhmaXAS7ysc_2g53akKc4V9fmb29YUMxGgcKcmNSV_oSUKFyn4v13fPJeks3hYX8m5vRuwaKIBvPe2j_J3DlzobEVKz-3PfmCbuPXPbBZWqicSeQ=w800-h500-k-no,"{""Sunday"": ""6AM-10PM"", ""Monday"": ""6AM-10PM"", ""Tuesday"": ""6AM-10PM"", ""Wednesday"": ""6AM-10PM"", ""Thursday"": ""6AM-10PM"", ""Friday"": ""6AM-10PM"", ""Saturday"": ""6AM-10PM""}",OPERATIONAL,,"https://www.google.com/maps/place/Buda+Dog+Park/@30.099299,-97.8788756,14z/data=!4m8!1m2!2m1!1sBuda+Dog+Park!3m4!1s0x865b51fbc7cf06f7:0x10ae81b8a2d180bb!8m2!3d30.099299!4d-97.8788756"
The Watering Bowl,https://www.thewateringbowlatx.com/,+1 512-330-4463,"820 Farm to Market 1626, Austin, TX 78748",Austin,78748,Texas,30.1409257,-97.8291679,https://lh3.googleusercontent.com/gps-cs-s/AC9h4nooBx2VcaYliwVie7l8YG1EbCRpYoMMiosWJi_ead845B9kj0V4Fsyf-H7XzvCBZ1OMzrU4S2e8TVipsu1uC3GiwNWAeoDKCGMg1e3XsLan8wnpjnxJ2L_nQHLm4cN5bK4AMOyP=w800-h500-k-no,"{""Sunday"": ""9AM-9PM"", ""Monday"": ""9AM-9PM"", ""Tuesday"": ""9AM-9PM"", ""Wednesday"": ""9AM-9PM"", ""Thursday"": ""9AM-9PM"", ""Friday"": ""9AM-9PM"", ""Saturday"": ""9AM-9PM""}",OPERATIONAL,,"https://www.google.com/maps/place/The+Watering+Bowl/@30.1409257,-97.8291679,14z/data=!4m8!1m2!2m1!1sThe+Watering+Bowl!3m4!1s0x865b4d94b85dd163:0x7a67a9ded750b0c1!8m2!3d30.1409257!4d-97.8291679"
Big Oaks Kennel & Dog Park Co.,http://www.bigoakskennel.com/,+1 512-312-0235,"500 E Loop St, Buda, TX 78610",Buda,78610,Texas,30.0872199,-97.838772,https://lh3.googleusercontent.com/p/AF1QipOlYVl-1OSEnceetTZ-KQerqu4UHBRUqdRWdXf1=w800-h500-k-no,"{""Sunday"": ""4-6PM"", ""Monday"": ""7:30-11AM,3-6PM"", ""Tuesday"": ""7:30-11AM,3-6PM"", ""Wednesday"": ""7:30-11AM,3-6PM"", ""Thursday"": ""7:30-11AM,3-6PM"", ""Friday"": ""7:30-11AM,3-6PM"", ""Saturday"": ""10AM-12PM""}",OPERATIONAL,,"https://www.google.com/maps/place/Big+Oaks+Kennel+%26+Dog+Park+Co./@30.087219899999997,-97.83877199999999,14z/data=!4m8!1m2!2m1!1sBig+Oaks+Kennel+%26+Dog+Park+Co.!3m4!1s0x865b5267f9f0042b:0x77f1d40c71ca37a9!8m2!3d30.087219899999997!4d-97.83877199999999"
Sonya's Doggy Daycare & Boarding SDD&B,,+1 512-755-3041,"705 N Wood St, Burnet, TX 78611",Burnet,78611,Texas,30.7655362,-98.2247798,https://lh3.googleusercontent.com/p/AF1QipNFyHnEzWbJwoW2zY4TwwT6JjyFfdsKodiTi0j-=w800-h500-k-no,"{""Sunday"": ""Closed"", ""Monday"": ""8AM-5:30PM"", ""Tuesday"": ""8AM-5:30PM"", ""Wednesday"": ""8AM-5:30PM"", ""Thursday"": ""8AM-5:30PM"", ""Friday"": ""8AM-5:30PM"", ""Saturday"": ""8AM-12PM""}",OPERATIONAL,"YOUR PET’S HAPPINESS IS MY HAPPINESS

Hi there, my name is Sonya, do you need a dog sitter or dog walker, daily play date, home drop-IN for your fur babies?
I’m your gal!
My desire is to enjoy each pet I have the opportunity to care for and give them plenty of hugs and belly-rubs, and make sure they get lots of exercise,
playtime and human interaction each day. Under my care your pet will enjoy; abundant play time in a spacious fenced in yard and hours of TLC at NO additional cost! 🐾","https://www.google.com/maps/place/Sonya%27s+Doggy+Daycare+%26+Boarding+SDD%26B/@30.7655362,-98.2247798,14z/data=!4m8!1m2!2m1!1sSonya%27s+Doggy+Daycare+%26+Boarding+SDD%26B!3m4!1s0x865ae5d59cf34727:0xb251f5087d051138!8m2!3d30.7655362!4d-98.2247798"
Cedar Bark Park,https://www.cedarparktexas.gov/facilities/facility/details/cedarbarkpark-53,+1 512-401-5500,"2525 W New Hope Dr, Cedar Park, TX 78613",Cedar Park,78613,Texas,30.5192479,-97.8695645,https://lh3.googleusercontent.com/gps-cs-s/AC9h4nqkCLfxMRFC2JYZyDk3qwLggMobRqIt-5OvDR6TmVOyCOY6eHDukqB318deF3_5D71nvYaZp1lY7YKcewSH1vzhvFNEw1ZmT4ihN2avYrzUxotQazCB7QM9t0VqgKtm9dkWp0Xh6Q=w800-h500-k-no,"{""Sunday"": ""7AM-10PM"", ""Monday"": ""7AM-10PM"", ""Tuesday"": ""3-10PM"", ""Wednesday"": ""7AM-10PM"", ""Thursday"": ""7AM-10PM"", ""Friday"": ""11AM-10PM"", ""Saturday"": ""7AM-10PM""}",OPERATIONAL,"5-acre off-leash park offers a pond, showers & water fountains, plus a separate area for small dogs.","https://www.google.com/maps/place/Cedar+Bark+Park/@30.5192479,-97.8695645,14z/data=!4m8!1m2!2m1!1sCedar+Bark+Park!3m4!1s0x865b2dd5262a4de1:0x9ee530cc742d1212!8m2!3d30.5192479!4d-97.8695645"
K9 Mastery LLC,http://www.k9mastery.com/,+1 512-966-4752,"414 Walnut Creek Rd, Bastrop, TX 78602",Bastrop,78602,Texas,30.018922,-97.460442,https://lh3.googleusercontent.com/gps-cs-s/AC9h4nofyIsbAZZlKfgoOBBu9WvSe4lwd-UYqGVJ3W0DDacseyWU4KHREPQy9tfyPKecobOjx_Bx4ZDRc5ErUV3bcwGB3J3s8GyaMztK-HyEYCAWr3ETX6aJFTyBAIn32s6Uxy_nItLq=w800-h500-k-no,"{""Sunday"": ""Closed"", ""Monday"": ""5-8PM"", ""Tuesday"": ""8-11AM,5-8PM"", ""Wednesday"": ""8-11AM,5-8PM"", ""Thursday"": ""8-11AM,5-8PM"", ""Friday"": ""8-11AM"", ""Saturday"": ""Closed""}",OPERATIONAL,,"https://www.google.com/maps/place/K9+Mastery+LLC/@30.018922,-97.460442,14z/data=!4m8!1m2!2m1!1sK9+Mastery+LLC!3m4!1s0x8644cbc38083aea5:0xf0f3eded93f11878!8m2!3d30.018922!4d-97.460442"
Dog House Drinkery & Dog Park,https://www.doghousedrinkery.com/,+1 512-291-6664,"3800 Co Rd 175, Leander, TX 78641",Leander,78641,Texas,30.5519444,-97.7652778,https://lh3.googleusercontent.com/gps-cs-s/AC9h4nrbW4abbmx3d6JtoqINQjo3bObD4g_Oekg3U48ej8CHmlc5PwmIeMgKMWI-3xgauX7Gehiqcu2t10N87Kgf2DVWmPRRLs-qbOtTJkB8FfJaKv3-5oknL-RRXxKbnTArmtXrWf3z=w800-h500-k-no,"{""Sunday"": ""12-9PM"", ""Monday"": ""Closed"", ""Tuesday"": ""3-9PM"", ""Wednesday"": ""3-9PM"", ""Thursday"": ""3-9PM"", ""Friday"": ""3-10PM"", ""Saturday"": ""12-10PM""}",OPERATIONAL,,"https://www.google.com/maps/place/Dog+House+Drinkery+%26+Dog+Park/@30.5519444,-97.76527779999999,14z/data=!4m8!1m2!2m1!1sDog+House+Drinkery+%26+Dog+Park!3m4!1s0x8644d3404376fd8b:0x76ef250b0b7abbcf!8m2!3d30.5519444!4d-97.76527779999999"
McCann Park Dog Park,,,"2301 Dijon Dr, Cedar Park, TX 78613",Cedar Park,78613,Texas,30.4833709,-97.8107033,https://lh3.googleusercontent.com/gps-cs-s/AC9h4noUnWSnwBOAEWeOn_rj4NS61emhJFUaXsPqyl15OHKRHVveOtb6d21-16yCVftqGVLNS75UImyfsMc9vkYf02tMaZdjMIuJeBlWZ26SHh7zjFc9Kh1pJRg5MY-Xm10nJZ-ctzN-=w800-h500-k-no,,OPERATIONAL,,"https://www.google.com/maps/place/McCann+Park+Dog+Park/@30.483370899999997,-97.8107033,14z/data=!4m8!1m2!2m1!1sMcCann+Park+Dog+Park!3m4!1s0x865b2d710675e6e7:0xf02b75f32b094c3c!8m2!3d30.483370899999997!4d-97.8107033"
Pet Paradise Cedar Park,https://www.petparadise.com/cedar-park.htm,+1 737-587-3100,"1204 Arrow Point Dr, Cedar Park, TX 78613",Cedar Park,78613,Texas,30.532415,-97.801039,https://lh3.googleusercontent.com/gps-cs-s/AC9h4nrlJYzXRpOZmbFcKA2Ws0D_ClDoLb7cst3NuUrxlmZIJdL5NuTsd-SwoNEiMKmIRIXmbzDhHA_Ex3HNpd5LM7Ws_fN4GbwDfdmFV2tabXEu3uRzFKH9lfwX9CcZvHCLON2yYuQk=w800-h500-k-no,"{""Sunday"": ""9AM-5PM"", ""Monday"": ""6:30AM-7PM"", ""Tuesday"": ""6:30AM-7PM"", ""Wednesday"": ""6:30AM-7PM"", ""Thursday"": ""6:30AM-7PM"", ""Friday"": ""6:30AM-7PM"", ""Saturday"": ""9AM-5PM""}",OPERATIONAL,,"https://www.google.com/maps/place/Pet+Paradise+Cedar+Park/@30.532415,-97.80103899999999,14z/data=!4m8!1m2!2m1!1sPet+Paradise+Cedar+Park!3m4!1s0x865b2d118ee2fffd:0x2938550bb95bcf8!8m2!3d30.532415!4d-97.80103899999999"
Lakewood Dog Park,,,"2013 Cactus Mound Dr, Leander, TX 78641",Leander,78641,Texas,30.5604802,-97.8100482,https://lh3.googleusercontent.com/gps-cs-s/AC9h4noTyC8AMZHlDmjj7k-9USyn6XqG1H5Ei2KiHPoAScUGo2hmzCguAGyc28gc19QFfW-B3zTxRrARSLeplvpd3vCZtUb1pO7uEswRiX5Hv64AqvH1CvG1Cr55Q7Pf5Ie_gVd6QaEn=w800-h500-k-no,,OPERATIONAL,,"https://www.google.com/maps/place/Lakewood+Dog+Park/@30.560480199999997,-97.8100482,14z/data=!4m8!1m2!2m1!1sLakewood+Dog+Park!3m4!1s0x865b2d89f6270f4d:0x8e07217d15a91b11!8m2!3d30.560480199999997!4d-97.8100482"
Domain Central Bark,,,"11100 Alterra Pkwy, Austin, TX 78758",Austin,78758,Texas,30.3967782,-97.722414,https://lh3.googleusercontent.com/gps-cs-s/AC9h4nqtVa9OQms0lLdClZrXPTISWCCNmiBC7VuWcduWdmteb2F9-sgzp54mcm-hBbwmDHNA3xqS2iLaFZ-ka2v8WKoBL9imKDSaV78pQzQBNXjsLb1bKfvgy81EDFIVntsWvflxdLVwwQ=w800-h500-k-no,"{""Sunday"": ""Open 24 hours"", ""Monday"": ""Open 24 hours"", ""Tuesday"": ""Open 24 hours"", ""Wednesday"": ""Open 24 hours"", ""Thursday"": ""Open 24 hours"", ""Friday"": ""Open 24 hours"", ""Saturday"": ""Open 24 hours""}",OPERATIONAL,,"https://www.google.com/maps/place/Domain+Central+Bark/@30.3967782,-97.722414,14z/data=!4m8!1m2!2m1!1sDomain+Central+Bark!3m4!1s0x8644cdaeefa099d9:0xe0045599b98f9785!8m2!3d30.3967782!4d-97.722414"
Inflatable Wonderland,https://inflatablewonderland.com/austin/,+1 512-377-5867,"11200 Lakeline Mall Dr, Cedar Park, TX 78613",Cedar Park,78613,Texas,30.4693406,-97.8076009,https://lh3.googleusercontent.com/gps-cs-s/AC9h4nrbiam8k92V_j85P1WeOrDnbk42ZKW8fkdsbYf9ZDltuDZUwMFZrNfcGWQAEHOBMZDYNBvj9aPrX5bj0WigwaIEvp4GPtCNkMKPRbDty3udkRXH5Jz5gDnLJunN7cd8Tsj5gKV6=w800-h500-k-no,"{""Sunday"": ""12-6PM"", ""Monday"": ""11AM-8PM"", ""Tuesday"": ""11AM-8PM"", ""Wednesday"": ""11AM-8PM"", ""Thursday"": ""11AM-8PM"", ""Friday"": ""10AM-9PM"", ""Saturday"": ""10AM-9PM""}",OPERATIONAL,,"https://www.google.com/maps/place/Inflatable+Wonderland/@30.4693406,-97.8076009,14z/data=!4m8!1m2!2m1!1sInflatable+Wonderland!3m4!1s0x865b32988bba76bf:0x7ff1c9f17cf61436!8m2!3d30.4693406!4d-97.8076009"
Dog Alliance Training Center,http://www.thedogalliance.org/,+1 512-335-7100,"1321 W New Hope Dr, Cedar Park, TX 78613",Cedar Park,78613,Texas,30.5288997,-97.8515247,https://lh3.googleusercontent.com/gps-cs-s/AC9h4noych-wulmlajGwp2R9neAxx6eLaMy_l1OqDGZXPyJ0bBO-2X8_K8lNmjnEE1KMLfAadXqYcv8IcNlmHKS74SRgqFrwGxCM2caj0lipV1RUXpSC1kvi7l2ckYkgmYNGQ5dRldrV4Q=w800-h500-k-no,,OPERATIONAL,,"https://www.google.com/maps/place/Dog+Alliance+Training+Center/@30.5288997,-97.8515247,14z/data=!4m8!1m2!2m1!1sDog+Alliance+Training+Center!3m4!1s0x865b3291f2aef10f:0xa2dabd6eaa674614!8m2!3d30.5288997!4d-97.8515247"
Right at Home Pet Boarding,http://austinhomepetboarding.com/,+1 512-387-1096,"2604 Little Elm Trail, Cedar Park, TX 78613",Cedar Park,78613,Texas,30.4715733,-97.8257362,https://lh3.googleusercontent.com/p/AF1QipP2Bjq6oF7aY1RlxLFJezNPtHSEGDsVg3iEKPAo=w800-h500-k-no,"{""Sunday"": ""8AM-6PM"", ""Monday"": ""8AM-7PM"", ""Tuesday"": ""8AM-7PM"", ""Wednesday"": ""8AM-7PM"", ""Thursday"": ""8AM-7PM"", ""Friday"": ""8AM-7PM"", ""Saturday"": ""8AM-7PM""}",OPERATIONAL,,"https://www.google.com/maps/place/Right+at+Home+Pet+Boarding/@30.4715733,-97.8257362,14z/data=!4m8!1m2!2m1!1sRight+at+Home+Pet+Boarding!3m4!1s0x865b335f96fde307:0x1241a74bf21e3e43!8m2!3d30.4715733!4d-97.8257362"
Dogtopia of North Austin,https://www.dogtopia.com/austin-north/,+1 512-333-1111,"13945 US-183 C-4, Austin, TX 78717",Austin,78717,Texas,30.4723944,-97.7970045,https://lh3.googleusercontent.com/p/AF1QipOOdPM5tYLfsaMmIYeNCGZxBdB40H1Hdr26bp5q=w800-h500-k-no,"{""Sunday"": ""11AM-1PM"", ""Monday"": ""7AM-7PM"", ""Tuesday"": ""7AM-7PM"", ""Wednesday"": ""7AM-7PM"", ""Thursday"": ""7AM-7PM"", ""Friday"": ""7AM-7PM"", ""Saturday"": ""9:30AM-5PM""}",OPERATIONAL,,"https://www.google.com/maps/place/Dogtopia+of+North+Austin/@30.4723944,-97.7970045,14z/data=!4m8!1m2!2m1!1sDogtopia+of+North+Austin!3m4!1s0x865b32a5efd9e497:0x1152c8b253a4a1e9!8m2!3d30.4723944!4d-97.7970045"
Vets Park Pickleball Courts,https://www.cedarparktexas.gov/facilities/facility/details/veteransmemorialpark-10,,"W New Hope Dr, Cedar Park, TX 78613",Cedar Park,78613,Texas,30.5212695,-97.8702218,https://lh3.googleusercontent.com/gps-cs-s/AC9h4nrwFeBSxxRxbPYxW85DpDZLrv5GdPIFPZ5mph1I2D9W6voXLNtU7WjMzV_6Ok8cdcregShShPxX0dLvFGsZ6iea53qae9Q59gz05oK2yypNvfFtYbXbDWhlEUkDfRX1vgfz8M4xLA=w800-h500-k-no,"{""Sunday"": ""7AM-10PM"", ""Monday"": ""7AM-10PM"", ""Tuesday"": ""7AM-10PM"", ""Wednesday"": ""7AM-10PM"", ""Thursday"": ""7AM-10PM"", ""Friday"": ""7AM-10PM"", ""Saturday"": ""7AM-10PM""}",OPERATIONAL,,"https://www.google.com/maps/place/Vets+Park+Pickleball+Courts/@30.5212695,-97.8702218,14z/data=!4m8!1m2!2m1!1sVets+Park+Pickleball+Courts!3m4!1s0x865b2dd4237f7d7f:0x7cbd1557ee83a1e2!8m2!3d30.5212695!4d-97.8702218"
MUTTS Canine Cantina® - Austin,https://muttscantina.com/tx-austin/,+1 512-399-6200,"9825 N Lake Creek Pkwy, Austin, TX 78717",Austin,78717,Texas,30.4731412,-97.7935337,https://lh3.googleusercontent.com/gps-cs-s/AC9h4nqD5dzA7Pfim2uq8_nA10HB0X3EfzcGod7AG4ifveu38_hSXf3XDpJP_O7rA29Fj49uslbGXrLwNQX6-67w6VAt2LJoKi0wOJiJo2hvBsXV1etiGocVWa-hzJ5aNUADndL_g4fU=w800-h500-k-no,"{""Sunday"": ""10AM-9PM"", ""Monday"": ""4-9PM"", ""Tuesday"": ""4-9PM"", ""Wednesday"": ""4-9PM"", ""Thursday"": ""4-9PM"", ""Friday"": ""4-9PM"", ""Saturday"": ""10AM-9PM""}",OPERATIONAL,,"https://www.google.com/maps/place/MUTTS+Canine+Cantina%C2%AE+-+Austin/@30.473141199999997,-97.7935337,14z/data=!4m8!1m2!2m1!1sMUTTS+Canine+Cantina%C2%AE+-+Austin!3m4!1s0x865b338b001ccae1:0x836f59756832959d!8m2!3d30.473141199999997!4d-97.7935337"
petbar Boutique - Austin Cedar Park,https://www.petbarinc.com/locations/austin-cedar-park/?utm_source=google,+1 512-300-0114,"406 W Whitestone Ln Building 2, Suite 204, Cedar Park, TX 78613",Cedar Park,78613,Texas,30.5187801,-97.8341182,https://lh3.googleusercontent.com/p/AF1QipPKqjYdPJBo8d-uTifgyfG0oiPbkFpvhyUNfn8g=w800-h500-k-no,"{""Sunday"": ""10AM-5PM"", ""Monday"": ""9AM-6PM"", ""Tuesday"": ""9AM-6PM"", ""Wednesday"": ""9AM-6PM"", ""Thursday"": ""9AM-6PM"", ""Friday"": ""9AM-6PM"", ""Saturday"": ""10AM-6PM""}",OPERATIONAL,,"https://www.google.com/maps/place/petbar+Boutique+-+Austin+Cedar+Park/@30.518780099999997,-97.83411819999999,14z/data=!4m8!1m2!2m1!1spetbar+Boutique+-+Austin+Cedar+Park!3m4!1s0x865b2d81fc50adef:0xc6ea92222b88bb0c!8m2!3d30.518780099999997!4d-97.83411819999999"
Aloft Austin Northwest,https://www.marriott.com/en-us/hotels/austl-aloft-austin-northwest/overview/?scid=f2ae0541-1279-4f24-b197-a979c79310b0,+1 512-219-0267,"14020 US-183, Austin, TX 78717",Austin,78717,Texas,30.47507,-97.801805,https://lh3.googleusercontent.com/p/AF1QipP3oMBHQhkTzKE-paBeCLBjZAxv7JFVrEHMO1_h=w800-h500-k-no,,OPERATIONAL,"Bright rooms in a colorful property with a heated indoor pool, a hip bar & a fitness room.","https://www.google.com/maps/place/Aloft+Austin+Northwest/@30.47507,-97.801805,14z/data=!4m8!1m2!2m1!1sAloft+Austin+Northwest!3m4!1s0x865b32bac7174377:0x221fea5e91a815cd!8m2!3d30.47507!4d-97.801805"
Happy Tails Pet Resort,https://www.happytailspetresorttx.com/?y_source=1_Mjc2NjMyNDItNzE1LWxvY2F0aW9uLndlYnNpdGU%3D,+1 512-764-6145,"509 Cypress Creek Road, Cedar Park, TX 78613",Cedar Park,78613,Texas,30.4962962,-97.8232783,https://lh3.googleusercontent.com/p/AF1QipNNJh8XtjvwxuGHPf8LSPAh3dttPUJCmDZ3LVRT=w800-h500-k-no,"{""Sunday"": ""8AM-5PM"", ""Monday"": ""7AM-7PM"", ""Tuesday"": ""7AM-7PM"", ""Wednesday"": ""7AM-7PM"", ""Thursday"": ""7AM-7PM"", ""Friday"": ""7AM-7PM"", ""Saturday"": ""8AM-5PM""}",OPERATIONAL,,"https://www.google.com/maps/place/Happy+Tails+Pet+Resort/@30.4962962,-97.8232783,14z/data=!4m8!1m2!2m1!1sHappy+Tails+Pet+Resort!3m4!1s0x865b2d74766681d3:0x72ab74a336360569!8m2!3d30.4962962!4d-97.8232783"
Bark & Zoom,http://barkandzoom.com/,+1 512-817-2275,"2601 Cardinal Loop, Del Valle, TX 78617",Del Valle,78617,Texas,30.2133695,-97.6570394,https://lh3.googleusercontent.com/gps-cs-s/AC9h4nqv1nlt-LfoIGTZMVuIhhAIULSryBhdoC6QcNYZ09mZ4a0TXQ8LO-wXJafQln8-cbOOtbcphNeCSkD2OP8GI5DlqDVlbXGv-joqTvqo2Y9aM6p-D28iD_M3aCvUUPJXprkL2U1G=w800-h500-k-no,"{""Sunday"": ""Open 24 hours"", ""Monday"": ""Open 24 hours"", ""Tuesday"": ""Open 24 hours"", ""Wednesday"": ""Open 24 hours"", ""Thursday"": ""Open 24 hours"", ""Friday"": ""Open 24 hours"", ""Saturday"": ""Open 24 hours""}",OPERATIONAL,,"https://www.google.com/maps/place/Bark+%26+Zoom/@30.2133695,-97.6570394,14z/data=!4m8!1m2!2m1!1sBark+%26+Zoom!3m4!1s0x8644b6d53937fd2d:0xea7c246a5d044227!8m2!3d30.2133695!4d-97.6570394"
Dog Launch at Vic Mathias Shores,,,"920 E Riverside Dr, Austin, TX 78704",Austin,78704,Texas,30.2639393,-97.7526868,https://lh3.googleusercontent.com/gps-cs-s/AC9h4noGVVYGL0L-UVfhcyzQAqzG24jgMx_uaXfihWZujaGk7Wc54OMzkt1JL_Z3LOFIe5izE2E1HA_Sbq4vrJGZjMXcEudtVd6JFaOaOFvIyfoe0QIkuCLcOdkS1A9IcieL0Ge5mZBVeA=w800-h500-k-no,,OPERATIONAL,,"https://www.google.com/maps/place/Dog+Launch+at+Vic+Mathias+Shores/@30.263939299999997,-97.75268679999999,14z/data=!4m8!1m2!2m1!1sDog+Launch+at+Vic+Mathias+Shores!3m4!1s0x8644b56431bdef73:0x54612c368b7a29e0!8m2!3d30.263939299999997!4d-97.75268679999999"
Dreamtime Animal Sanctuary,https://dreamtimesanctuary.org/,+1 512-796-0046,"556 Roemer Rd, Elgin, TX 78621",Elgin,78621,Texas,30.3753188,-97.3376441,https://lh3.googleusercontent.com/p/AF1QipMIUrmT3qsZP62ncosTRl44e4hmwiFKYknBL_KM=w800-h500-k-no,"{""Sunday"": ""Closed"", ""Monday"": ""10AM-3PM"", ""Tuesday"": ""10AM-3PM"", ""Wednesday"": ""Closed"", ""Thursday"": ""10AM-3PM"", ""Friday"": ""10AM-3PM"", ""Saturday"": ""10AM-1PM""}",OPERATIONAL,Dreamtime Animal Sanctuary is a Non-Profit animal sanctuary serving Central Texas as a lifelong sanctuary for farm animals to find peace and healing. We accept visitors by appointment. We also offer volunteer opportunities. Please be advised that we while we are an animal sanctuary we are not an animal shelter.,"https://www.google.com/maps/place/Dreamtime+Animal+Sanctuary/@30.3753188,-97.33764409999999,14z/data=!4m8!1m2!2m1!1sDreamtime+Animal+Sanctuary!3m4!1s0x8644ec6434db3b67:0x33b7afd077eb50a9!8m2!3d30.3753188!4d-97.33764409999999"
Fredericksburg Dog Park,https://www.fbgtx.org/854/Dog-Park,,"432 Lady Bird Dr, Fredericksburg, TX 78624",Fredericksburg,78624,Texas,30.2408024,-98.9092318,https://lh3.googleusercontent.com/gps-cs-s/AC9h4noeAJLCri83cxSHXBwSAmqGwSVGSRMEzWRImL49vDZfowbAqFpj8M9ij3Por9tv4Cp83cJ8orQQOOZKidGOahuZ4x410CVmlTJM04P_mpgKOyVTxQFckNf6QtvrdTS-Um1BF6VLng=w800-h500-k-no,"{""Sunday"": ""6AM-10PM"", ""Monday"": ""6AM-10PM"", ""Tuesday"": ""6AM-10PM"", ""Wednesday"": ""6AM-10PM"", ""Thursday"": ""6AM-10PM"", ""Friday"": ""6AM-10PM"", ""Saturday"": ""6AM-10PM""}",OPERATIONAL,,"https://www.google.com/maps/place/Fredericksburg+Dog+Park/@30.2408024,-98.9092318,14z/data=!4m8!1m2!2m1!1sFredericksburg+Dog+Park!3m4!1s0x865bc1006e969d05:0x7d346ca64979ff11!8m2!3d30.2408024!4d-98.9092318"
Dog park G.,,,"Georgetown, TX 78633",Georgetown,78633,Texas,30.687782,-97.72569,https://lh3.googleusercontent.com/gps-cs-s/AC9h4npZzqHp5p0ItXF7TyfcyYeGEsEyZLtXz9naZiCwvoHN5KOMoyC6hD837U2TP937uaYSkN-Qlb0l84YpoLBIkMUZAUt9kmyqn2sIxHdCPB5oD9O2LCEl5Ynl5SzOoLcfZqt4Gpif=w800-h500-k-no,,OPERATIONAL,,"https://www.google.com/maps/place/Dog+park+G./@30.687782,-97.72569,14z/data=!4m8!1m2!2m1!1sDog+park+G.!3m4!1s0x86452bcca0526065:0x13b064f826da446f!8m2!3d30.687782!4d-97.72569"
Bark Park,https://parks.georgetown.org/bark-park/,+1 512-930-3595,"151 Holly St, Georgetown, TX 78626",Georgetown,78626,Texas,30.6442644,-97.6696995,https://lh3.googleusercontent.com/gps-cs-s/AC9h4noF5LOrO9WdXW7BcaMlxYKGuoNB1jNt91MgEZrIV5ST2BvwIISU_v2IV_trmC6TYsIDOEZkOoCVPq0ocCbrLNm6yvO2VCuF0fEZC-iDTjxnmAjmprzYJdKmnpDtRGGMt_R9H1sJ=w800-h500-k-no,"{""Sunday"": ""5AM-10PM"", ""Monday"": ""5AM-10PM"", ""Tuesday"": ""5AM-10PM"", ""Wednesday"": ""5AM-10PM"", ""Thursday"": ""5AM-10PM"", ""Friday"": ""5AM-10PM"", ""Saturday"": ""5AM-10PM""}",OPERATIONAL,,"https://www.google.com/maps/place/Bark+Park/@30.644264399999997,-97.6696995,14z/data=!4m8!1m2!2m1!1sBark+Park!3m4!1s0x8644d647061836b9:0xda09903f65adfaf2!8m2!3d30.644264399999997!4d-97.6696995"
MorningStar Dog Park,http://www.livingmorningstar.com/,,"101 Ridgeview Ct, Georgetown, TX 78628",Georgetown,78628,Texas,30.6486968,-97.8181947,https://lh3.googleusercontent.com/gps-cs-s/AC9h4noPC5gKllEo5BdyNCtmDV_w2cAyBeyLttovnE1wSd28J8MqjXRmnOOCa8I2-v0OXVKRj7qhsVtKALeHRNJz1z63bZGytoIYjg1hcYMcCkaMCNkv_s-kNslr7jqqq4-PCheWE57ooA=w800-h500-k-no,"{""Sunday"": ""Open 24 hours"", ""Monday"": ""Open 24 hours"", ""Tuesday"": ""Open 24 hours"", ""Wednesday"": ""Open 24 hours"", ""Thursday"": ""Open 24 hours"", ""Friday"": ""Open 24 hours"", ""Saturday"": ""Open 24 hours""}",OPERATIONAL,,"https://www.google.com/maps/place/MorningStar+Dog+Park/@30.6486968,-97.81819469999999,14z/data=!4m8!1m2!2m1!1sMorningStar+Dog+Park!3m4!1s0x865b2b16bc89031b:0x96efa4b5e26d8289!8m2!3d30.6486968!4d-97.81819469999999"
Action Pack - Georgetown,https://www.actionpackdogs.com/?utm_source=gmb,+1 512-354-1512,"800 Bootys Crossing Rd, Georgetown, TX 78628",Georgetown,78628,Texas,30.6653996,-97.6982174,https://lh3.googleusercontent.com/gps-cs-s/AC9h4nq5ww6DP1cfuYRfpgLhj7JMMYnLnTcrPONS2LAyUL21fIfC7dHV-NdKmPq2zUEL6T7FPD-6JweCk7J6sthrNYkBBkAzyYsc1vRLT5FE0Y75rYVEHehPDNsfUjX8gnco2jcIiY258w=w800-h500-k-no,"{""Sunday"": ""4-6PM"", ""Monday"": ""7AM-7PM"", ""Tuesday"": ""7AM-7PM"", ""Wednesday"": ""7AM-7PM"", ""Thursday"": ""7AM-7PM"", ""Friday"": ""7AM-7PM"", ""Saturday"": ""8AM-12PM""}",OPERATIONAL,,"https://www.google.com/maps/place/Action+Pack+-+Georgetown/@30.665399599999997,-97.69821739999999,14z/data=!4m8!1m2!2m1!1sAction+Pack+-+Georgetown!3m4!1s0x8644d5ffd49433db:0xf0ea3f69a07591b7!8m2!3d30.665399599999997!4d-97.69821739999999"
Dog Wash Spa Cedar Park,http://www.dogwashspa.com/,+1 512-772-5555,"601 E Whitestone Blvd #238, Cedar Park, TX 78613",Cedar Park,78613,Texas,30.5236572,-97.825268,https://lh3.googleusercontent.com/gps-cs-s/AC9h4npC8oeZSl4JvppEARt6pelAzNtJqQ4C_R279Qz6GcyHWCrtAZAOf8HY8aYaXb1IlKiMseM7zqe-AYy_gpp66X7aXa0RTVYzzqIumc3FGc01WmrqhrsTgEFeOyvfwuUna2TJkdhY=w800-h500-k-no,"{""Sunday"": ""Closed"", ""Monday"": ""8AM-4PM"", ""Tuesday"": ""8AM-4PM"", ""Wednesday"": ""8AM-4PM"", ""Thursday"": ""8AM-4PM"", ""Friday"": ""8AM-4PM"", ""Saturday"": ""9AM-5PM""}",OPERATIONAL,,"https://www.google.com/maps/place/Dog+Wash+Spa+Cedar+Park/@30.5236572,-97.825268,14z/data=!4m8!1m2!2m1!1sDog+Wash+Spa+Cedar+Park!3m4!1s0x865b2cfe24860fb1:0xed45018e8a097edc!8m2!3d30.5236572!4d-97.825268"
Brushy Creek Dog Park,https://www.brushycreekdogpark.com/,+1 512-759-2275,"200 Co Rd 197, Hutto, TX 78634",Hutto,78634,Texas,30.5085905,-97.5505806,https://lh3.googleusercontent.com/gps-cs-s/AC9h4nr2a3ypvaNxSnRfA-SrP3b5rbqv4GvT4f2On7WreJwLIuQdMCksoUa78fL8iesk_ededP4A2Qhj7mZ_JXxP59j_e1YUpBa9zq9KSLEAYInuoFtFm0fnPXF5B3dy-JFVOWmZfeenOw=w800-h500-k-no,"{""Sunday"": ""Closed"", ""Monday"": ""7AM-6PM"", ""Tuesday"": ""7AM-6PM"", ""Wednesday"": ""7AM-6PM"", ""Thursday"": ""7AM-6PM"", ""Friday"": ""7AM-6PM"", ""Saturday"": ""Closed""}",OPERATIONAL,,"https://www.google.com/maps/place/Brushy+Creek+Dog+Park/@30.5085905,-97.55058059999999,14z/data=!4m8!1m2!2m1!1sBrushy+Creek+Dog+Park!3m4!1s0x8644db12399680d3:0x7de6d51b6178a1e0!8m2!3d30.5085905!4d-97.55058059999999"
Camp Bow Wow Hutto,https://www.campbowwow.com/hutto/,+1 512-866-7180,"600 Lemens Ave, Hutto, TX 78634",Hutto,78634,Texas,30.564483,-97.5878317,https://lh3.googleusercontent.com/p/AF1QipPj3pkTIZLqkdnGtxzWHx8XAwz00og5gI2alVJh=w800-h500-k-no,"{""Sunday"": ""7-10AM,4-7PM"", ""Monday"": ""7AM-7PM"", ""Tuesday"": ""7AM-7PM"", ""Wednesday"": ""7AM-7PM"", ""Thursday"": ""7AM-7PM"", ""Friday"": ""7AM-7PM"", ""Saturday"": ""7AM-6PM""}",OPERATIONAL,,"https://www.google.com/maps/place/Camp+Bow+Wow+Hutto/@30.564483,-97.5878317,14z/data=!4m8!1m2!2m1!1sCamp+Bow+Wow+Hutto!3m4!1s0x8644da3dd86da877:0x14a95a79b2388052!8m2!3d30.564483!4d-97.5878317"
"Zippity-Doo-Dawgs,LLC",https://www.facebook.com/profile.php?id=100086970283752,+1 325-800-2773,"2928 RM 1431, Kingsland, TX 78639",Kingsland,78639,Texas,30.6702332,-98.453345,https://lh3.googleusercontent.com/p/AF1QipMNQuoJ4oFjb48RdXhqycKCkwvbow_2AE6wH4X4=w800-h500-k-no,"{""Sunday"": ""Closed"", ""Monday"": ""Closed"", ""Tuesday"": ""8AM-7PM"", ""Wednesday"": ""8AM-7PM"", ""Thursday"": ""8AM-7PM"", ""Friday"": ""8AM-7PM"", ""Saturday"": ""Closed""}",OPERATIONAL,"Professional Dog Grooming, Boarding and Daycare","https://www.google.com/maps/place/Zippity-Doo-Dawgs%2CLLC/@30.6702332,-98.453345,14z/data=!4m8!1m2!2m1!1sZippity-Doo-Dawgs%2CLLC!3m4!1s0x865aff952d6ed4a5:0x4e5c64e50e38868f!8m2!3d30.6702332!4d-98.453345"
The Doghouse Inn,https://thedoghouseinn.net/,+1 718-607-7196,"206 Tower Dr, Kyle, TX 78640",Kyle,78640,Texas,29.9691401,-97.8471984,https://lh3.googleusercontent.com/p/AF1QipO7ySKX3Kt-ye11_T56Vfuw0uetpRAR1hiW3UBx=w800-h500-k-no,"{""Sunday"": ""7AM-11PM"", ""Monday"": ""7AM-11PM"", ""Tuesday"": ""7AM-11PM"", ""Wednesday"": ""7AM-11PM"", ""Thursday"": ""7AM-11PM"", ""Friday"": ""7AM-11PM"", ""Saturday"": ""7AM-11PM""}",OPERATIONAL,,"https://www.google.com/maps/place/The+Doghouse+Inn/@29.969140099999997,-97.8471984,14z/data=!4m8!1m2!2m1!1sThe+Doghouse+Inn!3m4!1s0x865b55998381ac53:0x7da9fb8641c8558e!8m2!3d29.969140099999997!4d-97.8471984"
Dogs Day Away,http://www.dogsdayawaytx.com/,+1 512-783-7833,"401 Bonanza St, Kyle, TX 78640",Kyle,78640,Texas,29.978318,-97.8178646,https://lh3.googleusercontent.com/p/AF1QipNpRyFDO5fTf9iX76pPQh1SWdAcG3A5pJeskkuZ=w800-h500-k-no,"{""Sunday"": ""Closed"", ""Monday"": ""7AM-6PM"", ""Tuesday"": ""7AM-6PM"", ""Wednesday"": ""7AM-6PM"", ""Thursday"": ""7AM-6PM"", ""Friday"": ""7AM-6PM"", ""Saturday"": ""7AM-6PM""}",OPERATIONAL,,"https://www.google.com/maps/place/Dogs+Day+Away/@29.978317999999998,-97.8178646,14z/data=!4m8!1m2!2m1!1sDogs+Day+Away!3m4!1s0x865b54fcadadf5cf:0xf87f40c292358fef!8m2!3d29.978317999999998!4d-97.8178646"
Pet Paradise Kyle,https://www.petparadise.com/kyle.htm,+1 512-861-0800,"2361 Kohlers Crossing, Kyle, TX 78640",Kyle,78640,Texas,30.0283917,-97.852459,https://lh3.googleusercontent.com/gps-cs-s/AC9h4noloE3euAYka30sDNSa7fufWpkkb3K3UaznL9dD-qX4iMzVU5ZEivIr0_E5GuU8CTq_-PTP3vKazk-W64qY4bGwIyFepHl3nVzk0MFp9Ujpw8_zPXhV-9z2-PZwgyGW_490ISbl=w800-h500-k-no,"{""Sunday"": ""9AM-5PM"", ""Monday"": ""6:30AM-7PM"", ""Tuesday"": ""6:30AM-7PM"", ""Wednesday"": ""6:30AM-7PM"", ""Thursday"": ""6:30AM-7PM"", ""Friday"": ""6:30AM-7PM"", ""Saturday"": ""9AM-5PM""}",OPERATIONAL,,"https://www.google.com/maps/place/Pet+Paradise+Kyle/@30.0283917,-97.852459,14z/data=!4m8!1m2!2m1!1sPet+Paradise+Kyle!3m4!1s0x865b535de777b38d:0x1c858095279949bb!8m2!3d30.0283917!4d-97.852459"
Steeplechase Dog Park,https://www.cityofkyle.com/recreation/steeplechase-dog-park,,"135 Hallie Dr, Kyle, TX 78640",Kyle,78640,Texas,29.9928233,-97.8570046,https://lh3.googleusercontent.com/gps-cs-s/AC9h4nqVnPiwQKI6qXZdsJfxjPT2_wp5H4DMIP-Fw_06PYvXq6byvFY2Vj7-uLjZl7GcJeZFHtKJtCQFOGIlcWt83hYBIkmE8nABVOpLaOXNde29hNl10Q0mTYKu_dJQybyNgCgPHWU=w800-h500-k-no,"{""Sunday"": ""8AM-8PM"", ""Monday"": ""8AM-8PM"", ""Tuesday"": ""8AM-8PM"", ""Wednesday"": ""8AM-8PM"", ""Thursday"": ""8AM-8PM"", ""Friday"": ""8AM-8PM"", ""Saturday"": ""8AM-8PM""}",OPERATIONAL,,"https://www.google.com/maps/place/Steeplechase+Dog+Park/@29.992823299999998,-97.8570046,14z/data=!4m8!1m2!2m1!1sSteeplechase+Dog+Park!3m4!1s0x865b5572ce58aef9:0xa6137d18fd9fe8ff!8m2!3d29.992823299999998!4d-97.8570046"
The Dog Ranch at Liberty Hill,https://www.thedogranchlibertyhill.com/?utm_source=googlemb,+1 512-515-3659,"13150 TX-29, Liberty Hill, TX 78642",Liberty Hill,78642,Texas,30.6658149,-97.902063,https://lh3.googleusercontent.com/p/AF1QipMqF-cT7QVE4bZduH_V0QUqNCefdJ-UVgZvbymC=w800-h500-k-no,"{""Sunday"": ""4-6PM"", ""Monday"": ""7AM-7PM"", ""Tuesday"": ""7AM-7PM"", ""Wednesday"": ""7AM-7PM"", ""Thursday"": ""7AM-7PM"", ""Friday"": ""7AM-7PM"", ""Saturday"": ""8AM-12PM""}",OPERATIONAL,,"https://www.google.com/maps/place/The+Dog+Ranch+at+Liberty+Hill/@30.665814899999997,-97.902063,14z/data=!4m8!1m2!2m1!1sThe+Dog+Ranch+at+Liberty+Hill!3m4!1s0x865ad70ffbb6239f:0x264317ef18c92b95!8m2!3d30.665814899999997!4d-97.902063"
Private Dog Park,,,"Liberty Hill, TX 78642",Liberty Hill,78642,Texas,30.6475217,-97.8480209,https://lh3.googleusercontent.com/gps-cs-s/AC9h4nom7o5T_z7E7kAhB2RPZhmZn3PwdZgkRis10e-W2-2kTGc2V3qZVbvmfQVhQ6vw5pe0VxPEjNJQ5s_juv8_pTUKrLyYqleE6s4E3GrpNE1WGl56z8L-UpgAfjz0o15fJKvqHvxA=w800-h500-k-no,"{""Sunday"": ""5AM-9PM"", ""Monday"": ""5AM-9PM"", ""Tuesday"": ""5AM-9PM"", ""Wednesday"": ""5AM-9PM"", ""Thursday"": ""5AM-9PM"", ""Friday"": ""5AM-9PM"", ""Saturday"": ""5AM-9PM""}",OPERATIONAL,,"https://www.google.com/maps/place/Private+Dog+Park/@30.6475217,-97.8480209,14z/data=!4m8!1m2!2m1!1sPrivate+Dog+Park!3m4!1s0x865b2bfc9bfe2861:0xa5ed81ce9b7792b1!8m2!3d30.6475217!4d-97.8480209"
Hill Country Pet Paradise,https://hillcountrypetparadise.com/,+1 325-248-6322,"1285 TX-29, Llano, TX 78643",Llano,78643,Texas,30.7608055,-98.6908463,https://lh3.googleusercontent.com/p/AF1QipNPrsEEX3ukwazWYaHaMPF6rS5P6hbPYLOGut8e=w800-h500-k-no,"{""Sunday"": ""Closed"", ""Monday"": ""8AM-5PM"", ""Tuesday"": ""8AM-5PM"", ""Wednesday"": ""8AM-5PM"", ""Thursday"": ""8AM-5PM"", ""Friday"": ""8AM-5PM"", ""Saturday"": ""8AM-5PM""}",OPERATIONAL,Premier pet day care and boarding.,"https://www.google.com/maps/place/Hill+Country+Pet+Paradise/@30.7608055,-98.69084629999999,14z/data=!4m8!1m2!2m1!1sHill+Country+Pet+Paradise!3m4!1s0x865a4fd9abc75f2f:0x6d3d159248c1b088!8m2!3d30.7608055!4d-98.69084629999999"
Lions Park,https://www.lockhart-tx.org/page/parks_home,+1 512-398-3461,"415 Brazos St, Lockhart, TX 78644",Lockhart,78644,Texas,29.8813671,-97.6688799,https://lh3.googleusercontent.com/gps-cs-s/AC9h4nr494yB1B_92oNWWkZ45ASa_mKqtIWF5llL3HF7yEEv6YIWwmuZLLBqL36bkYnPCzZ1_AnTo1r1o5dMuEcGz5j9miobrgpTY5tUtRrA12ylh58sXSMvq5tfzoNj1giefMOP8LA2DQ=w800-h500-k-no,,OPERATIONAL,,"https://www.google.com/maps/place/Lions+Park/@29.8813671,-97.6688799,14z/data=!4m8!1m2!2m1!1sLions+Park!3m4!1s0x86435721e996c5e1:0xd71421ebe79df1ce!8m2!3d29.8813671!4d-97.6688799"
Paws Landing,https://pawslandinglh.com/,+1 512-253-3069,"1673 US-183, Leander, TX 78641",Leander,78641,Texas,30.6319352,-97.8630406,https://lh3.googleusercontent.com/p/AF1QipMIIL14bQwAY3KWmMdO4EXgBq7jaw3i4s7j8A8I=w800-h500-k-no,"{""Sunday"": ""7AM-7PM"", ""Monday"": ""6AM-8PM"", ""Tuesday"": ""6AM-8PM"", ""Wednesday"": ""6AM-8PM"", ""Thursday"": ""6AM-8PM"", ""Friday"": ""6AM-8PM"", ""Saturday"": ""7AM-7PM""}",OPERATIONAL,,"https://www.google.com/maps/place/Paws+Landing/@30.631935199999997,-97.86304059999999,14z/data=!4m8!1m2!2m1!1sPaws+Landing!3m4!1s0x865b2bedd0560965:0xf8191d1de3e6d1bc!8m2!3d30.631935199999997!4d-97.86304059999999"
Hounds Town - Leander,https://houndstownusa.com/locations/leander/?utm_source=google,+1 512-986-7317,"10181 E Crystal Falls Pkwy Suite 102, Leander, TX 78641",Leander,78641,Texas,30.5587034,-97.8434674,https://lh3.googleusercontent.com/p/AF1QipORyWIjOvjHi-aT9wOM3jj21sPxihRUpLo7GEvu=w800-h500-k-no,"{""Sunday"": ""11AM-1PM"", ""Monday"": ""6AM-7PM"", ""Tuesday"": ""6AM-7PM"", ""Wednesday"": ""6AM-7PM"", ""Thursday"": ""6AM-7PM"", ""Friday"": ""6AM-7PM"", ""Saturday"": ""9AM-4PM""}",OPERATIONAL,,"https://www.google.com/maps/place/Hounds+Town+-+Leander/@30.5587034,-97.8434674,14z/data=!4m8!1m2!2m1!1sHounds+Town+-+Leander!3m4!1s0x865b2dccea7cacd5:0xadba423bbbba4e1d!8m2!3d30.5587034!4d-97.8434674"
Unleashed Unlimited,http://unleashedunlimited.com/,+1 512-778-0280,"1410 Live Oak Rd, Leander, TX 78641",Leander,78641,Texas,30.6132197,-97.8980784,https://lh3.googleusercontent.com/p/AF1QipOLt53Ygk9O2xUo-9tm7sVq2ulMNfqoWespKEO1=w800-h500-k-no,"{""Sunday"": ""7AM-7PM"", ""Monday"": ""7AM-7PM"", ""Tuesday"": ""7AM-7PM"", ""Wednesday"": ""7AM-7PM"", ""Thursday"": ""7AM-7PM"", ""Friday"": ""7AM-7PM"", ""Saturday"": ""7AM-7PM""}",OPERATIONAL,,"https://www.google.com/maps/place/Unleashed+Unlimited/@30.6132197,-97.89807839999999,14z/data=!4m8!1m2!2m1!1sUnleashed+Unlimited!3m4!1s0x8644ce3370ea5dd1:0x99f2d9678c3cbf8e!8m2!3d30.6132197!4d-97.89807839999999"
BarnDog,http://www.barndogtx.com/,+1 512-909-3141,"180 Denman Rd, Luling, TX 78648",Luling,78648,Texas,29.6189916,-97.7018429,https://lh3.googleusercontent.com/p/AF1QipM2xepmHcqaKZzMsgEDjXsFgNk5wAGt-t7c_MIC=w800-h500-k-no,,OPERATIONAL,"BarnDog is a unique experience for your dog. It is a place where your dog can be a reaI dog, doing dog activities all day. We play from sunup to sundown, with breaks for snacks and cuddles. We go on field trips to the San Marcos River, where we splash around and cool off. We have pools and toys in the yards for cooling off and entertainment. We play mental games, like ""seek n find"". It is a sensory exercise where they use their best sense (nose) to find treasures (treats). I have 15+ years of vet tech experience and I am a lifelong animal Lover, dedicating time, love, energy and resources on rescuing, rehabilitating and rehoming pups. I offer daycare and shuttle services for your convenience. I promise to send them home tired. :)","https://www.google.com/maps/place/BarnDog/@29.618991599999998,-97.7018429,14z/data=!4m8!1m2!2m1!1sBarnDog!3m4!1s0x8644abd3e752ef1b:0xd4a8b229c9912a20!8m2!3d29.618991599999998!4d-97.7018429"
Jumping Jack Dog Ranch,http://jumpingjackranch.com/,+1 512-580-3617,"13731 Carpenter Ln, Manchaca, TX 78652",Manchaca,78652,Texas,30.1294115,-97.8810084,https://lh3.googleusercontent.com/gps-cs-s/AC9h4nq3724QW8TPKulrE6HQTkUI6koKbI0BZRmdHX13idmeg5b7VQ3Aevsw1vgDF8Unfr0kar-YVyl9DomhnCl3L_afJ-PNyHkrT_wTgFpxYKSpdo0qZtsr7jE_llyuOpYpUgT_zBF-=w800-h500-k-no,"{""Sunday"": ""9AM-6PM"", ""Monday"": ""6:30-10AM,3-7:30PM"", ""Tuesday"": ""6:30-10AM,3-7:30PM"", ""Wednesday"": ""6:30-10AM,3-7:30PM"", ""Thursday"": ""6:30-10AM,3-7:30PM"", ""Friday"": ""6:30-10AM,3-7:30PM"", ""Saturday"": ""9AM-6PM""}",OPERATIONAL,,"https://www.google.com/maps/place/Jumping+Jack+Dog+Ranch/@30.1294115,-97.8810084,14z/data=!4m8!1m2!2m1!1sJumping+Jack+Dog+Ranch!3m4!1s0x865b4e6d5c350a73:0xf4a7d21e184be2b9!8m2!3d30.1294115!4d-97.8810084"
Neighbors Dog Park & Cafe,http://www.neighborsatx.com/,+1 512-520-8666,"5609 S Congress Ave #220, Austin, TX 78745",Austin,78745,Texas,30.2037981,-97.774414,https://lh3.googleusercontent.com/gps-cs-s/AC9h4nptAhFZluQS_koso3zjnzPgHaoCNhJeYY58i-kzSd_5OKMJcUB-X1u3kdp_VcWSYvdKcca-q-8pe7T9Facencd9uaKls5RPG686-ngQAFr4yKhEoBv5TfyndjLCKOlkqa_IDrB6Gw=w800-h500-k-no,"{""Sunday"": ""8AM-2PM,5-9PM"", ""Monday"": ""8AM-2PM,5-9PM"", ""Tuesday"": ""8AM-2PM,5-9PM"", ""Wednesday"": ""8AM-2PM,5-9PM"", ""Thursday"": ""8AM-2PM,5-9PM"", ""Friday"": ""8AM-2PM,5-9PM"", ""Saturday"": ""8AM-2PM,5-9PM""}",OPERATIONAL,,"https://www.google.com/maps/place/Neighbors+Dog+Park+%26+Cafe/@30.2037981,-97.774414,14z/data=!4m8!1m2!2m1!1sNeighbors+Dog+Park+%26+Cafe!3m4!1s0x8644b337caba71c9:0xe6a1d0a818f745ba!8m2!3d30.2037981!4d-97.774414"
Fossil Ridge Doggie Playcare,http://www.fossilridgeatx.com/,+1 512-609-8181,"10704 Creek View Dr, Austin, TX 78748",Austin,78748,Texas,30.158866,-97.823869,https://lh3.googleusercontent.com/p/AF1QipOB8WB29FUCZ3Nnq5p0_j3BDXeDUxGBtvNvBPKZ=w800-h500-k-no,"{""Sunday"": ""Closed"", ""Monday"": ""8AM-7PM"", ""Tuesday"": ""8AM-7PM"", ""Wednesday"": ""8AM-7PM"", ""Thursday"": ""8AM-7PM"", ""Friday"": ""Closed"", ""Saturday"": ""Closed""}",OPERATIONAL,,"https://www.google.com/maps/place/Fossil+Ridge+Doggie+Playcare/@30.158866,-97.823869,14z/data=!4m8!1m2!2m1!1sFossil+Ridge+Doggie+Playcare!3m4!1s0x865b4d7813f1f95f:0xf4bc916879b7d1d!8m2!3d30.158866!4d-97.823869"
Dog Park Blue,,,"7000-7098 Onion Creek Dr, Austin, TX 78744",Austin,78744,Texas,30.1720231,-97.7434921,https://lh3.googleusercontent.com/gps-cs-s/AC9h4nr-mt27h6CcN136FEJ38WweWso4lDa-qhX6u90_g_IbvQnQ5Q3vm3IWmW7zKmxAQB4Dcxk9WRVtni0xZNs-tEwI3A6mWLwylXRI5PV4vNq5TWVIUvraPabflVDRJFMmBqVFp5luSw=w800-h500-k-no,"{""Sunday"": ""3AM-12AM"", ""Monday"": ""3AM-12AM"", ""Tuesday"": ""3AM-12AM"", ""Wednesday"": ""3AM-12AM"", ""Thursday"": ""3AM-12AM"", ""Friday"": ""3AM-1AM"", ""Saturday"": ""3AM-1AM""}",OPERATIONAL,,"https://www.google.com/maps/place/Dog+Park+Blue/@30.172023099999997,-97.7434921,14z/data=!4m8!1m2!2m1!1sDog+Park+Blue!3m4!1s0x8644b307db10631f:0x30d4d584b5c5022a!8m2!3d30.172023099999997!4d-97.7434921"
Ruff Park,,,"1610 2nd St, Marble Falls, TX 78654",Marble Falls,78654,Texas,30.5746245,-98.2865769,https://lh3.googleusercontent.com/gps-cs-s/AC9h4nqxQOcwYcIhG3kW13tWnrk6zvuXSTuEh5LDv0uIXGr_OojFJx3umMddehqSX6smmjd9gvLU53yJump6rgnRUjwBdsxx75wyVDgvcTdz1RoAzbPQbtqg2-J2wtpZBf3J1knabIgb2Q=w800-h500-k-no,"{""Sunday"": ""6AM-11:30PM"", ""Monday"": ""6AM-11:30PM"", ""Tuesday"": ""6AM-11:30PM"", ""Wednesday"": ""6AM-11:30PM"", ""Thursday"": ""6AM-11:30PM"", ""Friday"": ""6AM-11:30PM"", ""Saturday"": ""6AM-11:30PM""}",OPERATIONAL,,"https://www.google.com/maps/place/Ruff+Park/@30.5746245,-98.2865769,14z/data=!4m8!1m2!2m1!1sRuff+Park!3m4!1s0x865b1d7034963e2f:0x70170d2166c4cee0!8m2!3d30.5746245!4d-98.2865769"
Cactus Inn & RV Parking,https://sites.google.com/cactusinn.net/cactus-inn/home,+1 806-779-2346,"101 Pine St, McLean, TX 79057",McLean,79057,Texas,35.2339304,-100.608,https://lh3.googleusercontent.com/gps-cs-s/AC9h4npsDEy7VZnUINm_Lvr_0NVdcP2ZaAW-Vu5KA2nCgfPVa1O1RVRIJaW015H3VltDDHHeDm5OrvRfEPHnpUJdfkJI3OcheYWNpG9CZ84GwlpmY8oQqyAUKCZXjSdSbRF8AnUWuC_rew=w800-h500-k-no,,OPERATIONAL,,"https://www.google.com/maps/place/Cactus+Inn+%26+RV+Parking/@35.2339304,-100.60799999999999,14z/data=!4m8!1m2!2m1!1sCactus+Inn+%26+RV+Parking!3m4!1s0x87aa0832711af521:0x3715543e96d7a691!8m2!3d35.2339304!4d-100.60799999999999"
Hobart Street Dog Park,,+1 806-669-1044,"Pampa, TX 79065",Pampa,79065,Texas,35.5285733,-100.9707381,https://lh3.googleusercontent.com/gps-cs-s/AC9h4no8U2IR-WjBLZRb2YgqmU-94wJhHqskrw9xwrL0IZu5-xb_07YOfwAkWtvPuYWxDAUN0v1j6CbD8FDNIBU7pwlq9xnaiZg--Tr5x0mj-9AyFsc9d-LQLg3vtoDA7PlImMZ2wZdD=w800-h500-k-no,,OPERATIONAL,,"https://www.google.com/maps/place/Hobart+Street+Dog+Park/@35.5285733,-100.97073809999999,14z/data=!4m8!1m2!2m1!1sHobart+Street+Dog+Park!3m4!1s0x870749db5e0deb31:0x5a65eb09ec39a606!8m2!3d35.5285733!4d-100.97073809999999"
NorthBark Dog Park,http://www.dallasparks.org/Facilities/Facility/Details/NorthBark-Dog-Park-359,+1 214-670-1923,"4899 Gramercy Oaks Dr, Dallas, TX 75287",Dallas,75287,Texas,33.0111194,-96.820073,https://lh3.googleusercontent.com/gps-cs-s/AC9h4nrwYUF7mPm2vqM2GItx6MTqgKfC9tju26n3uYNXmc-CF4JXiT4dpSAMtDvMnzJIKmfvRG5Zp-XtDHIDKCmG5f8G7WfVgeUhg56KeT76Q7qQFnjpkJOpmK-u10Ms0VhxMS-NkZ5GIQ=w800-h500-k-no,"{""Sunday"": ""5AM-11PM"", ""Monday"": ""5AM-11PM"", ""Tuesday"": ""Closed"", ""Wednesday"": ""5AM-11PM"", ""Thursday"": ""5AM-11PM"", ""Friday"": ""5AM-11PM"", ""Saturday"": ""5AM-11PM""}",OPERATIONAL,"This 22-acre off-leash dog park features a lake, trails, a pavilion, showers & more.","https://www.google.com/maps/place/NorthBark+Dog+Park/@33.0111194,-96.820073,14z/data=!4m8!1m2!2m1!1sNorthBark+Dog+Park!3m4!1s0x864c239160cbd50d:0xb8e09d9a4546427b!8m2!3d33.0111194!4d-96.820073"
Digg Pet Resort,http://www.diggpetresort.com/,+1 469-460-1553,"14695 Parvin Rd, Prosper, TX 75078",Prosper,75078,Texas,33.2535149,-96.8825648,https://lh3.googleusercontent.com/gps-cs-s/AC9h4npQrcATH9Egj08PsvpNk8EpSTFeOtZzAJR1NStmF-AsyXPHDPHjcfpwYpAcaJFD0U8g53qv8b9did4aRqdHX_Byza8qZNlTiwKmRaDzKbOyOtMUNFN1o85H_YLQ-d3KMc4Woxhq=w800-h500-k-no,"{""Sunday"": ""Closed"", ""Monday"": ""7-9AM,3-6PM"", ""Tuesday"": ""7-9AM,3-6PM"", ""Wednesday"": ""7-9AM,3-6PM"", ""Thursday"": ""7-9AM,3-6PM"", ""Friday"": ""7-9AM,3-6PM"", ""Saturday"": ""4-5PM""}",OPERATIONAL,"Dog Daycare and Boarding Facility:
Conveniently located in West Prosper surrounded by beautiful neighborhoods: Windsong Ranch, Winn Ridge, Union Park, Sandbrock Ranch, Arrowbrooke and Sutton Fields.
Large indoor play areas for large and small dogs

13,000 square feet of sectioned outdoor play space with beautiful shade trees and large artificial turf areas with covered shade structures

32 Clean, safe and secure overnight suites in a variety of sizes

Family owned and operated","https://www.google.com/maps/place/Digg+Pet+Resort/@33.2535149,-96.8825648,14z/data=!4m8!1m2!2m1!1sDigg+Pet+Resort!3m4!1s0x864c47dda7e80419:0x618bba9bb95256fb!8m2!3d33.2535149!4d-96.8825648"
Kingdom Pet Boarding,http://kingdompetboarding.com/,+1 903-368-3896,"Co Rd 4708, Ben Wheeler, TX 75754",Ben Wheeler,75754,Texas,32.3881698,-95.6949292,https://lh3.googleusercontent.com/p/AF1QipNbon8Tlln1V2LHk5sXf9fuRKafDBARa4OUCn9b=w800-h500-k-no,"{""Sunday"": ""8AM-6PM"", ""Monday"": ""8AM-6PM"", ""Tuesday"": ""8AM-6PM"", ""Wednesday"": ""8AM-6PM"", ""Thursday"": ""8AM-6PM"", ""Friday"": ""8AM-6PM"", ""Saturday"": ""8AM-6PM""}",OPERATIONAL,"By appointment only please.

Dog Boarding in Edom Texas.
large runs and climate controlled.
We don't put your fur baby in a cages.
3 play yards and constant care.","https://www.google.com/maps/place/Kingdom+Pet+Boarding/@32.3881698,-95.69492919999999,14z/data=!4m8!1m2!2m1!1sKingdom+Pet+Boarding!3m4!1s0x8649a963ddf5c0eb:0x3be112b39269add4!8m2!3d32.3881698!4d-95.69492919999999"
Dog Park at Love’s Travel Stops,https://www.loves.com/dogparks,+1 806-358-2551,"14701 I-40, Amarillo, TX 79124",Amarillo,79124,Texas,35.1884033,-102.0109526,https://lh3.googleusercontent.com/gps-cs-s/AC9h4npuCORPoy5QjakBJLztw_BSMnCmFXJAZKxAr7JjjSSFbfoGdemNBQ3km2st5mr4cUabHVNXpcMXtKOE8TDU3HMDmU3ldW3pbCVD1iGkkSnpzEqX4AC37VX98F7eJwj19XqCiW2hlQ=w800-h500-k-no,"{""Sunday"": ""Open 24 hours"", ""Monday"": ""Open 24 hours"", ""Tuesday"": ""Open 24 hours"", ""Wednesday"": ""Open 24 hours"", ""Thursday"": ""Open 24 hours"", ""Friday"": ""Open 24 hours"", ""Saturday"": ""Open 24 hours""}",OPERATIONAL,,"https://www.google.com/maps/place/Dog+Park+at+Love%E2%80%99s+Travel+Stops/@35.1884033,-102.0109526,14z/data=!4m8!1m2!2m1!1sDog+Park+at+Love%E2%80%99s+Travel+Stops!3m4!1s0x8701575363e7fdf1:0xb2c8240bf82f8b6c!8m2!3d35.1884033!4d-102.0109526"
Thompson Dog Park,,,"2420 N Hughes St, Amarillo, TX 79107",Amarillo,79107,Texas,35.2433998,-101.837722,https://lh3.googleusercontent.com/gps-cs-s/AC9h4noo1jopQC6QhziaThp8-47mgwNAigG6zU9ltWsXHsdDJJZZpOwfu-Cff6Dt1zdKSwOIiuGb573cU4FT1Zj8DlUoac08wjFnXwZiBDFZ5uy_8c3uTGQm50G-j1lRHvmI1AQBCy6j=w800-h500-k-no,,OPERATIONAL,,"https://www.google.com/maps/place/Thompson+Dog+Park/@35.2433998,-101.837722,14z/data=!4m8!1m2!2m1!1sThompson+Dog+Park!3m4!1s0x87014f652c466629:0xdc512b95c0efa23e!8m2!3d35.2433998!4d-101.837722"
Central Bark Amarillo,https://www.centralbarkusa.com/amarillo/,+1 806-437-1060,"5001 S Western St, Amarillo, TX 79109",Amarillo,79109,Texas,35.1554152,-101.8833639,https://lh3.googleusercontent.com/p/AF1QipOWWsCKFOPL97xMv6wL3TaSqZS9lEZPDnvGeTY2=w800-h500-k-no,"{""Sunday"": ""Closed"", ""Monday"": ""7AM-6:30PM"", ""Tuesday"": ""7AM-6:30PM"", ""Wednesday"": ""7AM-6:30PM"", ""Thursday"": ""7AM-6:30PM"", ""Friday"": ""7AM-6:30PM"", ""Saturday"": ""Closed""}",OPERATIONAL,,"https://www.google.com/maps/place/Central+Bark+Amarillo/@35.1554152,-101.88336389999999,14z/data=!4m8!1m2!2m1!1sCentral+Bark+Amarillo!3m4!1s0x87014ffbd41c0ebd:0xbf5c3f804e76be75!8m2!3d35.1554152!4d-101.88336389999999"
Blanco Road Dog Park in Phil Hardberger Park,https://www.philhardbergerpark.org/dog-parks,,"13203 Blanco Rd, San Antonio, TX 78216",San Antonio,78216,Texas,29.5598922,-98.5192629,https://lh3.googleusercontent.com/gps-cs-s/AC9h4np0FOh-Z6F7n01vo_nkkYm32TM7HRAvZ96AcH7KHL2xsYEWRsQ7LGM05xM6dGEfPue10PRknIkjK3MEAVFUzLjR8UyyJB_hkUeR_A9bq5I4IssYmiKw56afO0FTrrTGvzmoPVljFw=w800-h500-k-no,"{""Sunday"": ""7:30AM-7:30PM"", ""Monday"": ""7:30AM-7:30PM"", ""Tuesday"": ""7:30AM-7:30PM"", ""Wednesday"": ""7:30AM-7:30PM"", ""Thursday"": ""7:30AM-7:30PM"", ""Friday"": ""7:30AM-7:30PM"", ""Saturday"": ""7:30AM-7:30PM""}",OPERATIONAL,,"https://www.google.com/maps/place/Blanco+Road+Dog+Park+in+Phil+Hardberger+Park/@29.5598922,-98.5192629,14z/data=!4m8!1m2!2m1!1sBlanco+Road+Dog+Park+in+Phil+Hardberger+Park!3m4!1s0x865c61f9e198f323:0x8f33de20197cc1af!8m2!3d29.5598922!4d-98.5192629"
Paw Park at The Greenline,https://livebrooks.com/the-greenline/,,"8020 Dave Erwin Dr, San Antonio, TX 78235",San Antonio,78235,Texas,29.3446435,-98.4534135,https://lh3.googleusercontent.com/gps-cs-s/AC9h4nrkX_LImUwPkaSjIaeq7o7Q1jwNba04raMEVymrOe5ggzsciE1MuUnvBu1aBNHB8AL6F-dryEk-L6eUvEPYg5LKHiANLDnZprkL-yRoPY8M-5eYSlNMfCthzJkfnRqoUPvPVSJv=w800-h500-k-no,"{""Sunday"": ""6AM-11PM"", ""Monday"": ""6AM-11PM"", ""Tuesday"": ""6AM-11PM"", ""Wednesday"": ""6AM-11PM"", ""Thursday"": ""6AM-11PM"", ""Friday"": ""6AM-11PM"", ""Saturday"": ""6AM-11PM""}",OPERATIONAL,,"https://www.google.com/maps/place/Paw+Park+at+The+Greenline/@29.3446435,-98.4534135,14z/data=!4m8!1m2!2m1!1sPaw+Park+at+The+Greenline!3m4!1s0x865cf73ccd8ce0b9:0x8b359cf80cab8c6!8m2!3d29.3446435!4d-98.4534135"
McAllister Dog Park,https://www.sanantonio.gov/ParksAndRec/Parks-Facilities/All-Parks-Facilities/Parks-Facilities-Details/ArtMID/14820/ArticleID/2578/McAllister-Park,+1 210-207-7275,"13102 Jones Maltsberger Rd, San Antonio, TX 78247",San Antonio,78247,Texas,29.5508059,-98.4448154,https://lh3.googleusercontent.com/gps-cs-s/AC9h4nq2GOGZwCDyKAisMj_Um6mn5nUTxMIZWXSpIE2yImvfoOECxyBLipS_BhMSKVsMp_O5AsAFjwis4rH_VG_RQsyq1HRf2Bm2PdS0CTjeKOSW54yNTWxVq7f2hZ8DltJhem8Em-s=w800-h500-k-no,"{""Sunday"": ""5AM-10PM"", ""Monday"": ""5AM-10PM"", ""Tuesday"": ""5AM-10PM"", ""Wednesday"": ""5AM-10PM"", ""Thursday"": ""5AM-10PM"", ""Friday"": ""5AM-10PM"", ""Saturday"": ""5AM-10PM""}",OPERATIONAL,"1.5-acre, off-leash dog park featuring a shaded, open play area, picnic shelter & paved trails.","https://www.google.com/maps/place/McAllister+Dog+Park/@29.5508059,-98.4448154,14z/data=!4m8!1m2!2m1!1sMcAllister+Dog+Park!3m4!1s0x865c8af0a7bcf995:0xaaa6e3f46ccbae91!8m2!3d29.5508059!4d-98.4448154"
Dogtopia of San Antonio - Stone Oak,https://www.dogtopia.com/sanantonio-stoneoak/,+1 210-866-8030,"2106 E Sonterra Blvd Suite 103, San Antonio, TX 78259",San Antonio,78259,Texas,29.6083306,-98.4593414,https://lh3.googleusercontent.com/gps-cs-s/AC9h4npcFZBJSNv0UcSF2NrOFHT8jxZPDZ89xIW_lLLi3xAHOjN4djuo4uKKgRWENxJlAx8NHPEt3zN3Xk2QB6xWTFDi7Eb8tukqpX0qdW8qDTkq7_X0xpeKaBNqv7_x9DL11q7eyTdW=w800-h500-k-no,"{""Sunday"": ""Closed"", ""Monday"": ""7AM-7PM"", ""Tuesday"": ""7AM-7PM"", ""Wednesday"": ""7AM-7PM"", ""Thursday"": ""7AM-7PM"", ""Friday"": ""7AM-7PM"", ""Saturday"": ""10AM-5PM""}",OPERATIONAL,,"https://www.google.com/maps/place/Dogtopia+of+San+Antonio+-+Stone+Oak/@29.6083306,-98.4593414,14z/data=!4m8!1m2!2m1!1sDogtopia+of+San+Antonio+-+Stone+Oak!3m4!1s0x865c8b21d95b59bb:0x879ffd77d7eba0f4!8m2!3d29.6083306!4d-98.4593414"
Coyote Dog Park,https://www.bexar.org/3675/Coyote-Park-at-La-Cantera,,"5815 N Loop 1604 W, San Antonio, TX 78257",San Antonio,78257,Texas,29.5916805,-98.6025525,https://lh3.googleusercontent.com/gps-cs-s/AC9h4npAGtR5ei2beiithP4JKka7yajQV-lRBKErGA6IkfW3bNpHDqzJBUtI2sngYGw02_0-26mp4-4u4CRB2nBYOL5WF05G0epNVcFEhy2NQQMFae6CoXO5g0XDrzHgM__cqzSe3M5J=w800-h500-k-no,"{""Sunday"": ""8AM-7:30PM"", ""Monday"": ""8AM-7:30PM"", ""Tuesday"": ""8AM-7:30PM"", ""Wednesday"": ""8AM-7:30PM"", ""Thursday"": ""8AM-7:30PM"", ""Friday"": ""8AM-7:30PM"", ""Saturday"": ""8AM-7:30PM""}",OPERATIONAL,,"https://www.google.com/maps/place/Coyote+Dog+Park/@29.5916805,-98.6025525,14z/data=!4m8!1m2!2m1!1sCoyote+Dog+Park!3m4!1s0x865c677676f3da39:0x5827de819f29030!8m2!3d29.5916805!4d-98.6025525"
Lady Bird Johnson Dog Park,,,"San Antonio, TX 78217",San Antonio,78217,Texas,29.5324414,-98.4274193,https://lh3.googleusercontent.com/gps-cs-s/AC9h4nokVutsIFLCKMmNOuXjqGORCSn9W6W1sB99XFE4BD7N5wiAM61ugTbLpM7dbsBX-fgRNYXEI70x_9sLEpSVULGA26h8fau5Aaif6j7Wbdd5XP6_d0pku8W-TF98BfzNo9O4Ohbzgg=w800-h500-k-no,"{""Sunday"": ""6AM-9:30PM"", ""Monday"": ""6AM-9:30PM"", ""Tuesday"": ""6AM-9:30PM"", ""Wednesday"": ""6AM-9:30PM"", ""Thursday"": ""6AM-9:30PM"", ""Friday"": ""6AM-9:30PM"", ""Saturday"": ""6AM-9:30PM""}",OPERATIONAL,,"https://www.google.com/maps/place/Lady+Bird+Johnson+Dog+Park/@29.5324414,-98.4274193,14z/data=!4m8!1m2!2m1!1sLady+Bird+Johnson+Dog+Park!3m4!1s0x865c8b306fee63e5:0xec3e6975144be445!8m2!3d29.5324414!4d-98.4274193"
"Monterrey Village Wildlife Trail, Playground, and Dog Park",,,"12914 Fairacres Way, San Antonio, TX 78233",San Antonio,78233,Texas,29.558299,-98.3551662,https://lh3.googleusercontent.com/gps-cs-s/AC9h4noXnJEeO0_M_PeN6uHGUjbV1NnGCNPpt0jjlAvvKM_YsERBJMK5GLypT0dyEriAW-s3cjQcRZEDOAa8XU7PPfRx6BNiiqUq_o1wr-tK8U0b4Giw3ZcjsMFR5VdiXYY3CHl8DYHZ4Q=w800-h500-k-no,,OPERATIONAL,,"https://www.google.com/maps/place/Monterrey+Village+Wildlife+Trail%2C+Playground%2C+and+Dog+Park/@29.558298999999998,-98.3551662,14z/data=!4m8!1m2!2m1!1sMonterrey+Village+Wildlife+Trail%2C+Playground%2C+and+Dog+Park!3m4!1s0x865c8d45a63779c9:0x3fe301df013a463e!8m2!3d29.558298999999998!4d-98.3551662"
Aina Blake Dog Park,http://www.universalcitytexas.com/563/Parks-and-Recreation,+1 210-658-5364,"134 Athenian, Universal City, TX 78148",Universal City,78148,Texas,29.5611863,-98.32399,https://lh3.googleusercontent.com/gps-cs-s/AC9h4nrusgE9IWfMhKWIElpdwU3dQDkxOR1XBtQiZFCa4YIsbqGYt1-cUQKnLjdkLEbt7rsfab6_Vz0-hHVxx7OQMR-oklmSkud9-249E2fKqcb1b6gj9QL5NU3lMqvHXIfmx9h1Zi8=w800-h500-k-no,"{""Sunday"": ""6AM-11PM"", ""Monday"": ""6AM-11PM"", ""Tuesday"": ""6AM-11PM"", ""Wednesday"": ""6AM-11PM"", ""Thursday"": ""6AM-11PM"", ""Friday"": ""6AM-11PM"", ""Saturday"": ""6AM-11PM""}",OPERATIONAL,,"https://www.google.com/maps/place/Aina+Blake+Dog+Park/@29.5611863,-98.32399,14z/data=!4m8!1m2!2m1!1sAina+Blake+Dog+Park!3m4!1s0x865c8d6e1653410f:0xbeaa81285c7915f9!8m2!3d29.5611863!4d-98.32399"
Fort Sam Dog Park,,,"2349 Officers Lp, Fort Sam Houston, TX 78234",Fort Sam Houston,78234,Texas,29.454142,-98.4579478,https://lh3.googleusercontent.com/gps-cs-s/AC9h4nqC8-kjtHpjHAyUjCk4MdSrXPLZcSvQSRulGx7YIQu8_Xsdfl9pINkChCcjk2RsGi-vFp-XyhIQPc-WOEzC7k9Tu21yWG-jQwspPWgCn0YYwBoUWFxNKz64rddzdUFx6QSUslws1A=w800-h500-k-no,,OPERATIONAL,,"https://www.google.com/maps/place/Fort+Sam+Dog+Park/@29.454141999999997,-98.4579478,14z/data=!4m8!1m2!2m1!1sFort+Sam+Dog+Park!3m4!1s0x865cf57f96b490af:0x9a841bd0808a6ab2!8m2!3d29.454141999999997!4d-98.4579478"
Harris Heights Dog Park,,,"3751 Patch Rd, Fort Sam Houston, TX 78234",Fort Sam Houston,78234,Texas,29.4615423,-98.4453982,https://lh3.googleusercontent.com/gps-cs-s/AC9h4noJbkDKcE3VAnJRW28G7kNVXUTUc1TVDV6i2fvmGQ5GZSw-vSokwgFAqqKA8FQWySgyRfkP3khL2FIZEoQtc2RPia0UmSKqMY1tqucQAX81Q8N54z0nrjnLwnGYy_b_EVzOmZU1=w800-h500-k-no,"{""Sunday"": ""Open 24 hours"", ""Monday"": ""Open 24 hours"", ""Tuesday"": ""Open 24 hours"", ""Wednesday"": ""Open 24 hours"", ""Thursday"": ""Open 24 hours"", ""Friday"": ""Open 24 hours"", ""Saturday"": ""Open 24 hours""}",OPERATIONAL,,"https://www.google.com/maps/place/Harris+Heights+Dog+Park/@29.461542299999998,-98.4453982,14z/data=!4m8!1m2!2m1!1sHarris+Heights+Dog+Park!3m4!1s0x865cf59680610d37:0xae529f257ba0a4c3!8m2!3d29.461542299999998!4d-98.4453982"
Woodlawn Lake Dog Park,https://www.sanantonio.gov/ParksAndRec/Parks-Facilities/All-Parks-Facilities/Parks-Facilities-Details/ArtMID/14820/ArticleID/2456/Park/262,+1 210-207-7275,"115 Alexander Ave, San Antonio, TX 78201",San Antonio,78201,Texas,29.4494022,-98.5282318,https://lh3.googleusercontent.com/gps-cs-s/AC9h4nrm5FM67hUm98y__VgXHnnZ1rHvdLN94uxSMK2G0unAriN6X2f7IdTsw6xHzjqUE-_dRltKt04qIMvjmPwluUZ_fagL0hQ4FaVJ5NPRxz_8uWlG1n1fo8HvK2MU1V-o0AerDc3k=w800-h500-k-no,"{""Sunday"": ""8AM-10PM"", ""Monday"": ""8AM-10PM"", ""Tuesday"": ""8AM-10PM"", ""Wednesday"": ""8AM-10PM"", ""Thursday"": ""8AM-10PM"", ""Friday"": ""8AM-10PM"", ""Saturday"": ""8AM-10PM""}",OPERATIONAL,,"https://www.google.com/maps/place/Woodlawn+Lake+Dog+Park/@29.449402199999998,-98.5282318,14z/data=!4m8!1m2!2m1!1sWoodlawn+Lake+Dog+Park!3m4!1s0x865c5f1e29cb99b5:0xb675ab677178d771!8m2!3d29.449402199999998!4d-98.5282318"
Tom Slick Park,http://www.sanantonio.gov/ParksAndRec/Parks-Facilities/All-Parks-Facilities/Parks-Facilities-Details/ArtMID/14820/ArticleID/2493/Slick-Park,+1 210-207-7275,"7400 Texas 151 Access Rd, San Antonio, TX 78227",San Antonio,78227,Texas,29.4304963,-98.6347818,https://lh3.googleusercontent.com/gps-cs-s/AC9h4np_vur8m-bf7s40DVl8pymUQIg1JdKMjdLJcD7aBEo6z-ZXEmKae_f6JREo9D09HXKN3iaFJOSzywfVI7WakTC2U3q70FNK5-aGJgkybbkswNR6FcH1O51wVLhewttrQqmPW4suZw=w800-h500-k-no,"{""Sunday"": ""5AM-11PM"", ""Monday"": ""5AM-11PM"", ""Tuesday"": ""5AM-11PM"", ""Wednesday"": ""5AM-11PM"", ""Thursday"": ""5AM-11PM"", ""Friday"": ""5AM-11PM"", ""Saturday"": ""5AM-11PM""}",OPERATIONAL,"Suburban park with a 1-acre dog area, pond & baseball, football & soccer fields & pavilion for hire.","https://www.google.com/maps/place/Tom+Slick+Park/@29.430496299999998,-98.6347818,14z/data=!4m8!1m2!2m1!1sTom+Slick+Park!3m4!1s0x865c5c96f2843711:0x37b40c6ccfb45c50!8m2!3d29.430496299999998!4d-98.6347818"
Pup Pup & Away,https://puppupandawaysa.com/,+1 210-899-1688,"3701 San Pedro Ave, San Antonio, TX 78212",San Antonio,78212,Texas,29.4695695,-98.4995279,https://lh3.googleusercontent.com/gps-cs-s/AC9h4npnb7z_PNL-ciNAD9L31BNbFa2iDyppC1F7MFXPubaeZOrNbkVDGbywaxdFwpDVOF4X8Us_0ISYo39TfLKpUhzQ-TpYix4HjBJWZ9UCbj4uvbU8sycaf9QWQwve5a4oqKQTJRw=w800-h500-k-no,"{""Sunday"": ""Closed"", ""Monday"": ""7AM-6PM"", ""Tuesday"": ""7AM-6PM"", ""Wednesday"": ""7AM-6PM"", ""Thursday"": ""7AM-6PM"", ""Friday"": ""7AM-6PM"", ""Saturday"": ""Closed""}",OPERATIONAL,,"https://www.google.com/maps/place/Pup+Pup+%26+Away/@29.4695695,-98.49952789999999,14z/data=!4m8!1m2!2m1!1sPup+Pup+%26+Away!3m4!1s0x865c5c5315380d93:0xd46119ed4aa23d40!8m2!3d29.4695695!4d-98.49952789999999"
Panther Springs Dog Park,http://www.sanantonio.gov/ParksAndRec/Parks-Facilities/All-Parks-Facilities/Parks-Facilities-Details/ArtMID/14820/ArticleID/2530/Panther-Springs-Park?Park=186,+1 210-207-8480,"22635 Wilderness Oak, San Antonio, TX 78260",San Antonio,78260,Texas,29.6527293,-98.5040255,https://lh3.googleusercontent.com/gps-cs-s/AC9h4noPLbX3txK9JRi4NL9CufBoFABgwNsR4duHS-idlzDlenIwGLzrGGBCaLN2uLsTka2T-gy6jbSHEO_7SEQYGB0RyRE1Mu4h4F1W4d182qJ2JSTzU4E9oxPp9dDS08zaR2sFKqyo=w800-h500-k-no,"{""Sunday"": ""6AM-8PM"", ""Monday"": ""6AM-8PM"", ""Tuesday"": ""6AM-8PM"", ""Wednesday"": ""6AM-8PM"", ""Thursday"": ""6AM-8PM"", ""Friday"": ""6AM-8PM"", ""Saturday"": ""6AM-8PM""}",OPERATIONAL,,"https://www.google.com/maps/place/Panther+Springs+Dog+Park/@29.652729299999997,-98.5040255,14z/data=!4m8!1m2!2m1!1sPanther+Springs+Dog+Park!3m4!1s0x865c6260499a30ad:0x6449d4a7efed95cb!8m2!3d29.652729299999997!4d-98.5040255"
Phil Hardberger Park (East),https://www.sanantonio.gov/ParksAndRec/Parks-Facilities/All-Parks-Facilities/Parks-Facilities-Details/ArtMID/14820/ArticleID/2638/Phil-Hardberger-Park,+1 210-207-3781,"13203 Blanco Rd, San Antonio, TX 78216",San Antonio,78216,Texas,29.5612034,-98.5198315,https://lh3.googleusercontent.com/gps-cs-s/AC9h4npwX_8eXUikINMg7kV5dFHrNnlml2W-CABaotrMigKv_2PD-BZD1Y1deyWZZ0En5PqMi6Vbw50cndNOS8TkNUTCz33wqvu6iK2gN-zSMouy2tzZDWZ-P1vPZfCpkgEgZ8P6NNwW=w800-h500-k-no,,OPERATIONAL,,"https://www.google.com/maps/place/Phil+Hardberger+Park+%28East%29/@29.5612034,-98.5198315,14z/data=!4m8!1m2!2m1!1sPhil+Hardberger+Park+%28East%29!3m4!1s0x865c617f24d21135:0x8822fb7ff584ecdb!8m2!3d29.5612034!4d-98.5198315"
Pawderosa Ranch,https://pawderosaranch.com/,+1 210-404-9941,"923 Clydeville Rd, San Antonio, TX 78216",San Antonio,78216,Texas,29.5482416,-98.4799061,https://lh3.googleusercontent.com/p/AF1QipObO328ji38hnp86ab0_WQu3MUEcv_rVwawfhU=w800-h500-k-no,"{""Sunday"": ""11AM-5PM"", ""Monday"": ""6:30AM-7PM"", ""Tuesday"": ""6:30AM-7PM"", ""Wednesday"": ""6:30AM-7PM"", ""Thursday"": ""6:30AM-7PM"", ""Friday"": ""6:30AM-7PM"", ""Saturday"": ""8-11AM""}",OPERATIONAL,,"https://www.google.com/maps/place/Pawderosa+Ranch/@29.548241599999997,-98.4799061,14z/data=!4m8!1m2!2m1!1sPawderosa+Ranch!3m4!1s0x865c8a9c14a59c19:0x73e7b5adad48de40!8m2!3d29.548241599999997!4d-98.4799061"
Dogtopia of San Antonio - Alamo Ranch,https://www.dogtopia.com/sanantonio-alamoranch/,+1 210-858-6968,"11726 Alamo Ranch Pkwy Suite 200, San Antonio, TX 78253",San Antonio,78253,Texas,29.4852369,-98.7255357,https://lh3.googleusercontent.com/gps-cs-s/AC9h4npz0VQ-x_LyJj6OgNIvJj7rxXq3kybfa3YMAuEtpQyNlXdvgG6HhBEhD2H51HBnxI4aTx8ArHHsEruIHgu-dsmAXJkOxpHnb9SmVz1Ns1XMKD0eHJGeFG5XfszTrvBVY46E_lHK=w800-h500-k-no,"{""Sunday"": ""10AM-5PM"", ""Monday"": ""7AM-7PM"", ""Tuesday"": ""7AM-7PM"", ""Wednesday"": ""7AM-7PM"", ""Thursday"": ""7AM-7PM"", ""Friday"": ""7AM-7PM"", ""Saturday"": ""10AM-5PM""}",OPERATIONAL,"Dogtopia is the leading destination for dog daycare, boarding and spa services. Our mission is to make sure your four-legged family members are kept safe and have a fun time when they are at our modern, open-play facility. We understand that your dog is a member of the family. You want to provide your dog with safe socialization so that they meet and play with like-minded friends, exercise to keep them healthy and extend their lives and education to help ensure they are well-behaved both at home and when you take them out in public. Dogtopia’s daycare is designed with these needs in mind. Your dog’s safety is our top priority; that’s why our team’s training is certified by two nationally recognized associations in canine behavior.","https://www.google.com/maps/place/Dogtopia+of+San+Antonio+-+Alamo+Ranch/@29.4852369,-98.7255357,14z/data=!4m8!1m2!2m1!1sDogtopia+of+San+Antonio+-+Alamo+Ranch!3m4!1s0x865c43f3caee2953:0x93d708414abc6368!8m2!3d29.4852369!4d-98.7255357"
Pet Paradise Stone Oak,https://www.petparadise.com/stone-oak.htm,+1 210-982-3445,"22811 US-281, San Antonio, TX 78258",San Antonio,78258,Texas,29.6537229,-98.4510589,https://lh3.googleusercontent.com/gps-cs-s/AC9h4np0pHsVWEPut8q4piS_DGVUSRIMGKEd4-YhRbSZayn7vL7kaJjJp2MLuO0KKgd6ba1xx1NgdCreDPUZ9Xsbw3cVQ7nuZG3PEFqBTNWRrhAMJJCyKrR-via3uEtMb9w4DS6xcabB=w800-h500-k-no,"{""Sunday"": ""9AM-5PM"", ""Monday"": ""6:30AM-7PM"", ""Tuesday"": ""6:30AM-7PM"", ""Wednesday"": ""6:30AM-7PM"", ""Thursday"": ""6:30AM-7PM"", ""Friday"": ""6:30AM-7PM"", ""Saturday"": ""9AM-5PM""}",OPERATIONAL,,"https://www.google.com/maps/place/Pet+Paradise+Stone+Oak/@29.653722899999998,-98.45105889999999,14z/data=!4m8!1m2!2m1!1sPet+Paradise+Stone+Oak!3m4!1s0x865c89aad99ca369:0x5d0a3a6b3ad2b046!8m2!3d29.653722899999998!4d-98.45105889999999"
Camp Bow Wow San Antonio Airport,https://www.campbowwow.com/san-antonio-airport/,+1 210-759-4435,"11931 Jones Maltsberger Rd, San Antonio, TX 78216",San Antonio,78216,Texas,29.550752,-98.4706235,https://lh3.googleusercontent.com/p/AF1QipO_43WVNx05CDWjRXp8uJTaWYanbuS8KFCGbzaN=w800-h500-k-no,"{""Sunday"": ""7AM-7PM"", ""Monday"": ""7AM-7PM"", ""Tuesday"": ""7AM-7PM"", ""Wednesday"": ""7AM-7PM"", ""Thursday"": ""7AM-7PM"", ""Friday"": ""7AM-7PM"", ""Saturday"": ""7AM-7PM""}",OPERATIONAL,,"https://www.google.com/maps/place/Camp+Bow+Wow+San+Antonio+Airport/@29.550752,-98.4706235,14z/data=!4m8!1m2!2m1!1sCamp+Bow+Wow+San+Antonio+Airport!3m4!1s0x865c8a90535fb91b:0xb0ee68e43e4fae3!8m2!3d29.550752!4d-98.4706235"
"Coastal Bend at Seadrift, Motel & RV Park",https://live.ipms247.com/booking/book-rooms-coastalbendatseadriftmotelrvpark,+1 361-785-3322,"201 TX-185, Seadrift, TX 77983",Seadrift,77983,Texas,28.4171249,-96.7175988,https://lh3.googleusercontent.com/p/AF1QipP__ArKXx6Eiw19tX6vza-kavQC7DlL4Qjp_6Mn=w800-h500-k-no,,OPERATIONAL,,"https://www.google.com/maps/place/Coastal+Bend+at+Seadrift%2C+Motel+%26+RV+Park/@28.417124899999997,-96.71759879999999,14z/data=!4m8!1m2!2m1!1sCoastal+Bend+at+Seadrift%2C+Motel+%26+RV+Park!3m4!1s0x8669e0d28115d951:0x7994857dd7004ff9!8m2!3d28.417124899999997!4d-96.71759879999999"
Shiner Bark Pet Resort,http://www.shinerbark.com/,+1 361-594-3737,"2785 Hwy 90 Alt, Shiner, TX 77984",Shiner,77984,Texas,29.4444392,-97.1982114,https://streetviewpixels-pa.googleapis.com/v1/thumbnail?panoid=jU9vuzwB8x5wLMH7o3DXFw&cb_client=search.gws-prod.gps&w=800&h=500&yaw=193.933&pitch=0&thumbfov=100,"{""Sunday"": ""Closed"", ""Monday"": ""7:30AM-5:30PM"", ""Tuesday"": ""7:30AM-5:30PM"", ""Wednesday"": ""7:30AM-5:30PM"", ""Thursday"": ""7:30AM-5:30PM"", ""Friday"": ""7:30AM-5:30PM"", ""Saturday"": ""8AM-12PM""}",OPERATIONAL,,"https://www.google.com/maps/place/Shiner+Bark+Pet+Resort/@29.444439199999998,-97.19821139999999,14z/data=!4m8!1m2!2m1!1sShiner+Bark+Pet+Resort!3m4!1s0x8643086f1d299541:0x4c17fd9840aa7f0c!8m2!3d29.444439199999998!4d-97.19821139999999"
Riverside Dog Park,https://www.victoriaadvocate.com/news/government/riverside-duck-pond-dog-park-slated-for-completion-this-year/article_7ef672f6-25b6-11ee-88cc-6f9c80584257.html,+1 361-485-3200,"201 Memorial Dr, Victoria, TX 77901",Victoria,77901,Texas,28.8075461,-97.0167308,https://lh3.googleusercontent.com/gps-cs-s/AC9h4npo0hZYm_qt-0bPhUPlOu6ztCFnc2qNlj1iayiIULH-YdasY_TQxKBF5SMG7nqNBQxKeT9p9L15LCjZyOEuysmOTixiJjkFDZCs7fM81dvMoq7PW8q-TifAPVjHq2acy57OuYYT=w800-h500-k-no,"{""Sunday"": ""7AM-10PM"", ""Monday"": ""7AM-10PM"", ""Tuesday"": ""7AM-10PM"", ""Wednesday"": ""7AM-10PM"", ""Thursday"": ""7AM-10PM"", ""Friday"": ""7AM-10PM"", ""Saturday"": ""7AM-10PM""}",OPERATIONAL,,"https://www.google.com/maps/place/Riverside+Dog+Park/@28.8075461,-97.01673079999999,14z/data=!4m8!1m2!2m1!1sRiverside+Dog+Park!3m4!1s0x8642610052182e45:0xd2650608011a3f98!8m2!3d28.8075461!4d-97.01673079999999"
K9 Corral,https://www.k9corral.net/,+1 903-227-9061,"10963 US-82, Windom, TX 75492",Windom,75492,Texas,33.6097183,-96.0016632,https://lh3.googleusercontent.com/p/AF1QipN2EA9PT-3PXE_yiKA9kPW2nk1sWJy8OGtwNbFh=w800-h500-k-no,"{""Sunday"": ""Closed"", ""Monday"": ""8AM-5PM"", ""Tuesday"": ""8AM-5PM"", ""Wednesday"": ""8AM-5PM"", ""Thursday"": ""8AM-5PM"", ""Friday"": ""8AM-5PM"", ""Saturday"": ""8AM-5PM""}",OPERATIONAL,"Our indoor/outdoor facility was custom designed to provide your pet with the utmost care, security and fun! Our climate-controlled facility is equipped with indoor/outdoor runs designed to provide your pet with comfort and privacy. Our facility is surrounded by 16 play yards allowing your pet to have safe, enjoyable play time! At K9 Corral we offer daycare, boarding, obedience training and grooming! We have hand selected our staff of caring pet professionals to ensure an enjoyable stay for your four-legged family member.","https://www.google.com/maps/place/K9+Corral/@33.6097183,-96.0016632,14z/data=!4m8!1m2!2m1!1sK9+Corral!3m4!1s0x864b9e967deb3659:0xdb70eae797c90dce!8m2!3d33.6097183!4d-96.0016632"
Heart of Texas Dog Ranch,https://www.heartoftexasdogranch.com/,+1 830-355-8522,"2570 FM471 N, Castroville, TX 78009",Castroville,78009,Texas,29.4012099,-98.8884767,https://lh3.googleusercontent.com/p/AF1QipORCRUBNAlv-P5OBtsG_tnTbwWb3zPaMb_feeC0=w800-h500-k-no,"{""Sunday"": ""3-6PM"", ""Monday"": ""7-11AM,3-6PM"", ""Tuesday"": ""7-11AM,3-6PM"", ""Wednesday"": ""7-11AM,3-6PM"", ""Thursday"": ""7-11AM,3-6PM"", ""Friday"": ""7-11AM,3-6PM"", ""Saturday"": ""7-11AM,3-6PM""}",OPERATIONAL,"Formerly known as Boutique Boarding, Heart of Texas Dog Ranch offers dog boarding, daycare, pampering services & more! We are conveniently located off of FM 471 N (close to Cora's!). Contact us today to book a stay.","https://www.google.com/maps/place/Heart+of+Texas+Dog+Ranch/@29.401209899999998,-98.8884767,14z/data=!4m8!1m2!2m1!1sHeart+of+Texas+Dog+Ranch!3m4!1s0x865c3f49a7949eaf:0xb57f585c0ceccf50!8m2!3d29.401209899999998!4d-98.8884767"
Dog Park at Love's Travel Stops,https://www.loves.com/dogparks,+1 830-879-7101,"1963 I-35, Cotulla, TX 78014",Cotulla,78014,Texas,28.4160937,-99.2505828,,"{""Sunday"": ""Open 24 hours"", ""Monday"": ""Open 24 hours"", ""Tuesday"": ""Open 24 hours"", ""Wednesday"": ""Open 24 hours"", ""Thursday"": ""Open 24 hours"", ""Friday"": ""Open 24 hours"", ""Saturday"": ""Open 24 hours""}",OPERATIONAL,,"https://www.google.com/maps/place/Dog+Park+at+Love%27s+Travel+Stops/@28.416093699999998,-99.25058279999999,14z/data=!4m8!1m2!2m1!1sDog+Park+at+Love%27s+Travel+Stops!3m4!1s0x865e013015a2b61d:0x44d8b16963cd457b!8m2!3d28.416093699999998!4d-99.25058279999999"
Devine Doggies Grooming Salon,https://devinedoggiesgrooming.com/,+1 830-505-0181,"100 E Colonial Pkwy, Devine, TX 78016",Devine,78016,Texas,29.1514109,-98.8929773,https://lh3.googleusercontent.com/p/AF1QipPBWp9ZSVJYrlpSMwBHTe_MWmYxW2G4DcCCCa_I=w800-h500-k-no,"{""Sunday"": ""9:30AM-5PM"", ""Monday"": ""Closed"", ""Tuesday"": ""8:30AM-5PM"", ""Wednesday"": ""8:30AM-5PM"", ""Thursday"": ""8:30AM-5PM"", ""Friday"": ""8:30AM-5PM"", ""Saturday"": ""8:30AM-5PM""}",OPERATIONAL,"A Small-Town Salon with a Big Heart
We treat your pets like family! 🐾 Our all-inclusive grooming packages ensure your pup gets the love, care, and pampering they deserve, nothing less than the best for your best friend!","https://www.google.com/maps/place/Devine+Doggies+Grooming+Salon/@29.1514109,-98.8929773,14z/data=!4m8!1m2!2m1!1sDevine+Doggies+Grooming+Salon!3m4!1s0x865c3551b314eb71:0xd9c43eeb17a795d1!8m2!3d29.1514109!4d-98.8929773"
Dog Park,,,"214 Melodie Dr, West, TX 76691",West,76691,Texas,31.8012294,-97.1032499,https://lh3.googleusercontent.com/gps-cs-s/AC9h4npR7ruEOGMrgpcWW8xSg5yPOVdK7JLL_6bDU9RSuuMXO-_IvNtg4WsDCmtcnhtV5pFxhMscVK7U_XsHGlYNoOGMeyZ4aogG6ad5GC2m5Kl2YEsW5e22cm-FEV3NvMO6yv79qNHksQ=w800-h500-k-no,"{""Sunday"": ""Open 24 hours"", ""Monday"": ""Open 24 hours"", ""Tuesday"": ""Open 24 hours"", ""Wednesday"": ""Open 24 hours"", ""Thursday"": ""Open 24 hours"", ""Friday"": ""Open 24 hours"", ""Saturday"": ""Open 24 hours""}",OPERATIONAL,,"https://www.google.com/maps/place/Dog+Park/@31.801229399999997,-97.1032499,14z/data=!4m8!1m2!2m1!1sDog+Park!3m4!1s0x864fa004b04a1c6b:0x50daf6bc65f275e6!8m2!3d31.801229399999997!4d-97.1032499"
The Palms Pet Resort & Spa,https://www.thepalmspetresort.com/,+1 210-695-1166,"12410 Bandera Rd, Helotes, TX 78023",Helotes,78023,Texas,29.5595161,-98.6747995,https://lh3.googleusercontent.com/p/AF1QipPOZkUt0LHwk6y1-N8HYCHazNo0QLi5m2VyyLDy=w800-h500-k-no,"{""Sunday"": ""3-5PM"", ""Monday"": ""7AM-6PM"", ""Tuesday"": ""7AM-6PM"", ""Wednesday"": ""7AM-6PM"", ""Thursday"": ""7AM-6PM"", ""Friday"": ""7AM-6PM"", ""Saturday"": ""8AM-3PM""}",OPERATIONAL,"Our goal at The Palms is to provide an environment that nurtures both the emotional and physical needs of our guests. We specifically designed our pet boarding facility with this goal in mind; from the 8 separate air conditioning systems with 100% fresh air returns, to the double fenced yards with 8 ft. perimeter fencing, from individual TV’s and webcams. Our cat boarding guests have a 240 gallon fresh water aquarium for interest and calming effect. Each suite area has separate outdoor play yards. All staff are PCSA certified pet care technicians to provide optimum safety and care. We strive to be the stress-free option for times when you have to be separated from your four-legged family member.","https://www.google.com/maps/place/The+Palms+Pet+Resort+%26+Spa/@29.5595161,-98.67479949999999,14z/data=!4m8!1m2!2m1!1sThe+Palms+Pet+Resort+%26+Spa!3m4!1s0x865c690ae556a6bf:0x3c11fd55685ff260!8m2!3d29.5595161!4d-98.67479949999999"
Flat Rock Park Dog Run,,,"125 Redemption Rd, Kerrville, TX 78028",Kerrville,78028,Texas,30.0125239,-99.1170153,https://lh3.googleusercontent.com/gps-cs-s/AC9h4np0lTuqwzxqzzXVMd8q6ow6lE22cRQicfUKpX3qV9YRhNJyyLGZEUegpsbv-ILEjlRyvQ6UKwFUnz1OAygH4Mvfy9jeB-LCnkk1_7BMj_9xhfWJVQWjtinzK--i4CTM0-0ssjGj=w800-h500-k-no,,OPERATIONAL,,"https://www.google.com/maps/place/Flat+Rock+Park+Dog+Run/@30.012523899999998,-99.11701529999999,14z/data=!4m8!1m2!2m1!1sFlat+Rock+Park+Dog+Run!3m4!1s0x865bfdf70a06b763:0xf8a5ee8ea308a7a4!8m2!3d30.012523899999998!4d-99.11701529999999"
Dog Park,,,"125 Redemption Rd, Kerrville, TX 78028",Kerrville,78028,Texas,30.0052248,-99.1114996,,,OPERATIONAL,,"https://www.google.com/maps/place/Dog+Park/@30.005224799999997,-99.1114996,14z/data=!4m8!1m2!2m1!1sDog+Park!3m4!1s0x865bfd00470ac591:0x9d5fd0db0c44d0dc!8m2!3d30.005224799999997!4d-99.1114996"
Bullet's Dog Park,https://www.blueoaktradingco.com/,+1 830-315-2583,"1834a Junction Hwy, Kerrville, TX 78028",Kerrville,78028,Texas,30.0705521,-99.184952,https://lh3.googleusercontent.com/p/AF1QipP2y-e8sGqeXBNXpD34kBWj9hFc_XoZuFAXKv-_=w800-h500-k-no,"{""Sunday"": ""12-6PM"", ""Monday"": ""10:30AM-6:30PM"", ""Tuesday"": ""10:30AM-6:30PM"", ""Wednesday"": ""10:30AM-6:30PM"", ""Thursday"": ""10:30AM-10PM"", ""Friday"": ""10:30AM-10PM"", ""Saturday"": ""10:30AM-10PM""}",OPERATIONAL,,"https://www.google.com/maps/place/Bullet%27s+Dog+Park/@30.070552099999997,-99.184952,14z/data=!4m8!1m2!2m1!1sBullet%27s+Dog+Park!3m4!1s0x865be3b98556d65b:0x6eee0f661f05bf8d!8m2!3d30.070552099999997!4d-99.184952"
Bark Park,,,"1966 S, Kerrville, TX 78028",Kerrville,78028,Texas,30.0702238,-99.2047948,https://lh3.googleusercontent.com/gps-cs-s/AC9h4noa0cdPmv2Oq8VKPkK9mxU0BOwzd37PxlZeZCZNysNRG42TxD7kVwH-t81q12yivmD7eVOaUhDeGpPjVrMMgaw6SjgC-hwnyAwSvMS9IhhGfoAAlDe5enazkkh99NsmP01R_tDokc7wNNH1=w800-h500-k-no,,OPERATIONAL,,"https://www.google.com/maps/place/Bark+Park/@30.070223799999997,-99.2047948,14z/data=!4m8!1m2!2m1!1sBark+Park!3m4!1s0x865959fe497081eb:0xc1da63013f9a5b74!8m2!3d30.070223799999997!4d-99.2047948"
Doggie Funhouse 2,https://www.doggiefunhouse2.com/,+1 830-496-3006,"1915 Junction Hwy, Kerrville, TX 78028",Kerrville,78028,Texas,30.0707589,-99.1890086,https://lh3.googleusercontent.com/p/AF1QipNcqxnPq0Hv1cHZFObCQVvFYTdBqTgK_y-eks0T=w800-h500-k-no,"{""Sunday"": ""9AM-5PM"", ""Monday"": ""7AM-7PM"", ""Tuesday"": ""7AM-7PM"", ""Wednesday"": ""7AM-7PM"", ""Thursday"": ""7AM-7PM"", ""Friday"": ""7AM-7PM"", ""Saturday"": ""9AM-5PM""}",OPERATIONAL,,"https://www.google.com/maps/place/Doggie+Funhouse+2/@30.070758899999998,-99.1890086,14z/data=!4m8!1m2!2m1!1sDoggie+Funhouse+2!3m4!1s0x865be361ff0587bd:0xafad261133bc29f9!8m2!3d30.070758899999998!4d-99.1890086"
Duko's Dog Park,https://www.bringfido.com/attraction/27123,,"10101 Montoya Dr, Laredo, TX 78045",Laredo,78045,Texas,27.5979894,-99.4756047,https://lh3.googleusercontent.com/gps-cs-s/AC9h4nqibdopDnkdjh3Ljx1S8d6uZE_EsBUvtQdS3gOsmakADx7MGOvklvyE4D8jdM1zxOLGb5WJ-ip81RpCvHqSRz3JVSF90oXXJsH8tJTwAH-Wi9mM7zNb1svH5kn-m4mGzs_ab2vC=w800-h500-k-no,,OPERATIONAL,,"https://www.google.com/maps/place/Duko%27s+Dog+Park/@27.5979894,-99.47560469999999,14z/data=!4m8!1m2!2m1!1sDuko%27s+Dog+Park!3m4!1s0x8661218f7bfaff5d:0x2e14e7782337911f!8m2!3d27.5979894!4d-99.47560469999999"
K9 Kimmie's Corner Dog Park,https://www.kgns.tv/2022/02/09/city-laredo-unveil-dog-park-santa-maria-rd/,,"4418 Old Sta. Maria Road, Laredo, TX 78041",Laredo,78041,Texas,27.539748,-99.5111308,https://streetviewpixels-pa.googleapis.com/v1/thumbnail?panoid=1T7A4Kg6Pq_DDsjVuieFcg&cb_client=search.gws-prod.gps&w=800&h=500&yaw=253.34238&pitch=0&thumbfov=100,,OPERATIONAL,,"https://www.google.com/maps/place/K9+Kimmie%27s+Corner+Dog+Park/@27.539748,-99.51113079999999,14z/data=!4m8!1m2!2m1!1sK9+Kimmie%27s+Corner+Dog+Park!3m4!1s0x866121f525ae17ff:0x29e89b82f4dfdb8f!8m2!3d27.539748!4d-99.51113079999999"
Meadowbrook Dog Park,https://www.cityofkilgore.com/248/Parks-Facilities,+1 903-984-5081,"1000 Crescent Dr, Kilgore, TX 75662",Kilgore,75662,Texas,32.3785463,-94.8523086,https://lh3.googleusercontent.com/gps-cs-s/AC9h4np9xYOpw-BoTEPGPk1jRPIiCbH8IvQTYeZFTz71Ls0R_gdvlbrF9w-Ucvqy7rGBIpOfNoV34X7K_05Khx8WGostpC2Uvh8dfwqSMKTMDYkS_uo-DnL59E-eujgq3AHfkUWv0VA=w800-h500-k-no,,OPERATIONAL,,"https://www.google.com/maps/place/Meadowbrook+Dog+Park/@32.3785463,-94.8523086,14z/data=!4m8!1m2!2m1!1sMeadowbrook+Dog+Park!3m4!1s0x8636316f8bdb2791:0xaad4d0ad8ab3fa52!8m2!3d32.3785463!4d-94.8523086"
Rocky Point Adventures,http://rockypointlonestar.com/,+1 903-916-1469,"108 W Germany St, Lone Star, TX 75668",Lone Star,75668,Texas,32.9438095,-94.7153549,https://lh3.googleusercontent.com/p/AF1QipN5uWt3psSMxX3REEcGfVqbG7qfuptrO65TjCC0=w800-h500-k-no,"{""Sunday"": ""Closed"", ""Monday"": ""Closed"", ""Tuesday"": ""Closed"", ""Wednesday"": ""Closed"", ""Thursday"": ""Closed"", ""Friday"": ""Closed"", ""Saturday"": ""10AM-6PM""}",OPERATIONAL,"Prepare to make a splash this summer at Rocky Point Adventures, a vibrant water park and event venue in Lone Star, Texas! Since 2021, we've provided thrill-seekers and families alike with a refreshing escape from the everyday. Join us as we kick off the 2025 Summer Season on May 29th and dive into a world of aquatic fun. Open three days a week, plus private party opportunities, we invite you to create unforgettable memories and celebrate life's special moments at Rocky Point Adventures.","https://www.google.com/maps/place/Rocky+Point+Adventures/@32.9438095,-94.7153549,14z/data=!4m8!1m2!2m1!1sRocky+Point+Adventures!3m4!1s0x863675afb5ffe6db:0x1caa37bb5ac44fa9!8m2!3d32.9438095!4d-94.7153549"
Marshall Pet Adoption Center,https://www.marshalltexas.net/159/Marshall-Pet-Adoption-Center-Animal-Cont,+1 903-935-4530,"2502 E Travis St, Marshall, TX 75672",Marshall,75672,Texas,32.5399284,-94.3424682,https://lh3.googleusercontent.com/p/AF1QipMhD7T1vMHL2ch58AuBXyq8p3h1Lfz-nTg1luJT=w800-h500-k-no,"{""Sunday"": ""Closed"", ""Monday"": ""Closed"", ""Tuesday"": ""11AM-4PM"", ""Wednesday"": ""11AM-4PM"", ""Thursday"": ""11AM-4PM"", ""Friday"": ""11AM-4PM"", ""Saturday"": ""11AM-3PM""}",OPERATIONAL,,"https://www.google.com/maps/place/Marshall+Pet+Adoption+Center/@32.5399284,-94.3424682,14z/data=!4m8!1m2!2m1!1sMarshall+Pet+Adoption+Center!3m4!1s0x8636f76288ea0c6d:0x5ee5725e120ff30b!8m2!3d32.5399284!4d-94.3424682"
Fur Babies: Play & Stay,,+1 903-424-2079,"508 US-259, Ore City, TX 75683",Ore City,75683,Texas,32.8040369,-94.7190155,https://lh3.googleusercontent.com/gps-cs-s/AC9h4nri8_0qUhuRLy-K3q0pCxn3rdrtRR6X9aqIAp9BRFgSOf9AE9jyKBJRehbNd5055-g6Qh0HjnzqZtAr6cDlAKkE1xrDo1Us8-fO4MRGpFsqftsdPE1BVKESapyL1uCq4VJdxa0n=w800-h500-k-no,"{""Sunday"": ""Closed"", ""Monday"": ""9AM-3PM"", ""Tuesday"": ""9AM-3PM"", ""Wednesday"": ""9AM-3PM"", ""Thursday"": ""9AM-3PM"", ""Friday"": ""9AM-3PM"", ""Saturday"": ""Closed""}",OPERATIONAL,,"https://www.google.com/maps/place/Fur+Babies%3A+Play+%26+Stay/@32.8040369,-94.7190155,14z/data=!4m8!1m2!2m1!1sFur+Babies%3A+Play+%26+Stay!3m4!1s0x86366d093c71a9d7:0xad0df6814b897fab!8m2!3d32.8040369!4d-94.7190155"
Candyman Pet Lodge,,+1 870-814-5250,"2580 Boggy Rd, Waskom, TX 75692",Waskom,75692,Texas,32.4031479,-94.0633781,https://lh3.googleusercontent.com/gps-cs-s/AC9h4npoXsa_ss1bxa2GMV33wdpBz3IKlc-yM98a8dvj6H_YsUmfKR_mzV_uY3dcYYoDGK0of4oPZiXyAGwmmDDyDD9Luy6deUzodznlZjM93jn3XZb4_fbOnWSSPOC3OH5Ul_T8NtbrAA=w800-h500-k-no,"{""Sunday"": ""9AM-4PM"", ""Monday"": ""9AM-5PM"", ""Tuesday"": ""9AM-5PM"", ""Wednesday"": ""9AM-5PM"", ""Thursday"": ""9AM-5PM"", ""Friday"": ""9AM-5PM"", ""Saturday"": ""9AM-4PM""}",OPERATIONAL,"Welcome to our pet lodge, where comfort meets care for your furry companions! At our facility, we provide a home away from home for your pets, offering spacious and secure accommodations. Our dedicated team ensures that each guest receives personalized attention, maintaining a loving and playful environment. With daily activities, and a focus on safety, your pets will thrive during their stay. Trust us to pamper your pets with the utmost care, making their time at our lodge a tail-wagging experience they’ll look forward to. Book a stay with us today and let your pets embark on a vacation of their own!","https://www.google.com/maps/place/Candyman+Pet+Lodge/@32.4031479,-94.0633781,14z/data=!4m8!1m2!2m1!1sCandyman+Pet+Lodge!3m4!1s0x8636ddf346ec296f:0x89460074ca9c37b7!8m2!3d32.4031479!4d-94.0633781"
HILL'S COUNTRY STORE AND CAFE,,+1 903-938-2126,"9600 US-59, Woodlawn, TX 75694",Woodlawn,75694,Texas,32.6637141,-94.3434717,https://lh3.googleusercontent.com/gps-cs-s/AC9h4nrflpcfTwqX_u4wdvbtFCTbCkZbSwMrVkE25gqnAi1HOcWvqe5VKnOOecFbmzr9QmY44nYd3OWKLozH_J3rO_CJBlp_az39GJUWioSq3a_j23FJO-llEqfSWDH5yvAaoG31lBbbQQ=w800-h500-k-no,"{""Sunday"": ""Closed"", ""Monday"": ""6AM-2PM"", ""Tuesday"": ""6AM-2PM"", ""Wednesday"": ""6AM-2PM"", ""Thursday"": ""6AM-2PM"", ""Friday"": ""6AM-2PM,5-8PM"", ""Saturday"": ""6AM-1PM""}",OPERATIONAL,,"https://www.google.com/maps/place/HILL%27S+COUNTRY+STORE+AND+CAFE/@32.6637141,-94.3434717,14z/data=!4m8!1m2!2m1!1sHILL%27S+COUNTRY+STORE+AND+CAFE!3m4!1s0x86368b004dbb367b:0x8736fda34f899904!8m2!3d32.6637141!4d-94.3434717"
The Pup Hut,,+1 903-681-5305,"8560 TX-19, Athens, TX 75751",Athens,75751,Texas,32.133594,-95.8228811,https://lh3.googleusercontent.com/gps-cs-s/AC9h4npWpT8jpUOEeXoGlPR8Us5FZte_95fmHxBR2e_4BAl37-oK3fnBlo4PvBNqlFrmEkwxjdledkVc7knDemyO_MNaI6aWzQiCUFOkzXXeB5Ils5BG92EwnemtCZ8V90F3HxbGTXbF5-X479oo=w800-h500-k-no,"{""Sunday"": ""Closed"", ""Monday"": ""8AM-3PM"", ""Tuesday"": ""8AM-3PM"", ""Wednesday"": ""8AM-3PM"", ""Thursday"": ""8AM-3PM"", ""Friday"": ""8AM-3PM"", ""Saturday"": ""Closed""}",OPERATIONAL,Hello everyone My name is Miranda slate. I have two beautiful children and a husband by my side! I love what I do and I do what I love and that's making puppies look their best and feel at home❤️ Please feel free to give me a call and bring those babies in to get them looking and feeling their best ! I also board so if you want your baby somewhere they are at home away from home give me a call. I am a 3rd generation groomer in my family ❤️,"https://www.google.com/maps/place/The+Pup+Hut/@32.133593999999995,-95.82288109999999,14z/data=!4m8!1m2!2m1!1sThe+Pup+Hut!3m4!1s0x8648fdceb5b2213d:0xfaf3f60eba6158f9!8m2!3d32.133593999999995!4d-95.82288109999999"
Rockin' S Pet Boarding,http://www.rockinspetboarding.com/,+1 903-880-7348,"14289 Farm to Market 314 N, Brownsboro, TX 75756",Brownsboro,75756,Texas,32.3448924,-95.6072412,https://lh3.googleusercontent.com/p/AF1QipMzkXkfNygtx5FqDxVJR0xZsYB-eNpubM1cN3O3=w800-h500-k-no,"{""Sunday"": ""3-7PM"", ""Monday"": ""7AM-7PM"", ""Tuesday"": ""7AM-7PM"", ""Wednesday"": ""7AM-5PM"", ""Thursday"": ""7AM-7PM"", ""Friday"": ""7AM-7PM"", ""Saturday"": ""7AM-7PM""}",OPERATIONAL,"We are a family operated Pet Boarding facility that is focused on the health, safety and satisfaction of your pet. We are insured and our facility is the cleanest/ safest one around. . We are appointment only for the safety of the pets that are staying with us, and we do require current vaccinations to be able to stay with us. We look forward to keeping your Pet while you are away, we offer boarding and daycare services. Please follow us on Facebook (Rockin' S Pet Boarding) or call/text for rates and availabilities...","https://www.google.com/maps/place/Rockin%27+S+Pet+Boarding/@32.3448924,-95.60724119999999,14z/data=!4m8!1m2!2m1!1sRockin%27+S+Pet+Boarding!3m4!1s0x8649affb92dc6a49:0x6b79d4c7ff8eab14!8m2!3d32.3448924!4d-95.60724119999999"
Dogs rool,,,"209 Coventry St, Bullard, TX 75757",Bullard,75757,Texas,32.1622575,-95.3415415,,,OPERATIONAL,,"https://www.google.com/maps/place/Dogs+rool/@32.162257499999996,-95.34154149999999,14z/data=!4m8!1m2!2m1!1sDogs+rool!3m4!1s0x86483585dba5ecef:0x6522add8c8895c59!8m2!3d32.162257499999996!4d-95.34154149999999"
Canine Country Club and Wellness Center,https://www.hpanimalhospital.com/locations/canine-country-club-wellness-center,+1 214-526-2033,"4257 FM 1722, Ennis, TX 75119",Ennis,75119,Texas,32.349593,-96.6758214,https://lh3.googleusercontent.com/gps-cs-s/AC9h4nrGRtmSaSMOh44EjMydvPtGiq-D1Bm0yWURMVnNKyoxTDnDG_raa04IzFg0M1qzSaEKGzuv40wqWr__II3ziFKyrjNYcXY9m62jAxZwj2i89jxsACjJJY3R6_vXendiGtqwkGy2=w800-h500-k-no,,OPERATIONAL,,"https://www.google.com/maps/place/Canine+Country+Club+and+Wellness+Center/@32.349593,-96.67582139999999,14z/data=!4m8!1m2!2m1!1sCanine+Country+Club+and+Wellness+Center!3m4!1s0x864edd92df6aa709:0xc0f25aeec4e2bcec!8m2!3d32.349593!4d-96.67582139999999"
"A Dog House In Flint, Tx",,+1 903-825-2493,"20150 County Rd 1100, Flint, TX 75762",Flint,75762,Texas,32.1873328,-95.4147778,https://lh3.googleusercontent.com/gps-cs-s/AC9h4nqx_dxQvC1VHkSzVg2nTx97bIdxheTfi_QmY2O7sNpb8v9ESjnH5DNVpT-huvYQ6LVW9sc3UUHfh5qF1bClabwrlgWvhE06P9ZYkMycctp5NyP3X5RCEkufpo4eRwoPlXvbrQ5y=w800-h500-k-no,,OPERATIONAL,,"https://www.google.com/maps/place/A+Dog+House+In+Flint%2C+Tx/@32.1873328,-95.4147778,14z/data=!4m8!1m2!2m1!1sA+Dog+House+In+Flint%2C+Tx!3m4!1s0x86484b3625af332d:0x863ef7ed37135cd0!8m2!3d32.1873328!4d-95.4147778"
The Puppy Barn,,+1 903-714-6091,"16565 Elm St, Frankston, TX 75763",Frankston,75763,Texas,32.0747925,-95.583985,https://lh3.googleusercontent.com/p/AF1QipPjjdinwS3lyD9MpXUBzL5fUFuQa7185wtFkRqF=w800-h500-k-no,"{""Sunday"": ""1:30-2:30PM"", ""Monday"": ""8AM-6PM"", ""Tuesday"": ""8AM-6PM"", ""Wednesday"": ""8AM-6PM"", ""Thursday"": ""8AM-6PM"", ""Friday"": ""8AM-6PM"", ""Saturday"": ""8AM-4:30PM""}",OPERATIONAL,,"https://www.google.com/maps/place/The+Puppy+Barn/@32.0747925,-95.583985,14z/data=!4m8!1m2!2m1!1sThe+Puppy+Barn!3m4!1s0x86485100506266b9:0x66ab40673fec973!8m2!3d32.0747925!4d-95.583985"
4P Pet Lodge,https://4pawpetlodge.com/,+1 903-253-3747,"1015 Co Rd 3832, Hawkins, TX 75765",Hawkins,75765,Texas,32.6214521,-95.2841743,https://lh3.googleusercontent.com/gps-cs-s/AC9h4nrgZEFDKW1Z4JufY8nR4oRyrTlSk1MdFvHrfiFRw0PCn2z1BBlPyVfzdCDPXlzcJ1xLiFy4o7KWPjzHb-Qvd_pmGMqmhlIXqlRP7jQxMBVsw59xPMPkgNIP1vwdOF007XyJ8HHYTkNDizY=w800-h500-k-no,"{""Sunday"": ""7-9AM"", ""Monday"": ""7-10AM,4-6PM"", ""Tuesday"": ""7-10AM,4-6PM"", ""Wednesday"": ""7-10AM,4-6PM"", ""Thursday"": ""7-10AM,4-6PM"", ""Friday"": ""7-10AM,4-6PM"", ""Saturday"": ""7-9AM,4-6PM""}",OPERATIONAL,"We Love our Pets! 4 P Pet Lodge is family owned and operated on our family farm. We strive to offer a safe and happy place for your 4 legged loved ones to stay while you vacation or handle your busy day to day schedule. Built in 2022, our facility offered dog kennels with climate controlled indoor space plus outdoor access. Each pet gets lots of play time, nature walks, exercise and attention! We take pride in knowing you have trusted us with your pet and will take care of them as if they are our own. Located in Hawkins Texas, minutes from Lindale, Mineola, Holly Lake Ranch, Big Sandy, Tyler, Longivew and surrounding East Texas area. We look forward to meeting your fur babies!","https://www.google.com/maps/place/4P+Pet+Lodge/@32.6214521,-95.28417429999999,14z/data=!4m8!1m2!2m1!1s4P+Pet+Lodge!3m4!1s0x8649e93fd6a6cd4b:0x79c225c95062d393!8m2!3d32.6214521!4d-95.28417429999999"
Dime Box Animal Clinic,http://www.dimeboxanimalclinic.com/,+1 979-884-2838,"4287 TX-21, Dime Box, TX 77853",Dime Box,77853,Texas,30.3824515,-96.8538473,https://lh3.googleusercontent.com/p/AF1QipMzO42vTaECyaUQRmm1UZz_1wjO7ClXGCNlWVaU=w800-h500-k-no,"{""Sunday"": ""Closed"", ""Monday"": ""8AM-1PM,2-5PM"", ""Tuesday"": ""8AM-12:30PM,2-5PM"", ""Wednesday"": ""8AM-1PM,2-5PM"", ""Thursday"": ""8AM-1PM,2-5PM"", ""Friday"": ""8AM-1PM,2-5PM"", ""Saturday"": ""Closed""}",OPERATIONAL,,"https://www.google.com/maps/place/Dime+Box+Animal+Clinic/@30.3824515,-96.8538473,14z/data=!4m8!1m2!2m1!1sDime+Box+Animal+Clinic!3m4!1s0x8644422956a7f789:0x5b20943e59020765!8m2!3d30.3824515!4d-96.8538473"
Franklin Drive Thru Safari,http://www.franklinsafari.com/,+1 979-828-5256,"4324 W Hwy 79, Franklin, TX 77856",Franklin,77856,Texas,30.9857495,-96.5376698,https://lh3.googleusercontent.com/gps-cs-s/AC9h4nqxRrob2N3jJ9rECBik8D6MvEEj5bT-K-dHSv77LJnMQ_uWRNUBcGqr4Yritk4qLJ0yKcfqIsozmFaXVRttjt339mpU9lMqZUnyr6SgZDnHf676PufLrSDOjHkailcSgHbpx7IrTAqFxv4=w800-h500-k-no,"{""Sunday"": ""9AM-5PM"", ""Monday"": ""9AM-5PM"", ""Tuesday"": ""9AM-5PM"", ""Wednesday"": ""9AM-5PM"", ""Thursday"": ""9AM-5PM"", ""Friday"": ""9AM-5PM"", ""Saturday"": ""9AM-5PM""}",OPERATIONAL,"Various animals can be viewed from your car or touched at the petting zoo, plus snacks & gifts.","https://www.google.com/maps/place/Franklin+Drive+Thru+Safari/@30.985749499999997,-96.53766979999999,14z/data=!4m8!1m2!2m1!1sFranklin+Drive+Thru+Safari!3m4!1s0x8645db7565366113:0x17e7b4bb707d0033!8m2!3d30.985749499999997!4d-96.53766979999999"
Dog Park at Love's Travel Stops,https://www.loves.com/dogparks,+1 979-279-9700,"1423 N Market St, Hearne, TX 77859",Hearne,77859,Texas,30.8953743,-96.6016691,https://streetviewpixels-pa.googleapis.com/v1/thumbnail?panoid=VPmRCpbClCxNXo56v5BkVQ&cb_client=search.gws-prod.gps&w=800&h=500&yaw=335.6249&pitch=0&thumbfov=100,"{""Sunday"": ""Open 24 hours"", ""Monday"": ""Open 24 hours"", ""Tuesday"": ""Open 24 hours"", ""Wednesday"": ""Open 24 hours"", ""Thursday"": ""Open 24 hours"", ""Friday"": ""Open 24 hours"", ""Saturday"": ""Open 24 hours""}",OPERATIONAL,,"https://www.google.com/maps/place/Dog+Park+at+Love%27s+Travel+Stops/@30.8953743,-96.6016691,14z/data=!4m8!1m2!2m1!1sDog+Park+at+Love%27s+Travel+Stops!3m4!1s0x8645cf5edbba83a3:0xab7f953e809212e6!8m2!3d30.8953743!4d-96.6016691"
LoneStar Poochie Palace,http://www.lonestarpoochiepalace.com/,+1 936-714-2273,"6499 Halliday Ln, Madisonville, TX 77864",Madisonville,77864,Texas,31.0379542,-95.8905188,https://lh3.googleusercontent.com/gps-cs-s/AC9h4nq0XmUm2Ww01Cv4ZVLHYKaCNVCnViDsW14uKg4wGi7Mp97EaSTTIWxmi2vetqos1o_Cidc6xE_mmCXCivVJZ8PzqaYXuRfFHgvIQdXIpFuCpxTKTLyEL0KoTDJXMley-u2-SEUm=w800-h500-k-no,"{""Sunday"": ""9AM-3PM"", ""Monday"": ""8AM-5PM"", ""Tuesday"": ""8AM-5PM"", ""Wednesday"": ""8AM-5PM"", ""Thursday"": ""8AM-5PM"", ""Friday"": ""8AM-5PM"", ""Saturday"": ""9AM-3PM""}",OPERATIONAL,,"https://www.google.com/maps/place/LoneStar+Poochie+Palace/@31.037954199999998,-95.8905188,14z/data=!4m8!1m2!2m1!1sLoneStar+Poochie+Palace!3m4!1s0x864648ad214c4687:0xf9b6bb208d07e580!8m2!3d31.037954199999998!4d-95.8905188"
Hudson Park - Dog Park and Agility Course,https://m.facebook.com/pages/Morris-Buzz-Hamilton-Memorial-Dog-Park/235077146656264,+1 979-209-5528,"Bryan, TX 77802",Bryan,77802,Texas,30.6578798,-96.2997871,https://lh3.googleusercontent.com/gps-cs-s/AC9h4nqA6Gm3O7CR5kJ1nq9L3urcnq9IN2aAVQmNZTcKRKwHd6ZddRBt7oIWSk7UBcP5VxGCVd5DAAKsLPYwdF4bqKtxUQYKHdMiSDNYUk7e8iCAr0MT9f1Csc20hKSwMnMXjb8lrEKR=w800-h500-k-no,"{""Sunday"": ""6AM-10PM"", ""Monday"": ""6AM-10PM"", ""Tuesday"": ""6AM-10PM"", ""Wednesday"": ""6AM-10PM"", ""Thursday"": ""6AM-10PM"", ""Friday"": ""6AM-10PM"", ""Saturday"": ""6AM-10PM""}",OPERATIONAL,,"https://www.google.com/maps/place/Hudson+Park+-+Dog+Park+and+Agility+Course/@30.6578798,-96.29978709999999,14z/data=!4m8!1m2!2m1!1sHudson+Park+-+Dog+Park+and+Agility+Course!3m4!1s0x86468698c8935e91:0x1b6a00ec8838dea2!8m2!3d30.6578798!4d-96.29978709999999"
Navasota Pet Ranch,https://navasotapetranch.com/,+1 979-525-8192,"4724 County Rd 416, Navasota, TX 77868",Navasota,77868,Texas,30.3561753,-96.0341472,https://lh3.googleusercontent.com/p/AF1QipPFwAHrQMeLctrZmMZlqZF0XUdkcm4FHDxg26ZO=w800-h500-k-no,"{""Sunday"": ""9:30AM-6:30PM"", ""Monday"": ""9:30AM-6:30PM"", ""Tuesday"": ""9:30AM-6:30PM"", ""Wednesday"": ""9:30AM-6:30PM"", ""Thursday"": ""9:30AM-6:30PM"", ""Friday"": ""9:30AM-6:30PM"", ""Saturday"": ""9:30AM-6:30PM""}",OPERATIONAL,"Pet boarding with a ranch experience! At our ranch style retreat, your pet isn’t just boarding – they’re vacationing! Nestled among peaceful rolling hills, a winding creek, a cozy pond, and surrounded by rescued mammoth donkeys and cattle, our serene setting helps your pet feel relaxed, safe, and right at home.","https://www.google.com/maps/place/Navasota+Pet+Ranch/@30.3561753,-96.03414719999999,14z/data=!4m8!1m2!2m1!1sNavasota+Pet+Ranch!3m4!1s0x8646c1148ec4d99d:0x1298c7eaaa9165fe!8m2!3d30.3561753!4d-96.03414719999999"
Leon County Pup Barn,http://leoncountypupbarn.com/contact/,+1 903-626-0066,"5366 Private Rd 4052, Normangee, TX 77871",Normangee,77871,Texas,31.1916758,-96.0545486,https://lh3.googleusercontent.com/gps-cs-s/AC9h4nq68CI05fguE29yH7FnC2Lg_sSwTLvH0vIBzWo4hI9eSEgOB29X1DLTnoRCQH2tVUJHoZvULnWDhGptg1vRXhM-px3t48XbQHJOxmM3_0Q6cX-rOtzYKWpjT92r6t_aoS6h2EDa=w800-h500-k-no,"{""Sunday"": ""9-11AM"", ""Monday"": ""9-11AM,4-5PM"", ""Tuesday"": ""9-11AM,4-5PM"", ""Wednesday"": ""9-11AM,4-5PM"", ""Thursday"": ""9-11AM,4-5PM"", ""Friday"": ""9-11AM,4-5PM"", ""Saturday"": ""9-11AM""}",OPERATIONAL,"We are a small, family-owned dog boarding kennel serving Leon and surrounding counties. We will care and love for your dogs as if they were our own.

Is your dog a member of your family? Then your dog belongs at Leon County Pup Barn!","https://www.google.com/maps/place/Leon+County+Pup+Barn/@31.1916758,-96.05454859999999,14z/data=!4m8!1m2!2m1!1sLeon+County+Pup+Barn!3m4!1s0x86463e16548ef7cd:0x64e94d5169efdd22!8m2!3d31.1916758!4d-96.05454859999999"
Only Paws,,+1 979-220-0496,"12992 TX-21, North Zulch, TX 77872",North Zulch,77872,Texas,30.9145866,-96.107376,https://lh3.googleusercontent.com/gps-cs-s/AC9h4npN0rUpHD8k_2VS0BFl8ylIk0MVmj10PmT9IbJNSFxUXxLPYK_-eT7H51ZYhBgF_hYXpRJE6moKPCpkSi1c6-QKhlPIrMSzxakBoQlui6jqsRBvEpbGUoZEbJ6NKpj24eE1cdroMQ=w800-h500-k-no,,OPERATIONAL,"Boarding, Grooming, Doggy Daycare","https://www.google.com/maps/place/Only+Paws/@30.9145866,-96.107376,14z/data=!4m8!1m2!2m1!1sOnly+Paws!3m4!1s0x8646674c96e88793:0x7976ef384d72761!8m2!3d30.9145866!4d-96.107376"
Central Bark Dog Park,https://grandfungp.com/central-bark/,+1 972-237-8100,"7445, 2222 W Warrior Trl, Grand Prairie, TX 75052",Grand Prairie,75052,Texas,32.6997826,-97.0354639,https://lh3.googleusercontent.com/gps-cs-s/AC9h4npm41qZGd6AVOTPEs2rySHhMgZ9MC618IgIAHirTb0nTHEl72F3wnJetX4vyZ55q0rBxC47fujvUQcwid4AeznMl4kmnNJCd-Ip4IshW6hwuXO8xCTCtUATPQMwmrmLSaqf9UtoDQ=w800-h500-k-no,"{""Sunday"": ""6AM-10PM"", ""Monday"": ""6AM-10PM"", ""Tuesday"": ""6AM-10PM"", ""Wednesday"": ""6AM-10PM"", ""Thursday"": ""6AM-10PM"", ""Friday"": ""6AM-10PM"", ""Saturday"": ""6AM-10PM""}",OPERATIONAL,,"https://www.google.com/maps/place/Central+Bark+Dog+Park/@32.6997826,-97.0354639,14z/data=!4m8!1m2!2m1!1sCentral+Bark+Dog+Park!3m4!1s0x864e889dbc5e6d6f:0x34eef0ba61f31368!8m2!3d32.6997826!4d-97.0354639"
Wiggle Buttz,https://www.wigglebuttz.net/,+1 979-529-8488,"3030 Farm to Market Rd 60 Gate 2, Somerville, TX 77879",Somerville,77879,Texas,30.3653099,-96.6051021,https://lh3.googleusercontent.com/p/AF1QipO73UOTQtVLTIdOdwdICRtVC4KibEuM6X_SdVHL=w800-h500-k-no,"{""Sunday"": ""Closed"", ""Monday"": ""7AM-6PM"", ""Tuesday"": ""7AM-6PM"", ""Wednesday"": ""7AM-6PM"", ""Thursday"": ""7AM-6PM"", ""Friday"": ""7AM-6PM"", ""Saturday"": ""7AM-6PM""}",OPERATIONAL,Welcome to Wiggle Buttz your go-to spot for top-notch pet training in Somerville TX. Our tail-wagging stays are designed to keep your furry friends happy and well-behaved without breaking the bank. With a focus on positive reinforcement and personalized a,"https://www.google.com/maps/place/Wiggle+Buttz/@30.3653099,-96.6051021,14z/data=!4m8!1m2!2m1!1sWiggle+Buttz!3m4!1s0x86443dce4324220b:0x941b3a13c7a6e2e5!8m2!3d30.3653099!4d-96.6051021"
Camp Wag-N-Run,http://www.camp-wag.com/,+1 979-203-5272,"5159 Prayer Ln, Washington, TX 77880",Washington,77880,Texas,30.2739698,-96.2319119,https://lh3.googleusercontent.com/p/AF1QipOK5v8IIGG-cOXg0pkNjtjGJPQuJw_JMZlVdslb=w800-h500-k-no,"{""Sunday"": ""Open 24 hours"", ""Monday"": ""Open 24 hours"", ""Tuesday"": ""Open 24 hours"", ""Wednesday"": ""Open 24 hours"", ""Thursday"": ""Open 24 hours"", ""Friday"": ""Open 24 hours"", ""Saturday"": ""Open 24 hours""}",OPERATIONAL,"I've been surrounded by dogs my entire life. Growing up on a farm, we had the pleasure of sharing our lives with three wonderful dogs whom we loved dearly. From the tiniest of breeds to the grandest of giants, we love all dogs. Today, we own a beautiful property, sprawling across 2.5 acres, providing the perfect playground for our furry companions to run to their heart's content.

We look forward the opportunity to give your beloved pets a home away from home! Whether it's for a weekend getaway or an extended vacation, our boarding facility offers a safe, comfortable, and loving environment for your furry friends. Contact us now to book a reservation and rest assured that your pets will be cared for with the utmost attention, ensuring they","https://www.google.com/maps/place/Camp+Wag-N-Run/@30.2739698,-96.2319119,14z/data=!4m8!1m2!2m1!1sCamp+Wag-N-Run!3m4!1s0x8646bbc63423dee3:0xde3fba27f75ac175!8m2!3d30.2739698!4d-96.2319119"
University Park Dog Park,,+1 979-764-3486,"Parking lot, 403 Park Rd, College Station, TX 77840",College Station,77840,Texas,30.640801,-96.3225487,https://lh3.googleusercontent.com/gps-cs-s/AC9h4noW0lJpfpk8tYiVpUPbuazmYrNXvk3LdrTW1A5wUifpD3QuXcF8iQI8fjth6IyQ5Edbaz8pDPKZPNC1v-Zsl2JccvhPUtiliTDuVqTlyTZ5hbPVNdJB8hGVVd4Jd7Y9Ni6zs-LW=w800-h500-k-no,"{""Sunday"": ""5AM-11PM"", ""Monday"": ""5AM-11PM"", ""Tuesday"": ""5AM-11PM"", ""Wednesday"": ""5AM-11PM"", ""Thursday"": ""5AM-11PM"", ""Friday"": ""5AM-11PM"", ""Saturday"": ""5AM-11PM""}",OPERATIONAL,,"https://www.google.com/maps/place/University+Park+Dog+Park/@30.640801,-96.3225487,14z/data=!4m8!1m2!2m1!1sUniversity+Park+Dog+Park!3m4!1s0x864683f860c9239f:0x4fb76c43e71c8157!8m2!3d30.640801!4d-96.3225487"
Dog Park at The Texan,,,"3402 TX-185, Victoria, TX 77905",Victoria,77905,Texas,28.7633218,-96.9768308,https://streetviewpixels-pa.googleapis.com/v1/thumbnail?panoid=AftXOygHCPdaT3pUBgX12A&cb_client=search.gws-prod.gps&w=800&h=500&yaw=282.3969&pitch=0&thumbfov=100,,OPERATIONAL,,"https://www.google.com/maps/place/Dog+Park+at+The+Texan/@28.7633218,-96.9768308,14z/data=!4m8!1m2!2m1!1sDog+Park+at+The+Texan!3m4!1s0x864265002ec09f41:0xfb9e8e8779355aba!8m2!3d28.7633218!4d-96.9768308"
Cuero Dog Park,,,"Cuero, TX 77954",Cuero,77954,Texas,29.0873941,-97.274807,https://lh3.googleusercontent.com/gps-cs-s/AC9h4np0BwB5uedrVI9u6y0ZrHph7Z4995WM1G9iob81M7LIJsxiMrx75Rq59JVUgl_G5GCQKuE_eET1aK77V5vYFs2yFWt3QUD8pakQO3Bx7mpKLnNjP4csnCeWk6VikCT2NGvJ-VH40ebj5VpK=w800-h500-k-no,"{""Sunday"": ""7AM-11PM"", ""Monday"": ""7AM-11PM"", ""Tuesday"": ""7AM-11PM"", ""Wednesday"": ""7AM-11PM"", ""Thursday"": ""7AM-11PM"", ""Friday"": ""7AM-11PM"", ""Saturday"": ""7AM-11PM""}",OPERATIONAL,,"https://www.google.com/maps/place/Cuero+Dog+Park/@29.087394099999997,-97.274807,14z/data=!4m8!1m2!2m1!1sCuero+Dog+Park!3m4!1s0x8642e500103508e5:0x379a1c51b7864c32!8m2!3d29.087394099999997!4d-97.274807"
"Turbo Dawgz, LLC Dog Boarding, Daycare & Playground",http://turbodawgz.com/,+1 903-453-7662,"326 Co Rd 3202, Campbell, TX 75422",Campbell,75422,Texas,33.1240366,-95.9002609,https://lh3.googleusercontent.com/p/AF1QipNAoqmGjIiG3WxQvJlPnbM9PziT6HGXU7zqF4EO=w800-h500-k-no,"{""Sunday"": ""12-3PM"", ""Monday"": ""7AM-7PM"", ""Tuesday"": ""7AM-7PM"", ""Wednesday"": ""7AM-7PM"", ""Thursday"": ""7AM-7PM"", ""Friday"": ""7AM-7PM"", ""Saturday"": ""7AM-3PM""}",OPERATIONAL,"Dog Boarding, Dog Daycare and Adventure Playground","https://www.google.com/maps/place/Turbo+Dawgz%2C+LLC+Dog+Boarding%2C+Daycare+%26+Playground/@33.1240366,-95.90026089999999,14z/data=!4m8!1m2!2m1!1sTurbo+Dawgz%2C+LLC+Dog+Boarding%2C+Daycare+%26+Playground!3m4!1s0x864bc58b6fdde33f:0x67175a3f5a5f2f81!8m2!3d33.1240366!4d-95.90026089999999"
Hound Mound Dog Park,https://www.flower-mound.com/1548/Hound-Mound-Dog-Park,+1 972-874-6300,"1202 S Garden Ridge Blvd, Flower Mound, TX 75028",Flower Mound,75028,Texas,33.0022264,-97.0360545,https://lh3.googleusercontent.com/gps-cs-s/AC9h4nqIMpubhbYA6qVOfiJFZKSsQ2xqbAmn5_HZjoEgKM5ZJsPPAzzMmhruUf56mAHbyOEPdd9BhdhTEVUmdthoXAiQ5at_ZV55VENLyB5Swb_kOY8axV55Kvxf595cNyPJbjbaNuUh=w800-h500-k-no,"{""Sunday"": ""7AM-9PM"", ""Monday"": ""7AM-9PM"", ""Tuesday"": ""7AM-9PM"", ""Wednesday"": ""Closed"", ""Thursday"": ""7AM-9PM"", ""Friday"": ""7AM-9PM"", ""Saturday"": ""7AM-9PM""}",OPERATIONAL,,"https://www.google.com/maps/place/Hound+Mound+Dog+Park/@33.0022264,-97.03605449999999,14z/data=!4m8!1m2!2m1!1sHound+Mound+Dog+Park!3m4!1s0x864c2c45af2d9c9b:0x1ae58b8a6266e4de!8m2!3d33.0022264!4d-97.03605449999999"
Mickey's Dog Park,https://www.killeentexas.gov/facilities/facility/details/Mickeys-Dog-Park-2,+1 254-501-6390,"2201 E Veterans Memorial Blvd, Killeen, TX 76543",Killeen,76543,Texas,31.1109843,-97.7139733,https://lh3.googleusercontent.com/gps-cs-s/AC9h4nqf_ljKPMQ9qZI2Tw-YAXPFFN99Pf7eMdrXkhxWNC9NCNh7GA7ZVP5tmzBOQx7oPR0V3o9CAxkFLaU2bFtj9M88OIC7A_NfMGA-mqzmGjkEv98CGMiXzp2a07wg-GUa-RZvCxxE=w800-h500-k-no,"{""Sunday"": ""7AM-7PM"", ""Monday"": ""7AM-9PM"", ""Tuesday"": ""7AM-9PM"", ""Wednesday"": ""7AM-9PM"", ""Thursday"": ""7AM-9PM"", ""Friday"": ""7AM-9PM"", ""Saturday"": ""7AM-8PM""}",OPERATIONAL,,"https://www.google.com/maps/place/Mickey%27s+Dog+Park/@31.1109843,-97.71397329999999,14z/data=!4m8!1m2!2m1!1sMickey%27s+Dog+Park!3m4!1s0x86454bee0dc9b4e5:0xd58f3de5e3bd576d!8m2!3d31.1109843!4d-97.71397329999999"
Rockdale Dog Shelter and Dog Park,https://www.rockdaletx.gov/facilities/facility/details/Park-Rockdales-Dog-Park-27,+1 512-446-3436,"290 Beverly Dr, Rockdale, TX 76567",Rockdale,76567,Texas,30.641868,-97.0024063,https://lh3.googleusercontent.com/gps-cs-s/AC9h4no4VcIcSCi3EeTWTRO21IjXRXfweW5OXZLJEGTwNmIeCEcMhm1msVyr3eIze3azwhEy4rqu-m2XbeikxHehBYd70_1LNsAlI2gUSZ5axTQn-pfzyAL09Ms1c3-CJVqr_wF2wV2W=w800-h500-k-no,"{""Sunday"": ""Closed"", ""Monday"": ""8AM-4PM"", ""Tuesday"": ""8AM-4PM"", ""Wednesday"": ""8AM-4PM"", ""Thursday"": ""8AM-4PM"", ""Friday"": ""8AM-4PM"", ""Saturday"": ""Closed""}",OPERATIONAL,,"https://www.google.com/maps/place/Rockdale+Dog+Shelter+and+Dog+Park/@30.641868,-97.00240629999999,14z/data=!4m8!1m2!2m1!1sRockdale+Dog+Shelter+and+Dog+Park!3m4!1s0x864453291121ac65:0xf2a5197ae338e99b!8m2!3d30.641868!4d-97.00240629999999"
The Dog Spot,http://www.saladodogspot.com/,+1 254-947-3647,"403 Thomas Arnold Rd, Salado, TX 76571",Salado,76571,Texas,30.9474339,-97.5408779,https://lh3.googleusercontent.com/p/AF1QipOboqMuUlEUUPI-DHyv3NNFLY4T7hZhGlx1io8r=w800-h500-k-no,"{""Sunday"": ""3:30-5:30PM"", ""Monday"": ""8AM-5:30PM"", ""Tuesday"": ""8AM-5:30PM"", ""Wednesday"": ""8AM-5:30PM"", ""Thursday"": ""8AM-5:30PM"", ""Friday"": ""8AM-5:30PM"", ""Saturday"": ""8AM-2PM""}",OPERATIONAL,,"https://www.google.com/maps/place/The+Dog+Spot/@30.9474339,-97.5408779,14z/data=!4m8!1m2!2m1!1sThe+Dog+Spot!3m4!1s0x86453be17c39ca67:0x4c874f109a6d8b23!8m2!3d30.9474339!4d-97.5408779"
Central Texas Bark Park,,+1 254-298-5586,"Temple, TX 76502",Temple,76502,Texas,31.0618418,-97.4054908,https://lh3.googleusercontent.com/gps-cs-s/AC9h4nqrzTC2CeA45-vAtHUAT5V_0JkYcstighKpTk2GdlCYFbF2YuxCQSYLooTaeSoo5xBfvI3s0MtuNCwQZ_ZFJcLljMDSbqCdSqepqWegSKU-xcBV_UeUIDUE-VAVva4oEdHLKd0=w800-h500-k-no,"{""Sunday"": ""5AM-11PM"", ""Monday"": ""5AM-11PM"", ""Tuesday"": ""5AM-11PM"", ""Wednesday"": ""5AM-11PM"", ""Thursday"": ""5AM-11PM"", ""Friday"": ""5AM-11PM"", ""Saturday"": ""5AM-11PM""}",OPERATIONAL,,"https://www.google.com/maps/place/Central+Texas+Bark+Park/@31.0618418,-97.4054908,14z/data=!4m8!1m2!2m1!1sCentral+Texas+Bark+Park!3m4!1s0x86456adaab998475:0x67bd3cfeffa70c95!8m2!3d31.0618418!4d-97.4054908"
Dog Park at Love's Travel Stops,https://www.loves.com/dogparks,+1 254-938-2579,"1610 Cotton Gin Rd, Troy, TX 76579",Troy,76579,Texas,31.1906656,-97.3115804,https://lh3.googleusercontent.com/gps-cs-s/AC9h4npJzBaYI5PJOGrf7CYw6_9mWp3btGUcnMbHNDi1DJ7ljrt40HntIgwz0-_4Gdj8KxRgQCZI-3avP9nZVy3Mq7f3cN3L1aa-uue8YWpp_V2CsFwgbrP0PUd0wAmi58NFrHffo2OF=w800-h500-k-no,"{""Sunday"": ""Open 24 hours"", ""Monday"": ""Open 24 hours"", ""Tuesday"": ""Open 24 hours"", ""Wednesday"": ""Open 24 hours"", ""Thursday"": ""Open 24 hours"", ""Friday"": ""Open 24 hours"", ""Saturday"": ""Open 24 hours""}",OPERATIONAL,,"https://www.google.com/maps/place/Dog+Park+at+Love%27s+Travel+Stops/@31.1906656,-97.3115804,14z/data=!4m8!1m2!2m1!1sDog+Park+at+Love%27s+Travel+Stops!3m4!1s0x86456f73dd01ad51:0xe105ded821f94d89!8m2!3d31.1906656!4d-97.3115804"
Dog park,,,"1111 US-84, Gatesville, TX 76528",Gatesville,76528,Texas,31.4350564,-97.7692156,https://streetviewpixels-pa.googleapis.com/v1/thumbnail?panoid=AmX4l_aAV7bFW7YhUkog6g&cb_client=search.gws-prod.gps&w=800&h=500&yaw=0.9818338&pitch=0&thumbfov=100,,OPERATIONAL,,"https://www.google.com/maps/place/Dog+park/@31.435056399999997,-97.7692156,14z/data=!4m8!1m2!2m1!1sDog+park!3m4!1s0x864fff0026bd33ef:0xd7ac3c837ae817f!8m2!3d31.435056399999997!4d-97.7692156"
Downtown Dog,http://downtowndogdallas.com/,+1 214-426-1560,"2201 S Harwood St, Dallas, TX 75215",Dallas,75215,Texas,32.7699614,-96.781924,https://lh3.googleusercontent.com/gps-cs-s/AC9h4nr1y7j_2Qr9_XQUbz9_W9VsMUktUrVuUAXlgjyn2KqwrL9a9-Ey2YrA1Xf00NrK0id1PDYfpL7zGAHO096saXC2cYOB7BNH6nlgsP_1TAUvsE_5v-ZyYX56P2wkMdmXBBdBoVTC=w800-h500-k-no,"{""Sunday"": ""3-5PM"", ""Monday"": ""7AM-7PM"", ""Tuesday"": ""7AM-7PM"", ""Wednesday"": ""7AM-7PM"", ""Thursday"": ""7AM-7PM"", ""Friday"": ""7AM-7PM"", ""Saturday"": ""8AM-5PM""}",OPERATIONAL,,"https://www.google.com/maps/place/Downtown+Dog/@32.7699614,-96.78192399999999,14z/data=!4m8!1m2!2m1!1sDowntown+Dog!3m4!1s0x864e98fa98b8911f:0xc4e552e0f321fc8f!8m2!3d32.7699614!4d-96.78192399999999"
Doggie Drop Inn,,,"338 Private Rd 3207a, Clifton, TX 76634",Clifton,76634,Texas,31.8193264,-97.5909715,,,OPERATIONAL,,"https://www.google.com/maps/place/Doggie+Drop+Inn/@31.819326399999998,-97.5909715,14z/data=!4m8!1m2!2m1!1sDoggie+Drop+Inn!3m4!1s0x864fc38a245f74d1:0xde4a77b27fbf19b8!8m2!3d31.819326399999998!4d-97.5909715"
Dogtopia of Waco,https://www.dogtopia.com/waco/,+1 254-633-2875,"5301 Bosque Blvd Suite 300, Waco, TX 76710",Waco,76710,Texas,31.5331187,-97.1948586,https://lh3.googleusercontent.com/gps-cs-s/AC9h4npdzARvAW9A-bIEokj4N79PhrUQ3pHHD0h9YmArC9w7VBvgGgiY8U5WjDiMLTD2IH8xYHsAjKU18JQUIuy7XkKMJq-nyX9GLFz2ILbLh-rXwkLKm94PskWcybLzoFy5KvNzQSc=w800-h500-k-no,"{""Sunday"": ""11AM-1PM"", ""Monday"": ""7AM-7PM"", ""Tuesday"": ""7AM-7PM"", ""Wednesday"": ""7AM-7PM"", ""Thursday"": ""7AM-7PM"", ""Friday"": ""7AM-7PM"", ""Saturday"": ""10AM-1PM,2-5PM""}",OPERATIONAL,,"https://www.google.com/maps/place/Dogtopia+of+Waco/@31.5331187,-97.19485859999999,14z/data=!4m8!1m2!2m1!1sDogtopia+of+Waco!3m4!1s0x864f84114944e66d:0xa55c33d114054738!8m2!3d31.5331187!4d-97.19485859999999"
Rainbow Ranch Campground,http://www.rainbowranch.net/,+1 254-729-8484,"1662 Lcr 800, Groesbeck, TX 76642",Groesbeck,76642,Texas,31.4745373,-96.4051678,https://lh3.googleusercontent.com/gps-proxy/ALd4DhHyXdHXxwb7wIWBUA2Ibjd66p_VgLsJz9bNQZ928vb2qZv9T-549Y0OQRV1XeKHFHtg9zN4JgDMuZxp0ybqqE_d3GsN8jK4Rx1dqiznI-3fNyUI_v5bODTyKVlRnNfIfIIEcpDBLkbo9Wddk0VgLjSJQNmBvKzY-RiRy20FWXcEcP7hyIePJgOI4A=w800-h500-k-no,,OPERATIONAL,,"https://www.google.com/maps/place/Rainbow+Ranch+Campground/@31.474537299999998,-96.4051678,14z/data=!4m8!1m2!2m1!1sRainbow+Ranch+Campground!3m4!1s0x8648aa916ad315ed:0xafb16e4352dab4ad!8m2!3d31.474537299999998!4d-96.4051678"
Woof Way Dog Park,,,"Whitehall Park, 7600 Fresno Rd, Woodway, TX 76712",Woodway,76712,Texas,31.5075732,-97.2088784,https://lh3.googleusercontent.com/gps-cs-s/AC9h4nppg2YPFqIKozaAPLoF0tjIdLzLjBdeqqn4QDVoEGPkNERfUId-NUB8HI5iyzZgJc4Rz_3WxSD1JLwQSq8Fga4FS1GYqYPIt9WjjY4-BkycqXHncARhSZ_sdSKvQudzmcG2Yls=w800-h500-k-no,"{""Sunday"": ""Open 24 hours"", ""Monday"": ""Open 24 hours"", ""Tuesday"": ""Open 24 hours"", ""Wednesday"": ""Open 24 hours"", ""Thursday"": ""Open 24 hours"", ""Friday"": ""Open 24 hours"", ""Saturday"": ""Open 24 hours""}",OPERATIONAL,,"https://www.google.com/maps/place/Woof+Way+Dog+Park/@31.5075732,-97.20887839999999,14z/data=!4m8!1m2!2m1!1sWoof+Way+Dog+Park!3m4!1s0x864f87ad746c3c99:0x2ff8adde1b962024!8m2!3d31.5075732!4d-97.20887839999999"
Holly Dog Park,,,"721 Wooded Crest Dr, Waco, TX 76712",Waco,76712,Texas,31.501889,-97.234505,https://lh3.googleusercontent.com/gps-cs-s/AC9h4nq6aI49-3zRfHCYy_NKduB4oZlsSkfEOBughdfGSYKqGv2ruFCe9dlv3IbCzJ9Vuj0zgjFu9QHj074d_B38rO4AZFv4DXyylMxfiO98MrPgdpkj6yPfJdQfzFTIdWM6Uz-pNMzU=w800-h500-k-no,"{""Sunday"": ""Open 24 hours"", ""Monday"": ""Open 24 hours"", ""Tuesday"": ""Open 24 hours"", ""Wednesday"": ""Open 24 hours"", ""Thursday"": ""Open 24 hours"", ""Friday"": ""Open 24 hours"", ""Saturday"": ""Open 24 hours""}",OPERATIONAL,,"https://www.google.com/maps/place/Holly+Dog+Park/@31.501889,-97.234505,14z/data=!4m8!1m2!2m1!1sHolly+Dog+Park!3m4!1s0x864f87feccdd827f:0xc3872e8cff44750a!8m2!3d31.501889!4d-97.234505"
FunZone Indoor Entertainment (formerly Kids Space),https://www.kidsspaceplay.com/,+1 254-531-0393,"116 Covington St, Hillsboro, TX 76645",Hillsboro,76645,Texas,32.0101266,-97.1316764,https://lh3.googleusercontent.com/p/AF1QipMV3a7ClBr0UcW_TDAiEPFHOTwYXnFcHM3yHiYV=w800-h500-k-no,"{""Sunday"": ""Closed"", ""Monday"": ""10AM-6PM"", ""Tuesday"": ""10AM-6PM"", ""Wednesday"": ""10AM-6PM"", ""Thursday"": ""10AM-6PM"", ""Friday"": ""10AM-6PM"", ""Saturday"": ""10AM-6PM""}",OPERATIONAL,"Indoor kids entertainment center featuring multiple bounce houses, obstacle courses, arcade games, multi-sport zone, rock climbing wall, concessions, and more. Great for birthday parties or other special occasions. Ideal for ages 1-15 years old.","https://www.google.com/maps/place/FunZone+Indoor+Entertainment+%28formerly+Kids+Space%29/@32.0101266,-97.13167639999999,14z/data=!4m8!1m2!2m1!1sFunZone+Indoor+Entertainment+%28formerly+Kids+Space%29!3m4!1s0x864fa999ba1cbf2d:0x21271718e2cf9b23!8m2!3d32.0101266!4d-97.13167639999999"
Hubbard Hotel for Dogs,https://hubbardhotelfordogs.com/,+1 254-479-3575,"306 NE 3rd St, Hubbard, TX 76648",Hubbard,76648,Texas,31.8494271,-96.7938708,https://lh3.googleusercontent.com/p/AF1QipP6RUHBvv0koFdfYpDn7xrFGBgXBKaufqiZC9zt=w800-h500-k-no,"{""Sunday"": ""Open 24 hours"", ""Monday"": ""Open 24 hours"", ""Tuesday"": ""Open 24 hours"", ""Wednesday"": ""Open 24 hours"", ""Thursday"": ""Open 24 hours"", ""Friday"": ""Open 24 hours"", ""Saturday"": ""Open 24 hours""}",OPERATIONAL,"NEW! Dog boarding especially for small dogs. Victorian-style Hotel for Dogs in historic Hubbard, Texas specializes in providing safe and comfortable spaces especially for small, senior, and compatible dogs. (Exceptions frequently made for larger dogs with good house manners!) Home style pet sitter: Offers experienced, reliable, and affordable pet sitting services with a variety of personalized care options. Services are mostly for dogs, but also for cats, birds, rabbits, or other small pets. Excellent references and 5-star sitter status on Rover.","https://www.google.com/maps/place/Hubbard+Hotel+for+Dogs/@31.8494271,-96.7938708,14z/data=!4m8!1m2!2m1!1sHubbard+Hotel+for+Dogs!3m4!1s0x864f15c40e335731:0x9fc25e887ad5c6ca!8m2!3d31.8494271!4d-96.7938708"
Dog Park at Love's Travel Stops,https://www.loves.com/dogparks,+1 972-483-1686,"1021 Dale Evans Dr, Italy, TX 76651",Italy,76651,Texas,32.1950366,-96.8988886,https://lh3.googleusercontent.com/gps-cs-s/AC9h4noVJqWNaZoYCF8W4mv96lpgmsZ9B3odzrI57ZINoSdJtitt4gfl3Vd6u9KlOhTNeK5Wnaf_K0Kes2fSIbqZl5DBrKFbaB-LtB1V2ArnDNlNH-EFdPBcHYWEXEchJTf9d4EZYaqVVQ=w800-h500-k-no,"{""Sunday"": ""Open 24 hours"", ""Monday"": ""Open 24 hours"", ""Tuesday"": ""Open 24 hours"", ""Wednesday"": ""Open 24 hours"", ""Thursday"": ""Open 24 hours"", ""Friday"": ""Open 24 hours"", ""Saturday"": ""Open 24 hours""}",OPERATIONAL,,"https://www.google.com/maps/place/Dog+Park+at+Love%27s+Travel+Stops/@32.1950366,-96.89888859999999,14z/data=!4m8!1m2!2m1!1sDog+Park+at+Love%27s+Travel+Stops!3m4!1s0x864ee3136459356b:0x5ca355cdc17a6e59!8m2!3d32.1950366!4d-96.89888859999999"
Horseshoe Bay Nature Park,https://www.hsbpark.org/,,"1514 Golden Nugget, Horseshoe Bay, TX 78657",Horseshoe Bay,78657,Texas,30.5383782,-98.4146894,https://lh3.googleusercontent.com/gps-cs-s/AC9h4nqvKnNJUHGeeXRT8MDCn5p40jZ-scXaUUOZUANXohsuyO57CdsXBVR3pxnOcU2441aKbE5a112ngc-BZ5AozzQutpPland79mnj9gIhEf3_2ZED-siGd_5XFfi1X_9WudK2IvWA=w800-h500-k-no,,OPERATIONAL,,"https://www.google.com/maps/place/Horseshoe+Bay+Nature+Park/@30.5383782,-98.4146894,14z/data=!4m8!1m2!2m1!1sHorseshoe+Bay+Nature+Park!3m4!1s0x865b015a0382421f:0xade4eb0885ba8bac!8m2!3d30.5383782!4d-98.4146894"
The Patch in Paige,http://www.thepatchinpaige.com/,,"2204 FM2104, Paige, TX 78659",Paige,78659,Texas,30.1828123,-97.099569,https://lh3.googleusercontent.com/p/AF1QipME3ASFKXIRjTmnKHxs0djC7qyONFo4Bb7TX-o=w800-h500-k-no,,OPERATIONAL,,"https://www.google.com/maps/place/The+Patch+in+Paige/@30.1828123,-97.099569,14z/data=!4m8!1m2!2m1!1sThe+Patch+in+Paige!3m4!1s0x8644890700bfa2db:0x51e23ae6bcd4bb01!8m2!3d30.1828123!4d-97.099569"
DogPfield,https://dogpfield.com/,+1 737-781-2447,"1504 Demaret St, Pflugerville, TX 78660",Pflugerville,78660,Texas,30.4474426,-97.6620238,https://lh3.googleusercontent.com/gps-cs-s/AC9h4nol55JXobIdECaD6JKNcAXQ303kPE1DvMsg0hyuSOBo3lexltsSAfxPx49g4uT7q3yjdMg2Jwv3L4ugw8vgipRYFCEywN7lKnzl5L1cfC-PB8yVB0OPWSHL4l8lSUZLfWvjzp8SJA=w800-h500-k-no,"{""Sunday"": ""Closed"", ""Monday"": ""7:30-9AM,4-7PM"", ""Tuesday"": ""7:30-9AM,4-7PM"", ""Wednesday"": ""7:30-9AM,4-7PM"", ""Thursday"": ""7:30-9AM,4-7PM"", ""Friday"": ""7:30-10AM,4-7PM"", ""Saturday"": ""10AM-2PM""}",OPERATIONAL,,"https://www.google.com/maps/place/DogPfield/@30.4474426,-97.6620238,14z/data=!4m8!1m2!2m1!1sDogPfield!3m4!1s0x8644cf88f87b5d21:0x685681bc96978fc8!8m2!3d30.4474426!4d-97.6620238"
Wilbarger Creek Dog Park,https://www.pflugervilletx.gov/337/City-Parks,,"712n N Cascades Ave, Pflugerville, TX 78660",Pflugerville,78660,Texas,30.4622626,-97.6167695,https://lh3.googleusercontent.com/gps-cs-s/AC9h4nrEVqs4YN0X1Y5y5Ornn5cz6V1XJz8N6nR546XDanehqEqWKzCS9y53KPjeooXdlDEJ02IQMieQc2UUYmN2uJEyoGVZl2iSHcTmlELUkLWJw236lQWSWVaNtz-gXP_yJUrkc2s=w800-h500-k-no,,OPERATIONAL,,"https://www.google.com/maps/place/Wilbarger+Creek+Dog+Park/@30.4622626,-97.61676949999999,14z/data=!4m8!1m2!2m1!1sWilbarger+Creek+Dog+Park!3m4!1s0x8644cf0069e00953:0x357d99adc23368f!8m2!3d30.4622626!4d-97.61676949999999"
Falcon Pointe Dog Park,,+1 512-990-6355,"19417 Murchison Ridge Trail, Pflugerville, TX 78660",Pflugerville,78660,Texas,30.4731603,-97.5849394,https://lh3.googleusercontent.com/gps-cs-s/AC9h4nqt-SgiMQ6W-i8-ADrBwdmMJbFULfiab41nhYakp5iXxIyJj6w510XAltgd3Y8lTVtDABKeB6Y6A7mjV5vXlmLMMNiL-bK_KuyjBo00PemtiNO5fhcUiCyRz_Xvt4yEAlma-mnOAw=w800-h500-k-no,"{""Sunday"": ""6AM-10PM"", ""Monday"": ""6AM-10PM"", ""Tuesday"": ""6AM-10PM"", ""Wednesday"": ""6AM-10PM"", ""Thursday"": ""6AM-10PM"", ""Friday"": ""6AM-10PM"", ""Saturday"": ""6AM-10PM""}",OPERATIONAL,,"https://www.google.com/maps/place/Falcon+Pointe+Dog+Park/@30.4731603,-97.5849394,14z/data=!4m8!1m2!2m1!1sFalcon+Pointe+Dog+Park!3m4!1s0x8644c53ea4a4f98d:0x8fb847b337fd1fc2!8m2!3d30.4731603!4d-97.5849394"
Northtown Dog Park,http://northtownmud.org/,,"14401 Harris Ridge Blvd, Pflugerville, TX 78660",Pflugerville,78660,Texas,30.4195088,-97.6442692,https://lh3.googleusercontent.com/gps-cs-s/AC9h4npqrBGOCBUHz0WjgOA0H-S7hme5Wbv-i37hSf0rpcA8x6AMvmAbBMDomzQ7aQpZYbczC0C7dR66hkZAuwJ3dyPK0cQEQCecCdjoOW0UvDt12BnTFw91wavdnxheKYeeIje7mHyaJg=w800-h500-k-no,"{""Sunday"": ""7AM-9PM"", ""Monday"": ""7AM-9PM"", ""Tuesday"": ""7AM-9PM"", ""Wednesday"": ""7AM-9PM"", ""Thursday"": ""7AM-9PM"", ""Friday"": ""7AM-9PM"", ""Saturday"": ""7AM-9PM""}",OPERATIONAL,,"https://www.google.com/maps/place/Northtown+Dog+Park/@30.4195088,-97.6442692,14z/data=!4m8!1m2!2m1!1sNorthtown+Dog+Park!3m4!1s0x8644cf17f87a4c01:0xbdc240c3834c6820!8m2!3d30.4195088!4d-97.6442692"
DogJoy,https://dogjoyranch.com/,+1 512-551-0044,"20818 Martin Ln, Pflugerville, TX 78660",Pflugerville,78660,Texas,30.4831896,-97.5608941,https://lh3.googleusercontent.com/p/AF1QipNl-6YR2vrZU8TquY6JSNAJFZzHfFxprgNCHOs=w800-h500-k-no,"{""Sunday"": ""Closed"", ""Monday"": ""Closed"", ""Tuesday"": ""7-11AM,4-7PM"", ""Wednesday"": ""7-11AM,4-7PM"", ""Thursday"": ""7-11AM,4-7PM"", ""Friday"": ""7-11AM,4-7PM"", ""Saturday"": ""9AM-12PM""}",OPERATIONAL,,"https://www.google.com/maps/place/DogJoy/@30.4831896,-97.5608941,14z/data=!4m8!1m2!2m1!1sDogJoy!3m4!1s0x8644c4d05f6a6361:0xd9fdb70f4fe6497e!8m2!3d30.4831896!4d-97.5608941"
Doggy Day Out Kennel & Daycare,http://www.doggydayout.com/,+1 512-202-3805,"17808 Wilke Ridge Ln, Pflugerville, TX 78660",Pflugerville,78660,Texas,30.4675392,-97.6244929,https://lh3.googleusercontent.com/gps-cs-s/AC9h4nqjp4GfYfyktFjqkUV4RZN4Hkwqclwxjyv5x8INDH1Fp4iawFrom_oWdTlHaeaSH3ZSBvOgefpsk0-Qr-S8iuNyIHD8s9nFdV0jCC4zmnIn06Am_NtxUYiNZ7ZOIvTryug73cs=w800-h500-k-no,"{""Sunday"": ""4-6:30PM"", ""Monday"": ""7AM-12PM,3-7PM"", ""Tuesday"": ""7AM-12PM,3-7PM"", ""Wednesday"": ""7AM-12PM,3-7PM"", ""Thursday"": ""7AM-12PM,3-7PM"", ""Friday"": ""7AM-12PM,3-7PM"", ""Saturday"": ""8AM-12PM""}",OPERATIONAL,,"https://www.google.com/maps/place/Doggy+Day+Out+Kennel+%26+Daycare/@30.467539199999997,-97.62449289999999,14z/data=!4m8!1m2!2m1!1sDoggy+Day+Out+Kennel+%26+Daycare!3m4!1s0x8644cfed3cd704d9:0x6d0d40d3e96173aa!8m2!3d30.467539199999997!4d-97.62449289999999"
Doggy Day Out,http://doggydayout.com/,+1 512-251-3009,"20113 Keilman Ln, Pflugerville, TX 78660",Pflugerville,78660,Texas,30.4872611,-97.5921,https://lh3.googleusercontent.com/gps-cs-s/AC9h4nrz-LF55wYaD0AIziCSzprT_BSjCbo0AeD1k4dqY6TQzIM8Q47j_0ZWZa4cglQvopt4Ui5MbLmPCQIjyCl4m0m5fFEUZpal4pybK157XsmhsNbAtHk_f5MOnPk9A-Rl10pnpmYEgQ=w800-h500-k-no,"{""Sunday"": ""4-6:30PM"", ""Monday"": ""7AM-12PM,3-7PM"", ""Tuesday"": ""7AM-12PM,3-7PM"", ""Wednesday"": ""7AM-12PM,3-7PM"", ""Thursday"": ""7AM-12PM,3-7PM"", ""Friday"": ""7AM-12PM,3-7PM"", ""Saturday"": ""8AM-12PM""}",OPERATIONAL,,"https://www.google.com/maps/place/Doggy+Day+Out/@30.487261099999998,-97.5921,14z/data=!4m8!1m2!2m1!1sDoggy+Day+Out!3m4!1s0x8644c54a453eaf83:0xfe8c3147ac4e5cb!8m2!3d30.487261099999998!4d-97.5921"
Brookfield Estates Dog Park,,,"713 Sweet Leaf Ln, Pflugerville, TX 78660",Pflugerville,78660,Texas,30.424419,-97.634354,https://lh3.googleusercontent.com/gps-cs-s/AC9h4noShPgKO0MO5ZkBRwLAKULothSFV69HJwYbhyCTJgYmmj4yBTjyu-id0Bq1tDyRCycKHHtYj6qvEbkgnPw8CLlWAxCEWLJiMexATlmE9hBH8X4x2etBukMVpDerRHRdSrXq72c-Sg=w800-h500-k-no,"{""Sunday"": ""7AM-7PM"", ""Monday"": ""7AM-7PM"", ""Tuesday"": ""7AM-7PM"", ""Wednesday"": ""7AM-7PM"", ""Thursday"": ""7AM-7PM"", ""Friday"": ""7AM-7PM"", ""Saturday"": ""7AM-7PM""}",OPERATIONAL,,"https://www.google.com/maps/place/Brookfield+Estates+Dog+Park/@30.424419,-97.634354,14z/data=!4m8!1m2!2m1!1sBrookfield+Estates+Dog+Park!3m4!1s0x8644cf0036f1147b:0xc0936962d3d279e7!8m2!3d30.424419!4d-97.634354"
Bs Birds & Bees Private Dog Park,https://theromeapp.app.link/GRvDIeKGbQb,+1 214-906-5101,"311 Caldwells Ln, Pflugerville, TX 78660",Pflugerville,78660,Texas,30.4470827,-97.630047,https://lh3.googleusercontent.com/p/AF1QipMmdEfjZqlXGgxhh0Qi0PC2TwBOzt5Usz2ewViJ=w800-h500-k-no,"{""Sunday"": ""6AM-9PM"", ""Monday"": ""6AM-9PM"", ""Tuesday"": ""6AM-9PM"", ""Wednesday"": ""6AM-9PM"", ""Thursday"": ""6AM-9PM"", ""Friday"": ""6AM-9PM"", ""Saturday"": ""6AM-9PM""}",OPERATIONAL,,"https://www.google.com/maps/place/Bs+Birds+%26+Bees+Private+Dog+Park/@30.4470827,-97.63004699999999,14z/data=!4m8!1m2!2m1!1sBs+Birds+%26+Bees+Private+Dog+Park!3m4!1s0x8644cff483d76067:0xc689d7b2a8f0de14!8m2!3d30.4470827!4d-97.63004699999999"
WB MUD Dog Park,http://wellsbranchmud.com/parks-a-recreation/dog-area-1,+1 512-251-9814,"2801 Sauls Dr, Austin, TX 78728",Austin,78728,Texas,30.4553057,-97.6808807,https://lh3.googleusercontent.com/gps-cs-s/AC9h4noIybAkYK6CIW5n1XAzC8QPsJ7tQew8EXp3jsDQH-h_NabBnm8ItHf5mieMeaPrHqTLgIvQ1JAHlqxPJiz-f7Gs4Nn3EyMG4WtJmAi2syB304a0IX8ETXmu9LPHMtTpmH8vIRRKYw=w800-h500-k-no,"{""Sunday"": ""6AM-8PM"", ""Monday"": ""6AM-8PM"", ""Tuesday"": ""6AM-8PM"", ""Wednesday"": ""6AM-8PM"", ""Thursday"": ""6AM-8PM"", ""Friday"": ""6AM-8PM"", ""Saturday"": ""6AM-8PM""}",OPERATIONAL,,"https://www.google.com/maps/place/WB+MUD+Dog+Park/@30.4553057,-97.68088069999999,14z/data=!4m8!1m2!2m1!1sWB+MUD+Dog+Park!3m4!1s0x8644cf7b6ce7f347:0x134e09c954c78235!8m2!3d30.4553057!4d-97.68088069999999"
Harris Branch Dog Park,,,"12041 Harris Branch Pkwy, Austin, TX 78754",Austin,78754,Texas,30.3602501,-97.614082,https://lh3.googleusercontent.com/gps-cs-s/AC9h4nrFmQgUhr_7zsH8bApxO_ErylbHOlFSdvkG7wU3bXHfu7jDuh853ZxStgXFlGAR8Tp2xa-TXmWbrtODzlKGWxyy2vSIcqY0ONj3UTo-HKvd3n1fGw_FduVbQVLvypqlW5O4rEso8w=w800-h500-k-no,,OPERATIONAL,,"https://www.google.com/maps/place/Harris+Branch+Dog+Park/@30.3602501,-97.614082,14z/data=!4m8!1m2!2m1!1sHarris+Branch+Dog+Park!3m4!1s0x8644c96c84c6b251:0xd179d8348f275e93!8m2!3d30.3602501!4d-97.614082"
Dogtopia of Round Rock,http://www.dogtopia.com/roundrock,+1 512-333-1145,"1500 S A.W. Grimes Blvd #150, Round Rock, TX 78664",Round Rock,78664,Texas,30.497471,-97.6576641,https://lh3.googleusercontent.com/p/AF1QipMsd2T-Ilu0fnzWtFLoJNPUncWmrf4L4v7hfWro=w800-h500-k-no,"{""Sunday"": ""11AM-2PM"", ""Monday"": ""7AM-7PM"", ""Tuesday"": ""7AM-7PM"", ""Wednesday"": ""7AM-7PM"", ""Thursday"": ""7AM-7PM"", ""Friday"": ""7AM-7PM"", ""Saturday"": ""10AM-5PM""}",OPERATIONAL,,"https://www.google.com/maps/place/Dogtopia+of+Round+Rock/@30.497470999999997,-97.65766409999999,14z/data=!4m8!1m2!2m1!1sDogtopia+of+Round+Rock!3m4!1s0x8644d1577e447af9:0x566e94fe58623307!8m2!3d30.497470999999997!4d-97.65766409999999"
Round Rock Dog Depot,http://www.roundrocktexas.gov/dogpark,+1 512-218-5540,"800 Deerfoot Dr, Round Rock, TX 78664",Round Rock,78664,Texas,30.509854,-97.6667906,https://lh3.googleusercontent.com/gps-cs-s/AC9h4nrGkhgZ5PGkRHsLTsSfkXkRUFXNEmtwUt3Gm-8uxDAKLgPHgEQ1_WKMMg3PKqfw59gqnSFDt7WZTipyKElgETAL1HdSa3t2_vEXp1MiiMh15esjlxol_vUQjKnafngZ1bXJoPoU=w800-h500-k-no,"{""Sunday"": ""6AM-8PM"", ""Monday"": ""6AM-8PM"", ""Tuesday"": ""6AM-8PM"", ""Wednesday"": ""6AM-8PM"", ""Thursday"": ""6AM-8PM"", ""Friday"": ""6AM-8PM"", ""Saturday"": ""6AM-8PM""}",OPERATIONAL,,"https://www.google.com/maps/place/Round+Rock+Dog+Depot/@30.509853999999997,-97.6667906,14z/data=!4m8!1m2!2m1!1sRound+Rock+Dog+Depot!3m4!1s0x8644d1b802f9941d:0xdf7a778d362a89fe!8m2!3d30.509853999999997!4d-97.6667906"
Action Pack - Round Rock,https://www.actionpackdogs.com/?utm_source=gmb,+1 512-345-0280,"4 Lake Dr, Round Rock, TX 78665",Round Rock,78665,Texas,30.5447724,-97.6726936,https://lh3.googleusercontent.com/p/AF1QipOlcmMvISTUCbaqHKL-pNEQhi6-sTyffa4f5e9g=w800-h500-k-no,"{""Sunday"": ""2-6PM"", ""Monday"": ""7AM-7PM"", ""Tuesday"": ""7AM-7PM"", ""Wednesday"": ""7AM-7PM"", ""Thursday"": ""7AM-7PM"", ""Friday"": ""7AM-7PM"", ""Saturday"": ""8AM-5PM""}",OPERATIONAL,,"https://www.google.com/maps/place/Action+Pack+-+Round+Rock/@30.5447724,-97.6726936,14z/data=!4m8!1m2!2m1!1sAction+Pack+-+Round+Rock!3m4!1s0x8644d112400ed0c7:0xbb0fa3b1630dc583!8m2!3d30.5447724!4d-97.6726936"
Hip Hounds,http://www.hiphounds.com/?utm_source=googlemb,+1 512-989-6767,"1912 Picadilly Dr, Round Rock, TX 78664",Round Rock,78664,Texas,30.4679142,-97.6581706,https://lh3.googleusercontent.com/p/AF1QipMEtv5miM4Zlfw5s7n7gOyex2u09YgPjsJqG9yX=w800-h500-k-no,"{""Sunday"": ""10AM-12PM,4-6PM"", ""Monday"": ""7AM-12PM,3-7PM"", ""Tuesday"": ""7AM-12PM,3-7PM"", ""Wednesday"": ""7AM-12PM,3-7PM"", ""Thursday"": ""7AM-12PM,3-7PM"", ""Friday"": ""7AM-12PM,3-7PM"", ""Saturday"": ""9AM-12PM""}",OPERATIONAL,,"https://www.google.com/maps/place/Hip+Hounds/@30.4679142,-97.65817059999999,14z/data=!4m8!1m2!2m1!1sHip+Hounds!3m4!1s0x8644ce34596611a1:0x4f5451db2da1f577!8m2!3d30.4679142!4d-97.65817059999999"
Lake Creek Park,https://www.roundrocktexas.gov/park/lake-creek-park/,,"800 Deerfoot Dr, Round Rock, TX 78664",Round Rock,78664,Texas,30.5094624,-97.6678505,https://lh3.googleusercontent.com/gps-cs-s/AC9h4noaaHaSbGYhB0-0-V2O-TTorloNAOJnZKg9MD0TTWDL9JoNa3WC-H2QfCmm6fEM4m7oFcSgtuLMmY5HFSv2jaDjJRmsTHUI9_CMYtReFpySu6UaCSVmiddfISTwoEB2RP8ev275=w800-h500-k-no,,OPERATIONAL,,"https://www.google.com/maps/place/Lake+Creek+Park/@30.5094624,-97.6678505,14z/data=!4m8!1m2!2m1!1sLake+Creek+Park!3m4!1s0x8644d1b880605d7d:0xdf9f30d3befd84ef!8m2!3d30.5094624!4d-97.6678505"
Play for All Abilities Park,https://play4all.org/,+1 512-218-5540,"151 N A W Grimes Blvd, Round Rock, TX 78664",Round Rock,78664,Texas,30.514653,-97.652492,https://lh3.googleusercontent.com/gps-cs-s/AC9h4nr5sAYsh0culNzoc9CH5v1lpNu_R1LPt6032G1gmz6UFzYsAw558LUOqv_ESaxxMNfGZVjASdkuS2cPKrLLvgK7JqP7S2vnao5f-j4wgguxBEf9kWBHRP2Dvsi29dPNEYg2VtzkGg=w800-h500-k-no,"{""Sunday"": ""6AM-10PM"", ""Monday"": ""6AM-10PM"", ""Tuesday"": ""6AM-10PM"", ""Wednesday"": ""6AM-10PM"", ""Thursday"": ""6AM-10PM"", ""Friday"": ""6AM-10PM"", ""Saturday"": ""6AM-10PM""}",OPERATIONAL,"51,000-sq.-ft. playground that accommodates special-needs kids for therapy, learning & play.","https://www.google.com/maps/place/Play+for+All+Abilities+Park/@30.514653,-97.652492,14z/data=!4m8!1m2!2m1!1sPlay+for+All+Abilities+Park!3m4!1s0x8644d04b73ab3733:0x98740b4893f23ee8!8m2!3d30.514653!4d-97.652492"
Dog Park,,,"250 Charles Austin Dr, San Marcos, TX 78666",San Marcos,78666,Texas,29.887281,-97.9298865,https://lh3.googleusercontent.com/gps-cs-s/AC9h4nqCU6A5PxE3csLsAsq_hnHanDXleIHkIFH0SrpdUXNp6xzldF5mbq3OK02SBgrPMmYsApcts5n__HxtJajcUhsW9aiWSb08Sa1f_XUEnQSJ8fSvPMa0MAcQM4rnx8Ypjt1NfJfDuw=w800-h500-k-no,"{""Sunday"": ""6AM-11PM"", ""Monday"": ""6AM-11PM"", ""Tuesday"": ""6AM-11PM"", ""Wednesday"": ""6AM-11PM"", ""Thursday"": ""6AM-11PM"", ""Friday"": ""6AM-11PM"", ""Saturday"": ""6AM-11PM""}",OPERATIONAL,,"https://www.google.com/maps/place/Dog+Park/@29.887280999999998,-97.9298865,14z/data=!4m8!1m2!2m1!1sDog+Park!3m4!1s0x865ca844ddc56e6f:0x6b1d03c861a5d5c8!8m2!3d29.887280999999998!4d-97.9298865"
the Boozy Bark,http://www.theboozybark.com/,+1 512-620-1291,"500 Broadway St, San Marcos, TX 78666",San Marcos,78666,Texas,29.8595268,-97.9402555,https://lh3.googleusercontent.com/p/AF1QipPfMermjOuGLz7ZNZlbIJiSsTUP4zLrIe-s1eOJ=w800-h500-k-no,"{""Sunday"": ""8AM-6PM"", ""Monday"": ""7AM-7PM"", ""Tuesday"": ""7AM-7PM"", ""Wednesday"": ""7AM-7PM"", ""Thursday"": ""7AM-7PM"", ""Friday"": ""7AM-7PM"", ""Saturday"": ""8AM-6PM""}",OPERATIONAL,,"https://www.google.com/maps/place/the+Boozy+Bark/@29.859526799999998,-97.94025549999999,14z/data=!4m8!1m2!2m1!1sthe+Boozy+Bark!3m4!1s0x865ca98a54a923b9:0x1168c1bf064770ff!8m2!3d29.859526799999998!4d-97.94025549999999"
"Outward Hounds Daycare & Boarding, llc",http://www.outwarddogs.com/,+1 512-679-9326,"804 Bee Creek Rd Ste. H, Spicewood, TX 78669",Spicewood,78669,Texas,30.4061519,-98.0589857,https://lh3.googleusercontent.com/p/AF1QipMrKJns-Nbj0E-OmamLr7UMp61-s4QH03773UGK=w800-h500-k-no,"{""Sunday"": ""8AM-6PM"", ""Monday"": ""8AM-6PM"", ""Tuesday"": ""8AM-6PM"", ""Wednesday"": ""8AM-6PM"", ""Thursday"": ""8AM-6PM"", ""Friday"": ""8AM-6PM"", ""Saturday"": ""8AM-6PM""}",OPERATIONAL,,"https://www.google.com/maps/place/Outward+Hounds+Daycare+%26+Boarding%2C+llc/@30.406151899999998,-98.0589857,14z/data=!4m8!1m2!2m1!1sOutward+Hounds+Daycare+%26+Boarding%2C+llc!3m4!1s0x865b3dcb74f786b9:0xa77cd374e67b7a89!8m2!3d30.406151899999998!4d-98.0589857"
Camp Bow Wow Austin SW,https://www.campbowwow.com/austin-sw/,+1 737-371-8508,"5200 Electric Ave, Spicewood, TX 78669",Spicewood,78669,Texas,30.3414031,-98.0414228,https://lh3.googleusercontent.com/p/AF1QipOFxNJqDw33h-2shBuTxcbiIFmNf5iDG9zdtjG0=w800-h500-k-no,"{""Sunday"": ""7-11AM,4-7PM"", ""Monday"": ""7AM-7PM"", ""Tuesday"": ""7AM-7PM"", ""Wednesday"": ""7AM-7PM"", ""Thursday"": ""7AM-7PM"", ""Friday"": ""7AM-7PM"", ""Saturday"": ""7AM-7PM""}",OPERATIONAL,,"https://www.google.com/maps/place/Camp+Bow+Wow+Austin+SW/@30.341403099999997,-98.04142279999999,14z/data=!4m8!1m2!2m1!1sCamp+Bow+Wow+Austin+SW!3m4!1s0x865b3933d1b430b9:0x2405a60c1bcdfb48!8m2!3d30.341403099999997!4d-98.04142279999999"
K-9 Retreat,http://www.k-9retreat.com/,+1 512-847-3594,"3910 Farm to Market Rd 2325, Wimberley, TX 78676",Wimberley,78676,Texas,30.021753,-98.153929,https://lh3.googleusercontent.com/p/AF1QipPe84Ji9WnKex5vbL7TBbWZb_YgvZny6OwM2P7f=w800-h500-k-no,"{""Sunday"": ""9AM-12PM,2-6PM"", ""Monday"": ""7AM-12PM,2-7PM"", ""Tuesday"": ""7AM-12PM,2-7PM"", ""Wednesday"": ""7AM-12PM,2-7PM"", ""Thursday"": ""7AM-12PM,2-7PM"", ""Friday"": ""7AM-12PM,2-7PM"", ""Saturday"": ""9AM-12PM,2-6PM""}",OPERATIONAL,K-9 Retreat does not use indoor/outdoor runs. We are the only 'all day/all play' dog boarding facility in Hays county that allows its guests to socialize and interact with each other 24/7.,"https://www.google.com/maps/place/K-9+Retreat/@30.021753,-98.15392899999999,14z/data=!4m8!1m2!2m1!1sK-9+Retreat!3m4!1s0x865b676a9eb3477b:0x5f9c6fbff5589a30!8m2!3d30.021753!4d-98.15392899999999"
Hidden Glen Park,,,"845 Hidden Glen Dr, Round Rock, TX 78681",Round Rock,78681,Texas,30.5445749,-97.7020482,,,OPERATIONAL,,"https://www.google.com/maps/place/Hidden+Glen+Park/@30.544574899999997,-97.7020482,14z/data=!4m8!1m2!2m1!1sHidden+Glen+Park!3m4!1s0x8644d3002ca2a161:0x8d9ab85f3fe91756!8m2!3d30.544574899999997!4d-97.7020482"
PetSuites Round Rock,https://roundrock.petsuitesofamerica.com/?utm_source=gmb,+1 737-250-2841,"1401 Louis Henna Blvd, Round Rock, TX 78664",Round Rock,78664,Texas,30.4852799,-97.6469699,https://lh3.googleusercontent.com/gps-cs-s/AC9h4npblXrsKru0pxbPNEr-WrufvIBx83lp_dBDoPA6woWu0F7ABgbo_nzHe-9C1nMhSfj5IZsqxOeQ2tZWS-LgOrrXUZyXhesRA6h4d0-g4nvWqnJlwxLuWnUC6I0B86Isq0P3Mrc=w800-h500-k-no,"{""Sunday"": ""7AM-5PM"", ""Monday"": ""6:30AM-7PM"", ""Tuesday"": ""6:30AM-7PM"", ""Wednesday"": ""6:30AM-7PM"", ""Thursday"": ""6:30AM-7PM"", ""Friday"": ""6:30AM-7PM"", ""Saturday"": ""7AM-5PM""}",OPERATIONAL,,"https://www.google.com/maps/place/PetSuites+Round+Rock/@30.4852799,-97.6469699,14z/data=!4m8!1m2!2m1!1sPetSuites+Round+Rock!3m4!1s0x8644cf6ac170dc7f:0xeddfb42fdcfb73ef!8m2!3d30.4852799!4d-97.6469699"
The Dog House Dog Boarding,http://www.doghouseatx.com/,+1 512-656-9651,"2101 Boxwood Path, Round Rock, TX 78664",Round Rock,78664,Texas,30.5046176,-97.6527208,https://lh3.googleusercontent.com/p/AF1QipN2CPDHB5jjRz9Cuz_FqNHSjxdlGAqc701UD4xG=w800-h500-k-no,"{""Sunday"": ""8AM-6PM"", ""Monday"": ""8AM-7PM"", ""Tuesday"": ""8AM-7PM"", ""Wednesday"": ""8AM-7PM"", ""Thursday"": ""8AM-7PM"", ""Friday"": ""8AM-7PM"", ""Saturday"": ""8AM-6PM""}",OPERATIONAL,,"https://www.google.com/maps/place/The+Dog+House+Dog+Boarding/@30.5046176,-97.6527208,14z/data=!4m8!1m2!2m1!1sThe+Dog+House+Dog+Boarding!3m4!1s0x8644d1168a360da1:0xa055035cdfeabb0f!8m2!3d30.5046176!4d-97.6527208"
Pawsitive Purrfection LLC,https://www.pawsitivepurrfection.com/,+1 512-589-7139,"15605 Delahunty Ln, Pflugerville, TX 78660",Pflugerville,78660,Texas,30.4441673,-97.6483899,https://lh3.googleusercontent.com/p/AF1QipPx-_9U6UJLfJ2sLCVFldiIPArqyjNSzGZ6a3t5=w800-h500-k-no,"{""Sunday"": ""Closed"", ""Monday"": ""7AM-6PM"", ""Tuesday"": ""7AM-6PM"", ""Wednesday"": ""7AM-6PM"", ""Thursday"": ""7AM-6PM"", ""Friday"": ""7AM-6PM"", ""Saturday"": ""Closed""}",OPERATIONAL,,"https://www.google.com/maps/place/Pawsitive+Purrfection+LLC/@30.4441673,-97.6483899,14z/data=!4m8!1m2!2m1!1sPawsitive+Purrfection+LLC!3m4!1s0x8644ce5548415555:0xf441075b21dfd319!8m2!3d30.4441673!4d-97.6483899"
Dog Park,,,"Triangle Commons Pocket Park, 722 W 46th St, Austin, TX 78751",Austin,78751,Texas,30.3142332,-97.7334751,https://lh3.googleusercontent.com/gps-cs-s/AC9h4noXfSvGrIMoTc_COkfcDbnAf39_KRWtbsSqHzet8F79kN4j8GzUYRXG1S-d-JJw8a9KlqfK1oyrVbm-bXpSWsNLi2aIMgSGr0hbE0H1ERFWgqu1Yz2-COZKQKsCgAgSArXxl_E=w800-h500-k-no,,OPERATIONAL,,"https://www.google.com/maps/place/Dog+Park/@30.3142332,-97.73347509999999,14z/data=!4m8!1m2!2m1!1sDog+Park!3m4!1s0x8644cbea7f69a50d:0xab049b002ab73ee1!8m2!3d30.3142332!4d-97.73347509999999"
Norwood Estate Dog Park on E. Riverside,,,"1018 1/2 Edgecliff Terrace, Austin, TX 78741",Austin,78741,Texas,30.2493988,-97.7371037,https://lh3.googleusercontent.com/gps-cs-s/AC9h4npvPHEjjlkFLMMguG6SI2DcmHI0Kkq-vtu2xetiROvAX_0u6prezLD43cs7DiCNpbK2H3PtYEo3VwgCYgCd5lMfQ6GQ09XXNwGyIVq1SYmJDYR5It1HIDbkWsWWkEmHD8xvlZV0=w800-h500-k-no,,OPERATIONAL,,"https://www.google.com/maps/place/Norwood+Estate+Dog+Park+on+E.+Riverside/@30.249398799999998,-97.73710369999999,14z/data=!4m8!1m2!2m1!1sNorwood+Estate+Dog+Park+on+E.+Riverside!3m4!1s0x8644b5002356142d:0x3b5143afadf59de2!8m2!3d30.249398799999998!4d-97.73710369999999"
Auditorium Shores Dog Park,,,"Austin, TX 78704",Austin,78704,Texas,30.2635228,-97.7531327,https://lh3.googleusercontent.com/gps-cs-s/AC9h4noaPWKpB1w7GcsT19Plfyy_J9GA4h-rTifbYZ8mJzPPtEPMyNKy_oOCHDawPcQsuKAf0pE30swZCZdMhQ5vAzCvpGe8kOUtcUa4IT7NJ3pNDmdbxLVeMZpKW-ZoXGkK6nzkVf_QCQ=w800-h500-k-no,"{""Sunday"": ""6AM-10PM"", ""Monday"": ""6AM-10PM"", ""Tuesday"": ""6AM-10PM"", ""Wednesday"": ""6AM-10PM"", ""Thursday"": ""6AM-10PM"", ""Friday"": ""6AM-10PM"", ""Saturday"": ""6AM-10PM""}",OPERATIONAL,,"https://www.google.com/maps/place/Auditorium+Shores+Dog+Park/@30.263522799999997,-97.7531327,14z/data=!4m8!1m2!2m1!1sAuditorium+Shores+Dog+Park!3m4!1s0x8644b51aa8bf771f:0xc3214fb1b2e1c4c8!8m2!3d30.263522799999997!4d-97.7531327"
BHV Austin,http://bhvaustin.com/,+1 512-477-3647,"412 Josephine St, Austin, TX 78704",Austin,78704,Texas,30.2616259,-97.7590293,https://lh3.googleusercontent.com/p/AF1QipNyuzciRfqRwV_bQ-n9-I8jMKFBoxoh9l0PGXy4=w800-h500-k-no,"{""Sunday"": ""2-7PM"", ""Monday"": ""7AM-7PM"", ""Tuesday"": ""7AM-7PM"", ""Wednesday"": ""7AM-7PM"", ""Thursday"": ""7AM-7PM"", ""Friday"": ""7AM-7PM"", ""Saturday"": ""8AM-2PM""}",OPERATIONAL,,"https://www.google.com/maps/place/BHV+Austin/@30.2616259,-97.7590293,14z/data=!4m8!1m2!2m1!1sBHV+Austin!3m4!1s0x8644b5199432628b:0xb8b188684a1f1018!8m2!3d30.2616259!4d-97.7590293"
Hancock Dog Park,,,"3307 Kim Ln, Austin, TX 78705",Austin,78705,Texas,30.2914103,-97.7239523,https://lh3.googleusercontent.com/gps-cs-s/AC9h4nr7bR9ZvOa7kVEHI-7a6-1JJa3x9fd0VvA45OpqU_Z-47I_mS955QPMa7_IS6gcCdLGHmo5j7c0jiquQllyS3dUqrqZgFkLYnHVVeuRl8w2ID-ic5NLGdZQqw07d2CDzYPiJcm2bQ=w800-h500-k-no,"{""Sunday"": ""8AM-8PM"", ""Monday"": ""8AM-8PM"", ""Tuesday"": ""8AM-8PM"", ""Wednesday"": ""8AM-8PM"", ""Thursday"": ""8AM-8PM"", ""Friday"": ""8AM-8PM"", ""Saturday"": ""8AM-8PM""}",OPERATIONAL,,"https://www.google.com/maps/place/Hancock+Dog+Park/@30.2914103,-97.7239523,14z/data=!4m8!1m2!2m1!1sHancock+Dog+Park!3m4!1s0x8644b52991bf101d:0x4e42112b82961ba1!8m2!3d30.2914103!4d-97.7239523"
Jackie's Play & Stay,http://jackiesplayandstay.com/,+1 512-524-2525,"2035 Airport Blvd, Austin, TX 78721",Austin,78721,Texas,30.284309,-97.7047725,https://lh3.googleusercontent.com/p/AF1QipPVcgKj-DXq1GvwC1HbweKPTcTU8O1slihOOEWA=w800-h500-k-no,"{""Sunday"": ""4-6:30PM"", ""Monday"": ""7-10AM,3-7PM"", ""Tuesday"": ""7-10AM,3-7PM"", ""Wednesday"": ""7-10AM,3-7PM"", ""Thursday"": ""7-10AM,3-7PM"", ""Friday"": ""7-10AM,3-7PM"", ""Saturday"": ""8-10AM,4-6PM""}",OPERATIONAL,,"https://www.google.com/maps/place/Jackie%27s+Play+%26+Stay/@30.284309,-97.70477249999999,14z/data=!4m8!1m2!2m1!1sJackie%27s+Play+%26+Stay!3m4!1s0x8644b5e5473ea37d:0x9f4dd54c7d49ffca!8m2!3d30.284309!4d-97.70477249999999"
Jake’s Place Dog Park,,,"Austin, TX 78735",Austin,78735,Texas,30.2522366,-97.902798,https://lh3.googleusercontent.com/gps-cs-s/AC9h4nqR1nVmkV9GZ29Aza1WbfgbAq1qgAk3V-MiIrZQdx9lVFNaikF9VkO-ZnJYQQ6FpVCMEYIW7rFXuz3BpuTtHZabII8g1PBgAWicYD3C1dDNOtcIdUlPSK746MR6yqY_9yP6Fqw7zA=w800-h500-k-no,"{""Sunday"": ""Open 24 hours"", ""Monday"": ""Open 24 hours"", ""Tuesday"": ""Open 24 hours"", ""Wednesday"": ""Open 24 hours"", ""Thursday"": ""Open 24 hours"", ""Friday"": ""Open 24 hours"", ""Saturday"": ""Open 24 hours""}",OPERATIONAL,,"https://www.google.com/maps/place/Jake%E2%80%99s+Place+Dog+Park/@30.2522366,-97.90279799999999,14z/data=!4m8!1m2!2m1!1sJake%E2%80%99s+Place+Dog+Park!3m4!1s0x865b498ac6601d13:0x4563b18018e190b1!8m2!3d30.2522366!4d-97.90279799999999"
Mueller Dog Run,,,"2200 Aldrich St Suite 120, Austin, TX 78723",Austin,78723,Texas,30.3012663,-97.702902,https://lh3.googleusercontent.com/gps-cs-s/AC9h4nq3h9N5d3AInfX7RbAW7kT2c3qoHvtaVUOoAKYAGLuGA_JFajX7fkR_dxHhJR7krPjFe9I-wJLCLO3t75FF6_PJB_TH6cBEHvWvsqB5fjopZOH8k51MSuVBccYqA_dEPmx5ZC99eA=w800-h500-k-no,,OPERATIONAL,,"https://www.google.com/maps/place/Mueller+Dog+Run/@30.301266299999998,-97.702902,14z/data=!4m8!1m2!2m1!1sMueller+Dog+Run!3m4!1s0x8644cbb14157f905:0x74df217885dad272!8m2!3d30.301266299999998!4d-97.702902"
Red Bud Isle,,+1 512-974-6700,"3401 Redbud Trail, Austin, TX 78746",Austin,78746,Texas,30.2908494,-97.7868386,https://lh3.googleusercontent.com/gps-cs-s/AC9h4noQhMgz-WQhTCHAj4k24GFNHNrL1ioGIuAVZtAIKXWWsPq5WcO9o5vTvHJ4BaWOviIRzuy1YXOFA0TccM7h-MXiisimvugH9dMwcPC6N_hSlg1BSFjAx88VVNZUMZ-3hbqJw6y2=w800-h500-k-no,"{""Sunday"": ""7AM-10PM"", ""Monday"": ""7AM-10PM"", ""Tuesday"": ""7AM-10PM"", ""Wednesday"": ""7AM-10PM"", ""Thursday"": ""7AM-10PM"", ""Friday"": ""7AM-10PM"", ""Saturday"": ""7AM-10PM""}",OPERATIONAL,"Lakefront off-leash dog park with 13 acres of recreational space, plus hiking, canoeing & kayaking.","https://www.google.com/maps/place/Red+Bud+Isle/@30.2908494,-97.7868386,14z/data=!4m8!1m2!2m1!1sRed+Bud+Isle!3m4!1s0x865b4aac90d190c3:0xc4add3ec4062dcdf!8m2!3d30.2908494!4d-97.7868386"
The Tucker Bowhart Dog Park,,,"9800 1/2 Stonelake Blvd, Austin, TX 78759",Austin,78759,Texas,30.3888084,-97.7399359,https://lh3.googleusercontent.com/gps-cs-s/AC9h4nrsWp2sSWHxdM0dGJ4_AHF553bP0DOPELQcDy73eOzRR0ytGAQZz3b72XtpKbccFK8RtvoWuZzLmTGJb3ALoVkwAkadfPhbo39wJyMQrIP1_riNkaEh0mIP56aqbPj8Ca1DszpM=w800-h500-k-no,,OPERATIONAL,,"https://www.google.com/maps/place/The+Tucker+Bowhart+Dog+Park/@30.3888084,-97.73993589999999,14z/data=!4m8!1m2!2m1!1sThe+Tucker+Bowhart+Dog+Park!3m4!1s0x8644cb00783fb3c5:0xbe94c55fefae7b0b!8m2!3d30.3888084!4d-97.73993589999999"
DogCentric Society,http://www.dogcentricsociety.com/,+1 512-522-9044,"8924 Circle Dr, Austin, TX 78736",Austin,78736,Texas,30.2364568,-97.9137773,https://lh3.googleusercontent.com/p/AF1QipPkPjDEinJJP50kvA3hiBMDAysC0Xb6qUi4rjtY=w800-h500-k-no,"{""Sunday"": ""7AM-7PM"", ""Monday"": ""7AM-7PM"", ""Tuesday"": ""7AM-7PM"", ""Wednesday"": ""7AM-7PM"", ""Thursday"": ""7AM-7PM"", ""Friday"": ""7AM-7PM"", ""Saturday"": ""7AM-7PM""}",OPERATIONAL,,"https://www.google.com/maps/place/DogCentric+Society/@30.2364568,-97.91377729999999,14z/data=!4m8!1m2!2m1!1sDogCentric+Society!3m4!1s0x8644b52951e1bd99:0x4614b26c55dec3b!8m2!3d30.2364568!4d-97.91377729999999"
Dogtopia of South Austin,https://www.dogtopia.com/austin-south/,+1 512-692-4747,"6705 US-290 Ste 302, Austin, TX 78735",Austin,78735,Texas,30.2327486,-97.8650031,https://lh3.googleusercontent.com/gps-cs-s/AC9h4nr2D8z3DX07kaMDzRpHkaLn2LaQjsV50DeXzPE5GEBhho4-pGmVBWnVVdJB7CYipQSNwhaN06RVx65iptZxeFWhO2rIst3puKYqr8T2l3fRxt4Y9WNcw1NOAwPxxytgxVz4jQZ4=w800-h500-k-no,"{""Sunday"": ""10AM-5PM"", ""Monday"": ""7AM-7PM"", ""Tuesday"": ""7AM-7PM"", ""Wednesday"": ""7AM-7PM"", ""Thursday"": ""7AM-7PM"", ""Friday"": ""7AM-7PM"", ""Saturday"": ""10AM-5PM""}",OPERATIONAL,,"https://www.google.com/maps/place/Dogtopia+of+South+Austin/@30.232748599999997,-97.8650031,14z/data=!4m8!1m2!2m1!1sDogtopia+of+South+Austin!3m4!1s0x865b4b8a6a3b7515:0xbeca806798a25479!8m2!3d30.232748599999997!4d-97.8650031"
Pickle’s Place Dog Park,https://www.facebook.com/share/g/fbntzP1uxBD3zCwE/,,"6414 N Hampton Dr, Austin, TX 78723",Austin,78723,Texas,30.3151203,-97.682602,https://lh3.googleusercontent.com/gps-cs-s/AC9h4nqB5yiCTvkBn9AETHtj_p0XZfssNDvx45oJdwpJDV8aNleoxtEKdLWyKLrg4KgKvwpuTOWI-WVNFDEmpZe6obOWaW4Ies48LIA20PTAX3azLA7zJhVqZS3wNcArIrpT-UlWD0w-eA=w800-h500-k-no,"{""Sunday"": ""Open 24 hours"", ""Monday"": ""8AM-6PM"", ""Tuesday"": ""8AM-6PM"", ""Wednesday"": ""8AM-6PM"", ""Thursday"": ""8AM-6PM"", ""Friday"": ""8AM-6PM"", ""Saturday"": ""Open 24 hours""}",OPERATIONAL,,"https://www.google.com/maps/place/Pickle%E2%80%99s+Place+Dog+Park/@30.3151203,-97.68260199999999,14z/data=!4m8!1m2!2m1!1sPickle%E2%80%99s+Place+Dog+Park!3m4!1s0x8644c91c64039407:0x5f87837fc5283cc9!8m2!3d30.3151203!4d-97.68260199999999"
Green Acres Pet Ranch,https://www.greenacrespetranch.com/,+1 737-345-3800,"100 Taylor Ranch Rd, Austin, TX 78717",Austin,78717,Texas,30.485337,-97.7251746,https://lh3.googleusercontent.com/gps-cs-s/AC9h4npo3bHq2EcYtT3o_i0YckIx__uI_CdTXid7XDTbkgaIVd-cq0xVAMSy6nl5H0WGl3Of9d77wAHknVJbQgmk5YnGIGxgjG7J-UY9aS-NsI2--yDaVH-FtV6cqVnY9qDHwoqyXfdu=w800-h500-k-no,"{""Sunday"": ""4AM-6PM"", ""Monday"": ""8AM-6PM"", ""Tuesday"": ""8AM-6PM"", ""Wednesday"": ""8AM-6PM"", ""Thursday"": ""8AM-6PM"", ""Friday"": ""8AM-6PM"", ""Saturday"": ""8AM-6PM""}",OPERATIONAL,,"https://www.google.com/maps/place/Green+Acres+Pet+Ranch/@30.485336999999998,-97.7251746,14z/data=!4m8!1m2!2m1!1sGreen+Acres+Pet+Ranch!3m4!1s0x8644d33148d01129:0x24689857cd69bd44!8m2!3d30.485336999999998!4d-97.7251746"
Midlothian Dog Park,https://www.midlothian.tx.us/741/Midlothian-Dog-Park-Rules,+1 972-775-7777,"Midlothian, TX 76065",Midlothian,76065,Texas,32.4698978,-97.0038496,https://lh3.googleusercontent.com/gps-cs-s/AC9h4nq580hAJ5RV7nmrV1klEG8NCe9UGv0bFrCSP-IyKpbl2D36HUV8bqVi4ur8CLyZXOd1MA8AbMMBlLWz9-fQVbZcbzdYaZg7nV3H33S5t0hxFDzlVB2_grChCsP2wo-9k6-nHydq=w800-h500-k-no,"{""Sunday"": ""5AM-11PM"", ""Monday"": ""5AM-11PM"", ""Tuesday"": ""5AM-11PM"", ""Wednesday"": ""5AM-11PM"", ""Thursday"": ""5AM-11PM"", ""Friday"": ""5AM-11PM"", ""Saturday"": ""5AM-11PM""}",OPERATIONAL,,"https://www.google.com/maps/place/Midlothian+Dog+Park/@32.4698978,-97.0038496,14z/data=!4m8!1m2!2m1!1sMidlothian+Dog+Park!3m4!1s0x864ef3fb6b664343:0xa09a518b791b9125!8m2!3d32.4698978!4d-97.0038496"
Mineral Wells Aquatic Center,http://www.mineralwellstx.gov/,+1 940-328-7803,"1200 W Hubbard St, Mineral Wells, TX 76067",Mineral Wells,76067,Texas,32.809736,-98.130617,https://lh3.googleusercontent.com/gps-cs-s/AC9h4noFT84aKC0S1e9EYN1FYaAcn37BcvhjYfo5Gza3ItofvRWtEuPRCTmcQjuu42aMOfKuqidgXQnmrG_pR3M7VgzhyE9csnqXr3vRtYQVbMf_cd8XsY2EQGCLP-K_xZhao2n4pqk-Xg=w800-h500-k-no,"{""Sunday"": ""1-6PM"", ""Monday"": ""12-6PM"", ""Tuesday"": ""12-7:10PM"", ""Wednesday"": ""12-7:10PM"", ""Thursday"": ""12-7:10PM"", ""Friday"": ""12-7:10PM"", ""Saturday"": ""12-6PM""}",OPERATIONAL,,"https://www.google.com/maps/place/Mineral+Wells+Aquatic+Center/@32.809736,-98.130617,14z/data=!4m8!1m2!2m1!1sMineral+Wells+Aquatic+Center!3m4!1s0x8651f55410000001:0x5b4183f14cc9885c!8m2!3d32.809736!4d-98.130617"
Dog Park at Love's Travel Stops,https://www.loves.com/dogparks,+1 817-636-0270,"4800 TX-114, Rhome, TX 76078",Rhome,76078,Texas,33.0570029,-97.4841107,,"{""Sunday"": ""Open 24 hours"", ""Monday"": ""Open 24 hours"", ""Tuesday"": ""Open 24 hours"", ""Wednesday"": ""Open 24 hours"", ""Thursday"": ""Open 24 hours"", ""Friday"": ""Open 24 hours"", ""Saturday"": ""Open 24 hours""}",OPERATIONAL,,"https://www.google.com/maps/place/Dog+Park+at+Love%27s+Travel+Stops/@33.0570029,-97.4841107,14z/data=!4m8!1m2!2m1!1sDog+Park+at+Love%27s+Travel+Stops!3m4!1s0x864de94cd8020837:0x31a8e24e19e6eb7a!8m2!3d33.0570029!4d-97.4841107"
Patsy Hooks Dog Park at Heritage Park,http://tx-weatherford2.civicplus.com/1590/Patsy-Hooks-Dog-Park-at-Heritage-Park,,"379 Jack Borden Way, Weatherford, TX 76086",Weatherford,76086,Texas,32.7522206,-97.7847547,https://lh3.googleusercontent.com/gps-cs-s/AC9h4npHCkCwQR6A_yJazKjYtKOv_Oe2ojLZIKxTdjwV5Qr7Yc29N25GGEQkXdPuQPPo3WABr1YyvD7cr-VfzREyxBngEqiX2Y748gj3blMJBR84GyiOrMwk687P79O0xoZL8D3BoVtH=w800-h500-k-no,"{""Sunday"": ""6AM-10PM"", ""Monday"": ""6AM-10PM"", ""Tuesday"": ""6AM-10PM"", ""Wednesday"": ""6AM-10PM"", ""Thursday"": ""6AM-10PM"", ""Friday"": ""6AM-10PM"", ""Saturday"": ""6AM-10PM""}",OPERATIONAL,,"https://www.google.com/maps/place/Patsy+Hooks+Dog+Park+at+Heritage+Park/@32.7522206,-97.7847547,14z/data=!4m8!1m2!2m1!1sPatsy+Hooks+Dog+Park+at+Heritage+Park!3m4!1s0x864e01fe03a82489:0x4ac9da7ecf99d012!8m2!3d32.7522206!4d-97.7847547"
Dog Park at Love's Travel Stops,https://www.loves.com/dogparks,+1 817-594-2755,"2605 E Bankhead Hwy, Weatherford, TX 76087",Weatherford,76087,Texas,32.7433533,-97.7427869,https://streetviewpixels-pa.googleapis.com/v1/thumbnail?panoid=vL4pnI4pL7W4sHt81xbYbw&cb_client=search.gws-prod.gps&w=800&h=500&yaw=22.199043&pitch=0&thumbfov=100,"{""Sunday"": ""Open 24 hours"", ""Monday"": ""Open 24 hours"", ""Tuesday"": ""Open 24 hours"", ""Wednesday"": ""Open 24 hours"", ""Thursday"": ""Open 24 hours"", ""Friday"": ""Open 24 hours"", ""Saturday"": ""Open 24 hours""}",OPERATIONAL,,"https://www.google.com/maps/place/Dog+Park+at+Love%27s+Travel+Stops/@32.743353299999995,-97.7427869,14z/data=!4m8!1m2!2m1!1sDog+Park+at+Love%27s+Travel+Stops!3m4!1s0x864e03b9d1cba901:0x78756acfece19c4e!8m2!3d32.743353299999995!4d-97.7427869"
Boo Boo's Buddies Dog Park,https://www.experiencesouthlaketexas.com/429/Boo-Boos-Buddies-Dog-Park,+1 817-748-8019,"3901 N White Chapel Blvd, Southlake, TX 76092",Southlake,76092,Texas,32.9895978,-97.1531004,https://lh3.googleusercontent.com/gps-cs-s/AC9h4noDNMAkznZDy8D2NFYEg4957stJZTI9IMztQBujvuhx9k_QPP_52WEgV9G8j0r_3F6XKG5rqi0t2PZFAqZJvn0nRHIAeXECFweZSzZhIyCiBdgsVwn4l0IJSHKDBWuXphpVB5eo=w800-h500-k-no,"{""Sunday"": ""6AM-11PM"", ""Monday"": ""6AM-11PM"", ""Tuesday"": ""6AM-11PM"", ""Wednesday"": ""6AM-11PM"", ""Thursday"": ""6AM-11PM"", ""Friday"": ""6AM-11PM"", ""Saturday"": ""6AM-11PM""}",OPERATIONAL,,"https://www.google.com/maps/place/Boo+Boo%27s+Buddies+Dog+Park/@32.9895978,-97.1531004,14z/data=!4m8!1m2!2m1!1sBoo+Boo%27s+Buddies+Dog+Park!3m4!1s0x864dd3be8bd538cd:0x4ca7720c55680ea6!8m2!3d32.9895978!4d-97.1531004"
Dogtopia of Southlake,https://www.dogtopia.com/southlake/,+1 817-252-4086,"2225 W Southlake Blvd #459, Southlake, TX 76092",Southlake,76092,Texas,32.936378,-97.1848981,https://lh3.googleusercontent.com/p/AF1QipP3jMroCwwaBF46YXpuG-zJHESwvHd5GyD8hyRa=w800-h500-k-no,"{""Sunday"": ""2-4PM"", ""Monday"": ""7AM-7PM"", ""Tuesday"": ""7AM-7PM"", ""Wednesday"": ""7AM-7PM"", ""Thursday"": ""7AM-7PM"", ""Friday"": ""7AM-7PM"", ""Saturday"": ""9AM-5PM""}",OPERATIONAL,,"https://www.google.com/maps/place/Dogtopia+of+Southlake/@32.936378,-97.1848981,14z/data=!4m8!1m2!2m1!1sDogtopia+of+Southlake!3m4!1s0x864dd7f60e238931:0x9b35ba450d04fd93!8m2!3d32.936378!4d-97.1848981"
The Howliday Inn at Canyon Creek,http://thehowlidayinntx.wixsite.com/my-site,+1 817-456-9807,"1509 Canyon Creek Dr W, Azle, TX 76020",Azle,76020,Texas,32.8545978,-97.5298435,https://lh3.googleusercontent.com/gps-cs-s/AC9h4nqFaC4vjoWRh_WwoTelw6kCqZYo2C89FkZBy6Txv0uCMA1bUZOXBj2jK8II8i6Ypn48evsXUuO7TVdtbrbhGTkEVr9lwkD-wh2rijI38h7tBNOsxQ3jgsSMpqkOoKJ245mKzFSsBA=w800-h500-k-no,"{""Sunday"": ""Closed"", ""Monday"": ""8:30AM-6PM"", ""Tuesday"": ""8:30AM-6PM"", ""Wednesday"": ""8:30AM-6PM"", ""Thursday"": ""8:30AM-6PM"", ""Friday"": ""8:30AM-6PM"", ""Saturday"": ""8:30AM-6PM""}",OPERATIONAL,"The Howliday Inn at Canyon Creek is a small boarding facility at my home. We only have 8 kennels so all dogs receive lots of playtime and attention. They get out of their kennels about every 2-3 hours. We also don't up sale you on services like walks, treats, and individual attention - those things are all included.","https://www.google.com/maps/place/The+Howliday+Inn+at+Canyon+Creek/@32.8545978,-97.5298435,14z/data=!4m8!1m2!2m1!1sThe+Howliday+Inn+at+Canyon+Creek!3m4!1s0xabe0c22cd5891e1f:0x88425d5cef25ead5!8m2!3d32.8545978!4d-97.5298435"
Camp Bow Wow Grapevine Airport,https://www.campbowwow.com/grapevine-airport/,+1 817-697-7875,"1200 Texan Trail Suite 300, Grapevine, TX 76051",Grapevine,76051,Texas,32.9307921,-97.0613471,https://lh3.googleusercontent.com/p/AF1QipMZVqaOJK5S-jk6-h3kme-xWkLZLigI33lhPpQH=w800-h500-k-no,"{""Sunday"": ""8-11AM,4-7PM"", ""Monday"": ""7AM-7PM"", ""Tuesday"": ""7AM-7PM"", ""Wednesday"": ""7AM-7PM"", ""Thursday"": ""7AM-7PM"", ""Friday"": ""7AM-7PM"", ""Saturday"": ""8AM-7PM""}",OPERATIONAL,,"https://www.google.com/maps/place/Camp+Bow+Wow+Grapevine+Airport/@32.9307921,-97.06134709999999,14z/data=!4m8!1m2!2m1!1sCamp+Bow+Wow+Grapevine+Airport!3m4!1s0x864c2b5f5a0be4c5:0xc205493989cec9b!8m2!3d32.9307921!4d-97.06134709999999"
Ft. Woof Dog Park,http://www.fortwoof.org/,+1 817-392-5700,"751 Beach St, Fort Worth, TX 76111",Fort Worth,76111,Texas,32.7569546,-97.2821331,https://lh3.googleusercontent.com/gps-cs-s/AC9h4nqufc5VrFewgETqDMo44D7hHAGx4QHvfYb3G3c8WFUqaBsQ_ZsLfUF4bOXdPyDzXRQyFZVyBrsAkcTBus8N9rMQPZ1TPFPhwIIym0S-5uCW_tk5110OzcLP6ZUzCj3lay_iRl0=w800-h500-k-no,"{""Sunday"": ""5AM-10PM"", ""Monday"": ""5AM-10PM"", ""Tuesday"": ""5AM-10PM"", ""Wednesday"": ""5AM-10PM"", ""Thursday"": ""Closed"", ""Friday"": ""5AM-10PM"", ""Saturday"": ""5AM-10PM""}",OPERATIONAL,,"https://www.google.com/maps/place/Ft.+Woof+Dog+Park/@32.7569546,-97.2821331,14z/data=!4m8!1m2!2m1!1sFt.+Woof+Dog+Park!3m4!1s0x864e70be776affa7:0xc34252fd675c80d!8m2!3d32.7569546!4d-97.2821331"
Dogtopia of Fort Worth - Downtown,https://www.dogtopia.com/texas-fortworth-downtown/,+1 817-989-9680,"1109 Lamar St, Fort Worth, TX 76102",Fort Worth,76102,Texas,32.7475811,-97.3327788,https://lh3.googleusercontent.com/p/AF1QipNS_GnEqpCGTyC4gZ8fIHFTBKy89bcGbAyMpyoh=w800-h500-k-no,"{""Sunday"": ""2-4PM"", ""Monday"": ""6:30AM-7PM"", ""Tuesday"": ""6:30AM-7PM"", ""Wednesday"": ""6:30AM-7PM"", ""Thursday"": ""6:30AM-7PM"", ""Friday"": ""6:30AM-7PM"", ""Saturday"": ""9AM-5PM""}",OPERATIONAL,,"https://www.google.com/maps/place/Dogtopia+of+Fort+Worth+-+Downtown/@32.7475811,-97.3327788,14z/data=!4m8!1m2!2m1!1sDogtopia+of+Fort+Worth+-+Downtown!3m4!1s0x864e71ddac0c4eed:0xf37031c50bb7f6a9!8m2!3d32.7475811!4d-97.3327788"
Calhound Dog Park,https://www.fortworthtexas.gov/departments/parks/parks-and-trails/calhoun-park,,"405 E Annie St, Fort Worth, TX 76104",Fort Worth,76104,Texas,32.7386746,-97.3230596,https://lh3.googleusercontent.com/gps-cs-s/AC9h4nqilcAAlnuR3YXUzfzsMtjR9tM_f11o5qPUiAH3QkV_oH43cKuDSYb-z5ajF4vPHnEs7MBEwaowt1y7830G9FhT5xW77mcvrLYm4FzVGlWItf4mqFbM4FvJmLANgGD6CH6dvaQ_=w800-h500-k-no,"{""Sunday"": ""5AM-11:30PM"", ""Monday"": ""5AM-11:30PM"", ""Tuesday"": ""5AM-11:30PM"", ""Wednesday"": ""5AM-11:30PM"", ""Thursday"": ""5AM-11:30PM"", ""Friday"": ""5AM-11:30PM"", ""Saturday"": ""5AM-11:30PM""}",OPERATIONAL,,"https://www.google.com/maps/place/Calhound+Dog+Park/@32.738674599999996,-97.3230596,14z/data=!4m8!1m2!2m1!1sCalhound+Dog+Park!3m4!1s0x864e71fccc209595:0xd2ace7cd9dca902f!8m2!3d32.738674599999996!4d-97.3230596"
House of Wag,http://www.houseofwagdfw.com/,,"2912 Race St, Fort Worth, TX 76111",Fort Worth,76111,Texas,32.7729858,-97.3046187,https://lh3.googleusercontent.com/p/AF1QipN9db0EafsMjJiFxAtIbnaSnROvDy66n3RpXHaP=w800-h500-k-no,,OPERATIONAL,,"https://www.google.com/maps/place/House+of+Wag/@32.7729858,-97.30461869999999,14z/data=!4m8!1m2!2m1!1sHouse+of+Wag!3m4!1s0x864e70d45e993cef:0xed037dd581e6ef24!8m2!3d32.7729858!4d-97.30461869999999"
Bark Park at First Flight,https://www.fortworthtexas.gov/departments/parks/services/dog-parks/bark-park-first-flight,,"2712 Mercedes Ave, Fort Worth, TX 76107",Fort Worth,76107,Texas,32.7547679,-97.3555145,https://lh3.googleusercontent.com/gps-cs-s/AC9h4npfBcIeSnTGtJXxfgF4mEZZP4Vt7FGHTIIfygdouhdwm2sbmGzdr-FYjKnpzk2gp9fc07LU8nppWJbSaTJvFUMIdpVgBynAp7Wbv4lLQI8GciBNDf9NyZQsDyTpTpPCF4kSXJzIIw=w800-h500-k-no,"{""Sunday"": ""5:30AM-11PM"", ""Monday"": ""11AM-11PM"", ""Tuesday"": ""5:30AM-11PM"", ""Wednesday"": ""5:30AM-11PM"", ""Thursday"": ""5:30AM-11PM"", ""Friday"": ""5:30AM-11PM"", ""Saturday"": ""5:30AM-11PM""}",OPERATIONAL,,"https://www.google.com/maps/place/Bark+Park+at+First+Flight/@32.7547679,-97.3555145,14z/data=!4m8!1m2!2m1!1sBark+Park+at+First+Flight!3m4!1s0x864e734eb1b29a4f:0xb79df7936e84bd7!8m2!3d32.7547679!4d-97.3555145"
The Parc Express,https://theparcvet.com/parc-grand-resort,+1 817-731-3733,"3201 Hulen St, Fort Worth, TX 76107",Fort Worth,76107,Texas,32.728767,-97.3875772,https://streetviewpixels-pa.googleapis.com/v1/thumbnail?panoid=hPghmHWKs3CRF0fFgx5gXA&cb_client=search.gws-prod.gps&w=800&h=500&yaw=171.16034&pitch=0&thumbfov=100,,OPERATIONAL,,"https://www.google.com/maps/place/The+Parc+Express/@32.728767,-97.3875772,14z/data=!4m8!1m2!2m1!1sThe+Parc+Express!3m4!1s0x864e73acf665e8ed:0xb210aa2fb7a96f40!8m2!3d32.728767!4d-97.3875772"
Llano Springs Dog Park,,,"True Vine Rd, Fort Worth, TX 76123",Fort Worth,76123,Texas,32.6207832,-97.41966,https://lh3.googleusercontent.com/gps-cs-s/AC9h4nqcl3fE67yjwlazG-uXVwC60-zQMlP8Fw_JwnvThSnMsrnpFv43zNfIrgMkOFMAN-qxG97kSVof3e6Xd09bXBY6t7fv8KKpjrVp7HRaz2lRfdoXtilfDEDcmQB1CZUpqWSAnBuXkg=w800-h500-k-no,"{""Sunday"": ""Open 24 hours"", ""Monday"": ""Open 24 hours"", ""Tuesday"": ""Open 24 hours"", ""Wednesday"": ""Open 24 hours"", ""Thursday"": ""Open 24 hours"", ""Friday"": ""Open 24 hours"", ""Saturday"": ""Open 24 hours""}",OPERATIONAL,,"https://www.google.com/maps/place/Llano+Springs+Dog+Park/@32.6207832,-97.41966,14z/data=!4m8!1m2!2m1!1sLlano+Springs+Dog+Park!3m4!1s0x864e6d5ea66ca835:0x25ea88df753e6ab4!8m2!3d32.6207832!4d-97.41966"
Dogtopia of Fort Worth - City View,https://www.dogtopia.com/texas-fortworth-cityview/,+1 817-886-4333,"4608 Bryant Irvin Rd # 404, Fort Worth, TX 76132",Fort Worth,76132,Texas,32.68158,-97.4154523,https://lh3.googleusercontent.com/p/AF1QipPij63yWiseIY_WX6VazLUdBAnx8IoStn5ULStn=w800-h500-k-no,"{""Sunday"": ""10AM-2PM"", ""Monday"": ""6:30AM-8PM"", ""Tuesday"": ""6:30AM-8PM"", ""Wednesday"": ""6:30AM-8PM"", ""Thursday"": ""6:30AM-8PM"", ""Friday"": ""6:30AM-8PM"", ""Saturday"": ""9AM-5PM""}",OPERATIONAL,,"https://www.google.com/maps/place/Dogtopia+of+Fort+Worth+-+City+View/@32.68158,-97.4154523,14z/data=!4m8!1m2!2m1!1sDogtopia+of+Fort+Worth+-+City+View!3m4!1s0x864e732399a23909:0xbfc7565b9d22710c!8m2!3d32.68158!4d-97.4154523"
Naval Air Station Joint Reserve Base Fort Worth,https://www.cnic.navy.mil/fortworth/,,"Coody Dr, Westworth Village, TX 76114",Westworth Village,76114,Texas,32.765145,-97.4211979,https://lh3.googleusercontent.com/gps-cs-s/AC9h4npKSrgzxQp9j4Y6QV32O7G_7ZiegaCxrinLOOWmQOTG0xZqecRVwywUo2N9d6ChwvygL2HkKiBmpQwMzZn7W6Xt1s37LFLpKRmDmwgvK51lTalfi8jCi4TGlJXtzFv8ylSYNFpc=w800-h500-k-no,"{""Sunday"": ""Open 24 hours"", ""Monday"": ""Open 24 hours"", ""Tuesday"": ""Open 24 hours"", ""Wednesday"": ""Open 24 hours"", ""Thursday"": ""Open 24 hours"", ""Friday"": ""Open 24 hours"", ""Saturday"": ""Open 24 hours""}",OPERATIONAL,,"https://www.google.com/maps/place/Naval+Air+Station+Joint+Reserve+Base+Fort+Worth/@32.765145,-97.4211979,14z/data=!4m8!1m2!2m1!1sNaval+Air+Station+Joint+Reserve+Base+Fort+Worth!3m4!1s0x864e732d43c6f005:0xd7a4acbe0f6d9f7e!8m2!3d32.765145!4d-97.4211979"
San Angelo Dog Park,https://www.cosatx.us/departments-services/parks/dog-park,+1 325-657-4279,"3215 Millbrook Dr, San Angelo, TX 76904",San Angelo,76904,Texas,31.432164,-100.4824454,https://lh3.googleusercontent.com/p/AF1QipNuCEvv9a7lMGFu30dV2LCesDLN1JpA0_c0_8m3=w800-h500-k-no,"{""Sunday"": ""7AM-8:30PM"", ""Monday"": ""7AM-8:30PM"", ""Tuesday"": ""7AM-8:30PM"", ""Wednesday"": ""7AM-8:30PM"", ""Thursday"": ""7AM-8:30PM"", ""Friday"": ""7AM-8:30PM"", ""Saturday"": ""7AM-8:30PM""}",OPERATIONAL,"The dog park features:

Walkways
Drinking fountains
Benches
Tables
Trash cans
Doggie bag dispensers
Signage
Obstacles
Trees
Drip irrigation","https://www.google.com/maps/place/San+Angelo+Dog+Park/@31.432164,-100.48244539999999,14z/data=!4m8!1m2!2m1!1sSan+Angelo+Dog+Park!3m4!1s0x8657e5ac14fa8c2d:0xa44c2e896458ee22!8m2!3d31.432164!4d-100.48244539999999"
Lindale Dog Park,https://www.galvestontx.gov/Facilities/Facility/Details/Lindale-Dog-Park-23,,"Galveston, TX 77550",Galveston,77550,Texas,29.3174756,-94.7733319,https://lh3.googleusercontent.com/gps-cs-s/AC9h4nomQ0Y-BHxZao40fQ-LQ5HdpZqUPesIVifyWMTUIa7qfECVh22NZPAyQ3jhy8l3lfjnGSte-qkOgAMksNyVSmFdBRIntnPoAycrXRjnhV5L4slmLaKspV3tKflyhSPfQE39G_s=w800-h500-k-no,,OPERATIONAL,,"https://www.google.com/maps/place/Lindale+Dog+Park/@29.317475599999998,-94.7733319,14z/data=!4m8!1m2!2m1!1sLindale+Dog+Park!3m4!1s0x863f9ff0167056a9:0xabfb2434f8e12d28!8m2!3d29.317475599999998!4d-94.7733319"
Quality Inn Ozona I-10,https://www.choicehotels.com/texas/ozona/quality-inn-hotels/tx303?mc=llgoxxpx,+1 325-308-5674,"1307 Ave A Building B, Ozona, TX 76943",Ozona,76943,Texas,30.7065119,-101.1964271,https://lh3.googleusercontent.com/p/AF1QipPS-iTYSTGOxsOuH5eLe2kxO4xoi8185YpuJOX6=w800-h500-k-no,,OPERATIONAL,Down-to-earth rooms in a modest hotel offering a seasonal outdoor pool & a fitness room.,"https://www.google.com/maps/place/Quality+Inn+Ozona+I-10/@30.7065119,-101.1964271,14z/data=!4m8!1m2!2m1!1sQuality+Inn+Ozona+I-10!3m4!1s0x86f7a3729709d1db:0x54444c11c4b92f70!8m2!3d30.7065119!4d-101.1964271"
Dog Park at Love's Travel Stops,https://www.loves.com/dogparks,+1 325-387-2768,"3880 Loop 467, Sonora, TX 76950",Sonora,76950,Texas,30.5706178,-100.585457,https://lh3.googleusercontent.com/gps-cs-s/AC9h4nq4v6SdSlIhnxl_wzqY_evl4v1WUVfsW2ibpZG10ErC7k9PonaDEs0BItb-8hcjZFplK2zOUZG4XmDUfqGCnfD1pmDYq95h7IUBcOzvaq2zTrtSHt-meGs5nkhoU8gaGh29ZGpe=w800-h500-k-no,"{""Sunday"": ""Open 24 hours"", ""Monday"": ""Open 24 hours"", ""Tuesday"": ""Open 24 hours"", ""Wednesday"": ""Open 24 hours"", ""Thursday"": ""Open 24 hours"", ""Friday"": ""Open 24 hours"", ""Saturday"": ""Open 24 hours""}",OPERATIONAL,,"https://www.google.com/maps/place/Dog+Park+at+Love%27s+Travel+Stops/@30.570617799999997,-100.58545699999999,14z/data=!4m8!1m2!2m1!1sDog+Park+at+Love%27s+Travel+Stops!3m4!1s0x865879504864f92f:0x7bf301101487b8d3!8m2!3d30.570617799999997!4d-100.58545699999999"
Dig It Dog Park (Private Park),https://fairviewtexas.org/services/parks-and-recreation.html,,"220 Convention Dr, Fairview, TX 75069",Fairview,75069,Texas,33.1356037,-96.6506035,,,OPERATIONAL,,"https://www.google.com/maps/place/Dig+It+Dog+Park+%28Private+Park%29/@33.1356037,-96.6506035,14z/data=!4m8!1m2!2m1!1sDig+It+Dog+Park+%28Private+Park%29!3m4!1s0x864c114058ae21b3:0xa13cb6fd5cf3f3c4!8m2!3d33.1356037!4d-96.6506035"
West Webster Park,,,"1913 Gillette St, Houston, TX 77006",Houston,77006,Texas,29.7517325,-95.3826671,https://lh3.googleusercontent.com/gps-cs-s/AC9h4nruJvwwdJzqI9eNG3QkWrDju-l_3_hULlO9c1XrTJ-livqkT0hcIhUhtOZh-v1fBMdMuxNUKZF3wFlNwTMsANiAKJtakbN6buoryXhYRs2yETWAvahYlxNP1xdpWFUKzQW1WPz3LA=w800-h500-k-no,"{""Sunday"": ""Open 24 hours"", ""Monday"": ""Open 24 hours"", ""Tuesday"": ""Open 24 hours"", ""Wednesday"": ""Open 24 hours"", ""Thursday"": ""Open 24 hours"", ""Friday"": ""Open 24 hours"", ""Saturday"": ""Open 24 hours""}",OPERATIONAL,"Redeveloped 5,000-square-foot off-leash dog park with benches, water fountains & a wash area.","https://www.google.com/maps/place/West+Webster+Park/@29.7517325,-95.38266709999999,14z/data=!4m8!1m2!2m1!1sWest+Webster+Park!3m4!1s0x8640bf42d9faf975:0x354ab0fcf4b6775c!8m2!3d29.7517325!4d-95.38266709999999"
Houston Bark Park and Daycare,http://www.houstonbarkpark.com/,+1 713-864-2771,"4905 Maxie St, Houston, TX 77007",Houston,77007,Texas,29.7738927,-95.4112994,https://lh3.googleusercontent.com/gps-cs-s/AC9h4noz_21qVxGsUTdTb_rk1Qucm82tCaNEEwUCzqXtkcDgEBDA92f2kjZLitinf2uU2RcAF5UfA9cB76dZjJ07dt0SL-jAuF-_uZ1feIHzPK47964A2YGGND9dhNgQhlKAVQyzjnuRRQ=w800-h500-k-no,"{""Sunday"": ""8AM-6PM"", ""Monday"": ""7AM-7PM"", ""Tuesday"": ""7AM-7PM"", ""Wednesday"": ""7AM-7PM"", ""Thursday"": ""7AM-7PM"", ""Friday"": ""7AM-7PM"", ""Saturday"": ""8AM-6PM""}",OPERATIONAL,,"https://www.google.com/maps/place/Houston+Bark+Park+and+Daycare/@29.773892699999998,-95.41129939999999,14z/data=!4m8!1m2!2m1!1sHouston+Bark+Park+and+Daycare!3m4!1s0x8640c74b753ef55b:0xe461dc526bb9fcf6!8m2!3d29.773892699999998!4d-95.41129939999999"
Discovery Green Dog Run,https://www.discoverygreen.com/attraction/dog-runs/,,"Brown Promenade, Houston, TX 77010",Houston,77010,Texas,29.7533352,-95.3605691,https://lh3.googleusercontent.com/gps-cs-s/AC9h4noKj4tP_GVQkVkQdFNNk87wycGW_zdu8wlH9aunLOeNWO9ykFEVuPoUB3mNZssrPEYR428s1HXishSktBeGhWlC57VgoxKjkoa6CY8KqNpzCjVfjP9HX0nkZkMOBSe3-LV3kCEgvA=w800-h500-k-no,"{""Sunday"": ""6AM-9PM"", ""Monday"": ""6AM-9PM"", ""Tuesday"": ""6AM-9PM"", ""Wednesday"": ""6AM-9PM"", ""Thursday"": ""6AM-9PM"", ""Friday"": ""6AM-9PM"", ""Saturday"": ""6AM-9PM""}",OPERATIONAL,,"https://www.google.com/maps/place/Discovery+Green+Dog+Run/@29.7533352,-95.36056909999999,14z/data=!4m8!1m2!2m1!1sDiscovery+Green+Dog+Run!3m4!1s0x8640bf2304a0a427:0x2d36ecfa4f0b2099!8m2!3d29.7533352!4d-95.36056909999999"
Market Square Dog Run,,+1 713-650-3022,"301 Milam St, Houston, TX 77002",Houston,77002,Texas,29.7629184,-95.3625648,https://lh3.googleusercontent.com/gps-cs-s/AC9h4npdzIGCkOCc7s9F33J-Wpv-71jP2Y2wzwXuydFW4Ltaw24jcPkIDGqhBWeugEYUoknWeIQRPL3T72_AEYBxQsOOLMlZab4vybKBPrlkYq8stvximPZyI22k6Xk1R5D5_4fe0mQo=w800-h500-k-no,"{""Sunday"": ""6AM-11:01PM"", ""Monday"": ""6AM-11:01PM"", ""Tuesday"": ""6AM-11:01PM"", ""Wednesday"": ""6AM-11:01PM"", ""Thursday"": ""6AM-11:01PM"", ""Friday"": ""6AM-11:01PM"", ""Saturday"": ""6AM-11:01PM""}",OPERATIONAL,,"https://www.google.com/maps/place/Market+Square+Dog+Run/@29.7629184,-95.3625648,14z/data=!4m8!1m2!2m1!1sMarket+Square+Dog+Run!3m4!1s0x8640bf2fe6a709c9:0x68271293934e77b4!8m2!3d29.7629184!4d-95.3625648"
The Dog Bar,http://thedogbarhtx.com/,+1 832-304-3277,"2404 Montrose Blvd #1, Houston, TX 77006",Houston,77006,Texas,29.7478074,-95.3923641,https://lh3.googleusercontent.com/gps-cs-s/AC9h4nqHP9m-LAJiGKG2zrtOQnmoM0rAJ5l801wjCAj4feKfeqpnHxFQXeFCtyGmhByZfxBpxDoreKUDV3QCiIt5I84PVOuymX7CBHepQTYZRDZ2xD2dTdp0_NaIB_7DW4BJtenvb7s-2A=w800-h500-k-no,"{""Sunday"": ""1-7PM"", ""Monday"": ""Closed"", ""Tuesday"": ""Closed"", ""Wednesday"": ""Closed"", ""Thursday"": ""Closed"", ""Friday"": ""3-6PM"", ""Saturday"": ""1-8PM""}",OPERATIONAL,,"https://www.google.com/maps/place/The+Dog+Bar/@29.7478074,-95.3923641,14z/data=!4m8!1m2!2m1!1sThe+Dog+Bar!3m4!1s0x8640bf5e22a02dd7:0x6d6c55a9e37569d5!8m2!3d29.7478074!4d-95.3923641"
Unleashed Retreat,http://unleashedretreat.com/,+1 713-485-6820,"750 Congress St, Houston, TX 77002",Houston,77002,Texas,29.7635357,-95.3630992,https://lh3.googleusercontent.com/p/AF1QipMXYq69shCJY9vbIPNbSXrQaxn-X-PqByR5ia39=w800-h500-k-no,"{""Sunday"": ""1-5PM"", ""Monday"": ""7AM-7PM"", ""Tuesday"": ""7AM-7PM"", ""Wednesday"": ""7AM-7PM"", ""Thursday"": ""7AM-7PM"", ""Friday"": ""7AM-7PM"", ""Saturday"": ""9AM-5PM""}",OPERATIONAL,,"https://www.google.com/maps/place/Unleashed+Retreat/@29.7635357,-95.3630992,14z/data=!4m8!1m2!2m1!1sUnleashed+Retreat!3m4!1s0x8640bfa3fdd418fb:0x2da041f4bfa428!8m2!3d29.7635357!4d-95.3630992"
EaDog Park,,,"2216 Polk St, Houston, TX 77003",Houston,77003,Texas,29.7476268,-95.3558112,https://lh3.googleusercontent.com/gps-cs-s/AC9h4nqRZs_Gy0asw9UF4cz5bJ6dL-kojPfvaIks5jEFds91Fuuhvx_LYMckv27_l1tzHQwePECgaPM6XkK4y9s0Hn8RvnQgv1uFZq120HRgf-b368RmXnBc-wWh8nDQSiK3dtj8fT4=w800-h500-k-no,"{""Sunday"": ""7AM-8PM"", ""Monday"": ""7AM-8PM"", ""Tuesday"": ""7AM-8PM"", ""Wednesday"": ""7AM-8PM"", ""Thursday"": ""7AM-8PM"", ""Friday"": ""7AM-8PM"", ""Saturday"": ""7AM-8PM""}",OPERATIONAL,,"https://www.google.com/maps/place/EaDog+Park/@29.7476268,-95.35581119999999,14z/data=!4m8!1m2!2m1!1sEaDog+Park!3m4!1s0x8640bf1f1d9a4803:0x2918d13cb521fea5!8m2!3d29.7476268!4d-95.35581119999999"
Ervan Chew Dog Park,https://www.houstontx.gov/parks/dogparks.html,+1 832-395-7000,"4502 Dunlavy St, Houston, TX 77006",Houston,77006,Texas,29.732712,-95.4023052,https://lh3.googleusercontent.com/gps-cs-s/AC9h4nrnzPieecxWx42OxpWL0B2wa_S4NKAAfQVZcE0k-UziFAoL7RroAxkQ2_E8N1tB0VOcMfX4z0IBhofl3vS5McN77Il5V_XjwQ2DTESJIjhFD2kZ2mdkuWO-csfZGqW59OXUmhKZtA=w800-h500-k-no,"{""Sunday"": ""6AM-9PM"", ""Monday"": ""6AM-9PM"", ""Tuesday"": ""6AM-9PM"", ""Wednesday"": ""6AM-9PM"", ""Thursday"": ""6AM-9PM"", ""Friday"": ""6AM-9PM"", ""Saturday"": ""6AM-9PM""}",OPERATIONAL,"Fenced-off 9,000-square foot dog area with benches in a neighborhood park next to the picnic area.","https://www.google.com/maps/place/Ervan+Chew+Dog+Park/@29.732712,-95.4023052,14z/data=!4m8!1m2!2m1!1sErvan+Chew+Dog+Park!3m4!1s0x8640c085b9a4e235:0x95bb240e72a91ef1!8m2!3d29.732712!4d-95.4023052"
Wag'n World,http://www.wagnworld.com/,+1 713-496-3596,"1616 Montrose Blvd, Houston, TX 77006",Houston,77006,Texas,29.752758,-95.3924059,https://lh3.googleusercontent.com/p/AF1QipO4KdWutlDweXsTNapkW4wlzjD_b6g9v92EYArb=w800-h500-k-no,"{""Sunday"": ""2-6PM"", ""Monday"": ""6:30AM-7PM"", ""Tuesday"": ""6:30AM-7PM"", ""Wednesday"": ""6:30AM-7PM"", ""Thursday"": ""6:30AM-7PM"", ""Friday"": ""6:30AM-7PM"", ""Saturday"": ""9AM-5PM""}",OPERATIONAL,,"https://www.google.com/maps/place/Wag%27n+World/@29.752758,-95.3924059,14z/data=!4m8!1m2!2m1!1sWag%27n+World!3m4!1s0x8640bf58a115212b:0x240bcd7c39f1dca8!8m2!3d29.752758!4d-95.3924059"
West Webster Dog Park,https://www.bringfido.com/attraction/3776,,"1913 Gillette St, Houston, TX 77006",Houston,77006,Texas,29.7517359,-95.3828019,https://lh3.googleusercontent.com/gps-cs-s/AC9h4npIjCr_8gnBkTPdXeQXQNey9P2w3TGQKNiNkt13uIpbpIZ6Kx5C7uGOmeqQsQ0OzDy0Hf-eW9T0d5o319rdPggggMFpkV04K7dZJfrdAGHx-YJcaLTRBCbsTiG9bjXBsSM3xPg=w800-h500-k-no,"{""Sunday"": ""Open 24 hours"", ""Monday"": ""Open 24 hours"", ""Tuesday"": ""Open 24 hours"", ""Wednesday"": ""Open 24 hours"", ""Thursday"": ""Open 24 hours"", ""Friday"": ""Open 24 hours"", ""Saturday"": ""Open 24 hours""}",OPERATIONAL,,"https://www.google.com/maps/place/West+Webster+Dog+Park/@29.7517359,-95.38280189999999,14z/data=!4m8!1m2!2m1!1sWest+Webster+Dog+Park!3m4!1s0x8640bf000888a4b9:0xfb82482a76820e94!8m2!3d29.7517359!4d-95.38280189999999"
McWilliams Dog Park,https://www.hermannpark.org/plans-projects/hermann-park-dog-park/,,"1598 S MacGregor Way, Houston, TX 77030",Houston,77030,Texas,29.7088892,-95.3871162,https://lh3.googleusercontent.com/gps-cs-s/AC9h4nq3A3B7zMfn1wh9Do1QtYUG0rEk_Y-m1eYJTDu70KYetyj97Og_Nt09IRbt0SfRG3KoFew0PN9EC3Surdg0H_o5630JwXH9FUAnOxKgcg2k130wu6FPtLXYF4SrpFa1mH_84Ba9Ng=w800-h500-k-no,"{""Sunday"": ""6AM-11PM"", ""Monday"": ""Closed"", ""Tuesday"": ""6AM-11PM"", ""Wednesday"": ""6AM-11PM"", ""Thursday"": ""6AM-11PM"", ""Friday"": ""6AM-11PM"", ""Saturday"": ""6AM-11PM""}",OPERATIONAL,,"https://www.google.com/maps/place/McWilliams+Dog+Park/@29.708889199999998,-95.3871162,14z/data=!4m8!1m2!2m1!1sMcWilliams+Dog+Park!3m4!1s0x8640bfc1cb62f665:0x39c6b60d79a6d3b0!8m2!3d29.708889199999998!4d-95.3871162"
Johnny Steele Dog Park,http://buffalobayou.org/visit/destination/buffalo-bayou-park/#dog-park,+1 713-752-0314,"2929 Allen Pkwy, Houston, TX 77019",Houston,77019,Texas,29.7619685,-95.3937693,https://lh3.googleusercontent.com/gps-cs-s/AC9h4npEljZofmHOs7FAoxb3U7UGP23i_ywhovSdFusvIMOs4t3K5U7jryYnMI3s435KbtDmFvNZ8p3W7OZWaShx-bFMUkSAzpXAkAHj3koAKxbk6QXiVMnPBHTXDwlNyX2Tu49VyT8X=w800-h500-k-no,"{""Sunday"": ""7AM-8PM"", ""Monday"": ""7AM-8PM"", ""Tuesday"": ""7AM-8PM"", ""Wednesday"": ""7AM-8PM"", ""Thursday"": ""7AM-8PM"", ""Friday"": ""7AM-8PM"", ""Saturday"": ""7AM-8PM""}",OPERATIONAL,"Dog park with shade structures, dog washing areas & drinking fountains with spigots for dogs.","https://www.google.com/maps/place/Johnny+Steele+Dog+Park/@29.7619685,-95.3937693,14z/data=!4m8!1m2!2m1!1sJohnny+Steele+Dog+Park!3m4!1s0x8640c0a89aef9841:0x301e577f2dd25b52!8m2!3d29.7619685!4d-95.3937693"
The Pooch Pad,http://www.thepoochpad.com/,+1 713-529-6000,"2912 Bagby St, Houston, TX 77006",Houston,77006,Texas,29.7462665,-95.3813243,https://lh3.googleusercontent.com/p/AF1QipNBIoJppfCPryjFTorpe6G57Ag5XjBeuHDD860R=w800-h500-k-no,"{""Sunday"": ""5-6PM"", ""Monday"": ""6:30AM-7PM"", ""Tuesday"": ""6:30AM-7PM"", ""Wednesday"": ""6:30AM-7PM"", ""Thursday"": ""6:30AM-7PM"", ""Friday"": ""6:30AM-7PM"", ""Saturday"": ""9AM-5PM""}",OPERATIONAL,,"https://www.google.com/maps/place/The+Pooch+Pad/@29.746266499999997,-95.38132429999999,14z/data=!4m8!1m2!2m1!1sThe+Pooch+Pad!3m4!1s0x8640bf68f88c1beb:0x905341a7c16168a4!8m2!3d29.746266499999997!4d-95.38132429999999"
The Best Little Dog House In Texas,https://www.thebestlittledoghouseintexas.com/,+1 713-533-1117,"902 Fairview St, Houston, TX 77006",Houston,77006,Texas,29.7481938,-95.3907226,https://lh3.googleusercontent.com/gps-cs-s/AC9h4np7iVHPwmMdYMqzyedrSCFX_uvz_g0fuAoNuFziFIAWfB9IHyqsI3ORk7qzHOqePrQxDAcCO6lSCcoPBvMSNsgUfls0atFbxHrCXgdTJIKZQJOPumZ_yvixdpxYJbv-cRCp8zXY=w800-h500-k-no,"{""Sunday"": ""11AM-5PM"", ""Monday"": ""7AM-7PM"", ""Tuesday"": ""7AM-7PM"", ""Wednesday"": ""7AM-7PM"", ""Thursday"": ""7AM-7PM"", ""Friday"": ""7AM-7PM"", ""Saturday"": ""9AM-5PM""}",OPERATIONAL,,"https://www.google.com/maps/place/The+Best+Little+Dog+House+In+Texas/@29.7481938,-95.39072259999999,14z/data=!4m8!1m2!2m1!1sThe+Best+Little+Dog+House+In+Texas!3m4!1s0x8640bf5eb8caa57f:0x24d5df96122846dc!8m2!3d29.7481938!4d-95.39072259999999"
Yuppie Dog,https://www.yuppiedog.com/,+1 713-426-5700,"2203 Durham Dr, Houston, TX 77007",Houston,77007,Texas,29.7794464,-95.4110735,https://lh3.googleusercontent.com/p/AF1QipPODVipfQo_jUjVGaYr1ZtYseKf3ktNO-1KHEuA=w800-h500-k-no,"{""Sunday"": ""9AM-12PM"", ""Monday"": ""6:30AM-1PM,2-7PM"", ""Tuesday"": ""6:30AM-1PM,2-7PM"", ""Wednesday"": ""6:30AM-1PM,2-7PM"", ""Thursday"": ""6:30AM-1PM,2-7PM"", ""Friday"": ""6:30AM-1PM,2-7PM"", ""Saturday"": ""9AM-4PM""}",OPERATIONAL,,"https://www.google.com/maps/place/Yuppie+Dog/@29.779446399999998,-95.4110735,14z/data=!4m8!1m2!2m1!1sYuppie+Dog!3m4!1s0x8640c7491f52e4dd:0x6ec4f88267a76f34!8m2!3d29.779446399999998!4d-95.4110735"
Houston Bark Park and Daycare,http://www.houstonbarkpark.com/,+1 281-888-1428,"710 W 27th St, Houston, TX 77008",Houston,77008,Texas,29.8107185,-95.4107786,https://lh3.googleusercontent.com/p/AF1QipPxvvu-GEI-tf1iENL4L92QzSHX8qpU5Ws25Ay1=w800-h500-k-no,"{""Sunday"": ""Closed"", ""Monday"": ""7AM-7PM"", ""Tuesday"": ""7AM-7PM"", ""Wednesday"": ""7AM-7PM"", ""Thursday"": ""7AM-7PM"", ""Friday"": ""7AM-7PM"", ""Saturday"": ""8AM-6PM""}",OPERATIONAL,,"https://www.google.com/maps/place/Houston+Bark+Park+and+Daycare/@29.8107185,-95.4107786,14z/data=!4m8!1m2!2m1!1sHouston+Bark+Park+and+Daycare!3m4!1s0x8640c773ec957099:0x4c0b21af86fb5dcb!8m2!3d29.8107185!4d-95.4107786"
Wag'n World,https://www.wagnworld.com/,+1 832-699-3399,"1616 W 22nd St, Houston, TX 77008",Houston,77008,Texas,29.805342,-95.4283632,https://lh3.googleusercontent.com/p/AF1QipMy6CawUEOOAIZpoibdZ-pej7G9BaBPNZS73mes=w800-h500-k-no,"{""Sunday"": ""2-6PM"", ""Monday"": ""6:30AM-7PM"", ""Tuesday"": ""6:30AM-7PM"", ""Wednesday"": ""6:30AM-7PM"", ""Thursday"": ""6:30AM-7PM"", ""Friday"": ""6:30AM-7PM"", ""Saturday"": ""9AM-5PM""}",OPERATIONAL,,"https://www.google.com/maps/place/Wag%27n+World/@29.805342,-95.42836319999999,14z/data=!4m8!1m2!2m1!1sWag%27n+World!3m4!1s0x8640c7f146764c77:0x60bfc113756609f3!8m2!3d29.805342!4d-95.42836319999999"
Love For Dogs,http://lovefordogstx.com/,+1 713-637-4979,"5701 Irvington Blvd, Houston, TX 77009",Houston,77009,Texas,29.8111326,-95.3616172,https://lh3.googleusercontent.com/p/AF1QipMADC-ILcwDblcaF2NNjAknymC3GMlA_7QYXPrF=w800-h500-k-no,"{""Sunday"": ""Closed"", ""Monday"": ""7AM-7PM"", ""Tuesday"": ""7AM-7PM"", ""Wednesday"": ""7AM-7PM"", ""Thursday"": ""7AM-7PM"", ""Friday"": ""7AM-7PM"", ""Saturday"": ""9AM-4PM""}",OPERATIONAL,,"https://www.google.com/maps/place/Love+For+Dogs/@29.811132599999997,-95.3616172,14z/data=!4m8!1m2!2m1!1sLove+For+Dogs!3m4!1s0x8640b97ca4d0a81d:0x5ba053b49d13d3dd!8m2!3d29.811132599999997!4d-95.3616172"
TC Jester Dog Park,http://www.houstontx.gov/parks/dogparks.html,+1 832-395-7000,"4201 T C Jester Blvd, Houston, TX 77018",Houston,77018,Texas,29.8258082,-95.4553684,https://lh3.googleusercontent.com/gps-cs-s/AC9h4nrjls0djBvNgtv0idkI96pGuyygZAO5mr6m6m9JoAEM8OWs6bEfrcI6f_yF5AvUgudUshqwzPac_VOP7HqrYx-PCducnMLPPcVdKFNtcunjtMZdRJLO1DQ6PJWODP3W4K1h7fm-gA=w800-h500-k-no,"{""Sunday"": ""6AM-8PM"", ""Monday"": ""6AM-8PM"", ""Tuesday"": ""6AM-8PM"", ""Wednesday"": ""6AM-8PM"", ""Thursday"": ""6AM-8PM"", ""Friday"": ""6AM-8PM"", ""Saturday"": ""6AM-8PM""}",OPERATIONAL,"Large fenced dog park featuring areas for both big & small dogs, as well as dog drinking fountains.","https://www.google.com/maps/place/TC+Jester+Dog+Park/@29.825808199999997,-95.4553684,14z/data=!4m8!1m2!2m1!1sTC+Jester+Dog+Park!3m4!1s0x8640c65d3d17820f:0x6fec23a7691eae4a!8m2!3d29.825808199999997!4d-95.4553684"
Maxey Park,http://www.houstontx.gov/parks/dogparks.html,+1 713-837-0311,"601 Maxey Rd, Houston, TX 77013",Houston,77013,Texas,29.7810553,-95.2168807,https://lh3.googleusercontent.com/gps-cs-s/AC9h4nq3hLtlVwW__kwioYbTeIkbDKX0vd7sH0NAPuKPsiGzOKefN3Wyes19MyhWT5l9zYbZaYz1VLp2ZF1srPBP0V0BUUTIiKJ4taxpQH72t_5b0SuHi1aA3WSZav74aDf77YIkLD_ofqvgQhs=w800-h500-k-no,"{""Sunday"": ""7AM-9PM"", ""Monday"": ""6:30AM-8:30PM"", ""Tuesday"": ""6:30AM-8:30PM"", ""Wednesday"": ""6:30AM-8:30PM"", ""Thursday"": ""6:30AM-8:30PM"", ""Friday"": ""6:30AM-8:30PM"", ""Saturday"": ""6:30AM-8:30PM""}",OPERATIONAL,"13-acre park featuring off-leash areas for small & large dogs, pet showers & drinking fountains.","https://www.google.com/maps/place/Maxey+Park/@29.7810553,-95.21688069999999,14z/data=!4m8!1m2!2m1!1sMaxey+Park!3m4!1s0x8640a4a88be55ff5:0xd99e27ac8e105cf7!8m2!3d29.7810553!4d-95.21688069999999"
Cutten Green Dog Park,,,"Houston, TX 77066",Houston,77066,Texas,29.9497152,-95.5196157,https://lh3.googleusercontent.com/gps-cs-s/AC9h4npg6np5bnP3HxrIB-BG31euxhuj-ywf0ehbu_WxESzCkuCjbtehu85GIlXuPa3hp7WKwzORDqtEI0H3n_Ho4cTA6ISFxcl-I6HijeT3ZZDKCft61CeWbWkbh3SbAKbMgbBHq1U=w800-h500-k-no,,OPERATIONAL,,"https://www.google.com/maps/place/Cutten+Green+Dog+Park/@29.9497152,-95.51961569999999,14z/data=!4m8!1m2!2m1!1sCutten+Green+Dog+Park!3m4!1s0x8640cfa696e7cc09:0xf00dd3494a7c4ac9!8m2!3d29.9497152!4d-95.51961569999999"
Jody Miller Dog Park,,,"5399-5379 Hansford Ave, Houston, TX 77023",Houston,77023,Texas,29.7154931,-95.3240919,https://lh3.googleusercontent.com/gps-cs-s/AC9h4npHomac0VPOW9b-tsMrgqnoAMB_FyHgYq1icQH1uuUg5KBzUWYbKjaFLFUEJu91spIEcvPWluCuFEe1EMSEI_YrCIr58IV4FaXT4Irs_ouv5khqqYGSNHNqH-yTUVFDh3BT3VBTWA=w800-h500-k-no,"{""Sunday"": ""Open 24 hours"", ""Monday"": ""Open 24 hours"", ""Tuesday"": ""Open 24 hours"", ""Wednesday"": ""Open 24 hours"", ""Thursday"": ""Open 24 hours"", ""Friday"": ""Closed"", ""Saturday"": ""Open 24 hours""}",OPERATIONAL,,"https://www.google.com/maps/place/Jody+Miller+Dog+Park/@29.7154931,-95.3240919,14z/data=!4m8!1m2!2m1!1sJody+Miller+Dog+Park!3m4!1s0x8640bf6296e6fdb5:0xe24d7b17935a966!8m2!3d29.7154931!4d-95.3240919"
Small Dog Park,,+1 713-440-1587,"12056-12098 Sonnier St, Houston, TX 77044",Houston,77044,Texas,29.901826,-95.1548912,https://lh3.googleusercontent.com/gps-cs-s/AC9h4nrr2QKZKfXht_trESyJt2d7MkMG6uKJyyC4wiD3lwDk8C47ecj3iuCJMI9VA9vkwCetmmUYEZSAhOdTF3pRZtTlN-4aaxP5pPoJYeT0EHzhnadYpGUAOh1sX7xOa6Y2j_moE70=w800-h500-k-no,"{""Sunday"": ""6AM-7PM"", ""Monday"": ""6AM-7PM"", ""Tuesday"": ""6AM-7PM"", ""Wednesday"": ""6AM-7PM"", ""Thursday"": ""6AM-7PM"", ""Friday"": ""6AM-7PM"", ""Saturday"": ""6AM-7PM""}",OPERATIONAL,,"https://www.google.com/maps/place/Small+Dog+Park/@29.901826,-95.1548912,14z/data=!4m8!1m2!2m1!1sSmall+Dog+Park!3m4!1s0x8640af39f2a5463f:0x7482af28154dbac2!8m2!3d29.901826!4d-95.1548912"
Gene Green Dog Park,,,"6500 East Sam Houston Pkwy N, Houston, TX 77049",Houston,77049,Texas,29.8218925,-95.159824,https://lh3.googleusercontent.com/gps-cs-s/AC9h4novcfWOYgvTlMunCEP6Te2Ko1ToZFeqiXNaiGlJHLQqq0R8dMmrISwNwtz44mYTSTMJWSiNnZKXFi4_ZkMQHSKuEaRnkDMs5DhpAODZq8MiOvhfjgALQhYkydgAnE-Q-WWTraTW=w800-h500-k-no,"{""Sunday"": ""7AM-9:30PM"", ""Monday"": ""10AM-9:30PM"", ""Tuesday"": ""7AM-9:30PM"", ""Wednesday"": ""7AM-9:30PM"", ""Thursday"": ""7AM-9:30PM"", ""Friday"": ""7AM-9:30PM"", ""Saturday"": ""7AM-9:30PM""}",OPERATIONAL,,"https://www.google.com/maps/place/Gene+Green+Dog+Park/@29.821892499999997,-95.159824,14z/data=!4m8!1m2!2m1!1sGene+Green+Dog+Park!3m4!1s0x8640a4341e87b307:0x54c1c924b842bb1c!8m2!3d29.821892499999997!4d-95.159824"
All Paws Academy Resort,http://allpawshouston.com/,+1 713-900-9113,"2914 W T C Jester Blvd, Houston, TX 77018",Houston,77018,Texas,29.8144818,-95.4449183,https://lh3.googleusercontent.com/p/AF1QipPR6Rv-v-TpoHTbcSDKLjQowfL7k19Zvwaz_s4=w800-h500-k-no,"{""Sunday"": ""9AM-6PM"", ""Monday"": ""6:30AM-6:30PM"", ""Tuesday"": ""6:30AM-6:30PM"", ""Wednesday"": ""6:30AM-6:30PM"", ""Thursday"": ""6:30AM-6:30PM"", ""Friday"": ""6:30AM-6:30PM"", ""Saturday"": ""9AM-4PM""}",OPERATIONAL,,"https://www.google.com/maps/place/All+Paws+Academy+Resort/@29.8144818,-95.4449183,14z/data=!4m8!1m2!2m1!1sAll+Paws+Academy+Resort!3m4!1s0x8640c796f4b9eba5:0xc8e099216930b7f6!8m2!3d29.8144818!4d-95.4449183"
Robindell Dog Run,,,"6231 Reamer St, Houston, TX 77074",Houston,77074,Texas,29.6798844,-95.5024063,https://lh3.googleusercontent.com/gps-cs-s/AC9h4noX2lPaOZJKbYydQ8jQ83L0WinpXq0E6dbU6xlz7HSE2voRgrOH2Payc4RWxNx4oszQK7g_9q2c9pGoZ6lGPhvsSfflqOftru867zF7qoc5jp0iG_qnXXFKph2sy9z3zOftVPc=w800-h500-k-no,"{""Sunday"": ""Closed"", ""Monday"": ""Closed"", ""Tuesday"": ""Closed"", ""Wednesday"": ""Closed"", ""Thursday"": ""Closed"", ""Friday"": ""Open 24 hours"", ""Saturday"": ""Closed""}",OPERATIONAL,,"https://www.google.com/maps/place/Robindell+Dog+Run/@29.6798844,-95.50240629999999,14z/data=!4m8!1m2!2m1!1sRobindell+Dog+Run!3m4!1s0x8640c31f9ccf4943:0x633056895319f623!8m2!3d29.6798844!4d-95.50240629999999"
Bay Area Park Dog Park,http://www.hcp2.com/,,"7500 Bay Area Blvd, Houston, TX 77058",Houston,77058,Texas,29.5967931,-95.0861834,https://lh3.googleusercontent.com/gps-cs-s/AC9h4nqJhXcLcwEDNzji5F9FryzbcgqRnX7YZ3u5dUeZX7FGgXJ-rlHuhiL3brmajwvO_oOXK087pVWG-vJ4K1pVj5bTTU8xpwTykSrcipvARzbsQpFbbDlGYJ7vl5Z3rw-j-pHps9TRrw=w800-h500-k-no,"{""Sunday"": ""7AM-9PM"", ""Monday"": ""7AM-9PM"", ""Tuesday"": ""7AM-9PM"", ""Wednesday"": ""6AM-8:30PM"", ""Thursday"": ""7AM-9PM"", ""Friday"": ""7AM-9PM"", ""Saturday"": ""7AM-9PM""}",OPERATIONAL,,"https://www.google.com/maps/place/Bay+Area+Park+Dog+Park/@29.5967931,-95.0861834,14z/data=!4m8!1m2!2m1!1sBay+Area+Park+Dog+Park!3m4!1s0x86409dd8d23ad2a9:0x3cc7868755631e58!8m2!3d29.5967931!4d-95.0861834"
Westwillow Dog Park,http://www.ourwillowlake.com/parks/3.htm,+1 832-395-7100,"8927 Westwillow Dr, Houston, TX 77064",Houston,77064,Texas,29.8973686,-95.5527057,https://lh3.googleusercontent.com/gps-cs-s/AC9h4noK0kxtER9Mpb92eE0qamOIeHaLHizirOAKXcKlG_gVkYzZMnjl_Ow4XQYXTjhY_tyU2DbnHCAsEv09zjd5lAKZZ_tx_58Sasvdxu_lFBc5AtIBqD0-b25FEQrJGX-ht6aPRS2IgQ=w800-h500-k-no,"{""Sunday"": ""7AM-7PM"", ""Monday"": ""7AM-7PM"", ""Tuesday"": ""7AM-7PM"", ""Wednesday"": ""7AM-7PM"", ""Thursday"": ""7AM-7PM"", ""Friday"": ""7AM-7PM"", ""Saturday"": ""7AM-7PM""}",OPERATIONAL,"Canine play space with 2 gated areas for big & small dogs, plus a kid's playground.","https://www.google.com/maps/place/Westwillow+Dog+Park/@29.8973686,-95.55270569999999,14z/data=!4m8!1m2!2m1!1sWestwillow+Dog+Park!3m4!1s0x8640cfd18daa05ff:0xe4138f1ebb52d9f8!8m2!3d29.8973686!4d-95.55270569999999"
Lake Nassau Park: Dog Park,https://www.nassaubay.com/499/Dog-Park,+1 281-333-4211,"18900 Upper Bay Rd, Houston, TX 77058",Houston,77058,Texas,29.5339354,-95.0878342,https://lh3.googleusercontent.com/gps-cs-s/AC9h4nrJqhoXNoQqBWK7oMrMbBkV1AtnTD6k1TB-s5_chc8DUdN-uJBKPRQx8eY9-QhbO36-0LsTjDAMlPwv9OAjDWwn6Owly0ed1sn2vlCZbMGFRqURNpht_v49j53259dBnddFbXw0=w800-h500-k-no,"{""Sunday"": ""7AM-11PM"", ""Monday"": ""7AM-11PM"", ""Tuesday"": ""7AM-11PM"", ""Wednesday"": ""7AM-11PM"", ""Thursday"": ""7AM-11PM"", ""Friday"": ""7AM-11PM"", ""Saturday"": ""7AM-11PM""}",OPERATIONAL,,"https://www.google.com/maps/place/Lake+Nassau+Park%3A+Dog+Park/@29.533935399999997,-95.08783419999999,14z/data=!4m8!1m2!2m1!1sLake+Nassau+Park%3A+Dog+Park!3m4!1s0x86409d16e87db6c1:0x5215f7d7959d64a5!8m2!3d29.533935399999997!4d-95.08783419999999"
Pet Paradise Houston Hobby,https://www.petparadise.com/houston-hobby.htm,+1 713-941-3647,"7511 Monroe Rd, Houston, TX 77061",Houston,77061,Texas,29.6602892,-95.2614857,https://lh3.googleusercontent.com/p/AF1QipNWjop4tBHe2r-HEjZ_m-q6TSx8B-Q01xQk4iWS=w800-h500-k-no,"{""Sunday"": ""7AM-6PM"", ""Monday"": ""6:30AM-7PM"", ""Tuesday"": ""6:30AM-7PM"", ""Wednesday"": ""6:30AM-7PM"", ""Thursday"": ""6:30AM-7PM"", ""Friday"": ""6:30AM-7PM"", ""Saturday"": ""7AM-6PM""}",OPERATIONAL,,"https://www.google.com/maps/place/Pet+Paradise+Houston+Hobby/@29.660289199999998,-95.2614857,14z/data=!4m8!1m2!2m1!1sPet+Paradise+Houston+Hobby!3m4!1s0x864097b6041f0de5:0x7bd45e07434437e0!8m2!3d29.660289199999998!4d-95.2614857"
Dogtopia of Houston - Waugh Dr.,https://www.dogtopia.com/houston-waugh-drive/,+1 713-522-8144,"1315 Waugh Dr, Houston, TX 77019",Houston,77019,Texas,29.7548361,-95.3977826,https://lh3.googleusercontent.com/p/AF1QipNZ9NRQQkKkOaj6pulyYYzfRRltg_o7MNNrxJV9=w800-h500-k-no,"{""Sunday"": ""10AM-2PM"", ""Monday"": ""6:30AM-7:30PM"", ""Tuesday"": ""6:30AM-7:30PM"", ""Wednesday"": ""6:30AM-7:30PM"", ""Thursday"": ""6:30AM-7:30PM"", ""Friday"": ""6:30AM-7:30PM"", ""Saturday"": ""9AM-5PM""}",OPERATIONAL,,"https://www.google.com/maps/place/Dogtopia+of+Houston+-+Waugh+Dr./@29.7548361,-95.3977826,14z/data=!4m8!1m2!2m1!1sDogtopia+of+Houston+-+Waugh+Dr.!3m4!1s0x8640c0a6c999089d:0x9eec9eb021348dbb!8m2!3d29.7548361!4d-95.3977826"
Mason Park,,+1 713-928-7055,"541 S 75th St, Houston, TX 77023",Houston,77023,Texas,29.7257621,-95.2939657,https://lh3.googleusercontent.com/gps-cs-s/AC9h4nqsMRMVAsQOghgk83iul2A_u62x-otfKSCGU1OBDtLKoQwBLHvZlYLVUi9Daw1wus_BQv7snyrxw9RaHXhkq1--NeULAc8hY9t2lMcHtyxOU378_5FlAY4mXSZ_Zgdoq0_sB6fZCA=w800-h500-k-no,"{""Sunday"": ""8AM-10PM"", ""Monday"": ""8AM-10PM"", ""Tuesday"": ""8AM-10PM"", ""Wednesday"": ""8AM-10PM"", ""Thursday"": ""8AM-10PM"", ""Friday"": ""8AM-9PM"", ""Saturday"": ""10AM-2PM""}",OPERATIONAL,"104 acres on Brays Bayou, with sports fields/courts, disc golf, a community center & a public pool.","https://www.google.com/maps/place/Mason+Park/@29.725762099999997,-95.2939657,14z/data=!4m8!1m2!2m1!1sMason+Park!3m4!1s0x8640bdcb4a16ba03:0xb4c19e7293c18a7d!8m2!3d29.725762099999997!4d-95.2939657"
Dogtopia of Memorial,https://www.dogtopia.com/houston-memorial/,+1 713-364-9900,"10405 Katy Fwy Suite D, Houston, TX 77024",Houston,77024,Texas,29.783039,-95.5546454,https://lh3.googleusercontent.com/p/AF1QipMPxIX8ZzQSEz0GvWK3rF-Tz_Rddco2m7-GbO1D=w800-h500-k-no,"{""Sunday"": ""12-2PM"", ""Monday"": ""7AM-7PM"", ""Tuesday"": ""7AM-7PM"", ""Wednesday"": ""7AM-7PM"", ""Thursday"": ""7AM-7PM"", ""Friday"": ""7AM-7PM"", ""Saturday"": ""10AM-5PM""}",OPERATIONAL,,"https://www.google.com/maps/place/Dogtopia+of+Memorial/@29.783039,-95.5546454,14z/data=!4m8!1m2!2m1!1sDogtopia+of+Memorial!3m4!1s0x8640c50348ef0b91:0x5d81bdf8a25ee686!8m2!3d29.783039!4d-95.5546454"
Pet Paradise Resort,http://www.pet-paradise.net/,+1 972-838-2738,"1918 Milrany Ln, Melissa, TX 75454",Melissa,75454,Texas,33.2741012,-96.5435867,https://lh3.googleusercontent.com/gps-cs-s/AC9h4nq3R1kkL3C1BqcAWVEujgcU-ZWe3fA6oVEGXcx1PUWpAU6ijzlbE2aY6u3YrcVVq01e7XcU9Kra2dGdRsq5buOVtxgeTezU4E_hboj0aihZqIcdby4adDDI_jANJKDSmLLVoWuE=w800-h500-k-no,"{""Sunday"": ""9AM-7PM"", ""Monday"": ""8AM-6PM"", ""Tuesday"": ""8AM-6PM"", ""Wednesday"": ""8AM-6PM"", ""Thursday"": ""8AM-6PM"", ""Friday"": ""8AM-6PM"", ""Saturday"": ""8AM-6PM""}",OPERATIONAL,,"https://www.google.com/maps/place/Pet+Paradise+Resort/@33.2741012,-96.54358669999999,14z/data=!4m8!1m2!2m1!1sPet+Paradise+Resort!3m4!1s0x864c72d1b73231b3:0x6daccc280c353683!8m2!3d33.2741012!4d-96.54358669999999"
Mount Pleasant Sports Complex,https://mpcity.net/parks-trails,+1 903-575-4000,"100 Billy Wayne Flanagan Pkwy, Mt Pleasant, TX 75455",Mt Pleasant,75455,Texas,33.206212,-94.995101,https://lh3.googleusercontent.com/gps-cs-s/AC9h4npolwTy2hY5L-zPOkSZ6TFCamUupuwdyk2eytcN_KFN5A7cuOZ-7BxqXTZXcDhJS_ZIhdo7v4k06z2yqL52VEz_AnfJyA01kYPcvfaL0oD6k9GSCTLj40Xl4VEvkv3i6kGWj-fi=w800-h500-k-no,"{""Sunday"": ""8AM-10PM"", ""Monday"": ""8AM-10PM"", ""Tuesday"": ""8AM-10PM"", ""Wednesday"": ""8AM-10PM"", ""Thursday"": ""8AM-10PM"", ""Friday"": ""8AM-10PM"", ""Saturday"": ""8AM-10PM""}",OPERATIONAL,,"https://www.google.com/maps/place/Mount+Pleasant+Sports+Complex/@33.206212,-94.99510099999999,14z/data=!4m8!1m2!2m1!1sMount+Pleasant+Sports+Complex!3m4!1s0x8635f76964e44471:0xb603cb7cd57aa5cc!8m2!3d33.206212!4d-94.99510099999999"
Mt. Pleasant Pet Resort,http://mtpleasantpetresort.com/,+1 430-222-2024,"1901 W Ferguson Rd Ste 200, Mt Pleasant, TX 75455",Mt Pleasant,75455,Texas,33.1588058,-94.9881668,https://lh3.googleusercontent.com/p/AF1QipP4vpH7ukFc1YVV1IhH-QpjasHOrcfRAPbUhuIz=w800-h500-k-no,"{""Sunday"": ""9-10AM,5-6PM"", ""Monday"": ""7AM-6PM"", ""Tuesday"": ""7AM-6PM"", ""Wednesday"": ""7AM-6PM"", ""Thursday"": ""7AM-6PM"", ""Friday"": ""7AM-6PM"", ""Saturday"": ""7AM-6PM""}",OPERATIONAL,"Caution: one visit to see us for boarding, a daycare visit, or grooming appointment, & your pup will be dragging you to our door each time you walk by.","https://www.google.com/maps/place/Mt.+Pleasant+Pet+Resort/@33.158805799999996,-94.9881668,14z/data=!4m8!1m2!2m1!1sMt.+Pleasant+Pet+Resort!3m4!1s0x8635f9e2a04be083:0xfd1ea6ef14a18652!8m2!3d33.158805799999996!4d-94.9881668"
Charlie's Pet Park,,,"5FCG+X4, Princeton, TX 75407",Princeton,75407,Texas,33.1724544,-96.5243059,https://lh3.googleusercontent.com/gps-cs-s/AC9h4nrim-rA3SaaBeTZDjQzR6FWOMX4HR71egJkhAY1tRazogn96IDQ-8YaabDAlHyryDDMu8U3OwZBe4cwMyiNMiYkMlC2MNvgFpL8nwpjiX4RwuAHdBcvsuHxYbzcmmDLZ5EIbRcf=w800-h500-k-no,,OPERATIONAL,,"https://www.google.com/maps/place/Charlie%27s+Pet+Park/@33.1724544,-96.5243059,14z/data=!4m8!1m2!2m1!1sCharlie%27s+Pet+Park!3m4!1s0x864c0f0d5facf583:0xd36c7b35348a98a8!8m2!3d33.1724544!4d-96.5243059"
A1 Dog Grooming & Boarding Kennels,http://a1doggroomingboarding.yolasite.com/,+1 903-532-5371,"1878 Harrell Rd, Howe, TX 75459",Howe,75459,Texas,33.5443654,-96.5657848,https://lh3.googleusercontent.com/p/AF1QipMokGfOENBsF9G_ji6p9iQ0MoNavORSLtdx336Y=w800-h500-k-no,"{""Sunday"": ""Closed"", ""Monday"": ""9AM-5:30PM"", ""Tuesday"": ""9AM-5:30PM"", ""Wednesday"": ""9AM-5:30PM"", ""Thursday"": ""9-10AM"", ""Friday"": ""9AM-5:30PM"", ""Saturday"": ""9AM-1PM""}",OPERATIONAL,Been in business for 15 years and I’m the 3rd generation to own this place. We love the pets as they are our own family! We only want the best for them while they stay with us. We hope to get meet your little some soon,"https://www.google.com/maps/place/A1+Dog+Grooming+%26+Boarding+Kennels/@33.5443654,-96.56578479999999,14z/data=!4m8!1m2!2m1!1sA1+Dog+Grooming+%26+Boarding+Kennels!3m4!1s0x864c7cbb2b9bd9af:0x69cd2ebd968b0d50!8m2!3d33.5443654!4d-96.56578479999999"
Dog Park at Love’s Travel Stops,https://www.loves.com/dogparks,+1 903-737-1950,"3215 N Main St, Paris, TX 75462",Paris,75462,Texas,33.695612,-95.5557482,https://streetviewpixels-pa.googleapis.com/v1/thumbnail?panoid=5A4nyUBaFE1dX3SE6w5YSQ&cb_client=search.gws-prod.gps&w=800&h=500&yaw=345.40384&pitch=0&thumbfov=100,"{""Sunday"": ""Open 24 hours"", ""Monday"": ""Open 24 hours"", ""Tuesday"": ""Open 24 hours"", ""Wednesday"": ""Open 24 hours"", ""Thursday"": ""Open 24 hours"", ""Friday"": ""Open 24 hours"", ""Saturday"": ""Open 24 hours""}",OPERATIONAL,,"https://www.google.com/maps/place/Dog+Park+at+Love%E2%80%99s+Travel+Stops/@33.695612,-95.5557482,14z/data=!4m8!1m2!2m1!1sDog+Park+at+Love%E2%80%99s+Travel+Stops!3m4!1s0x864af7a3d548f699:0x8285773c3ab2477d!8m2!3d33.695612!4d-95.5557482"
Dog Park at Love's Travel Stops,https://www.loves.com/dogparks,+1 903-438-1801,"1201 Hillcrest Dr S, Sulphur Springs, TX 75482",Sulphur Springs,75482,Texas,33.1167419,-95.6368262,https://streetviewpixels-pa.googleapis.com/v1/thumbnail?panoid=mmXtmVmJLG52Mg1_4DGJ-A&cb_client=search.gws-prod.gps&w=800&h=500&yaw=237.76015&pitch=0&thumbfov=100,"{""Sunday"": ""Open 24 hours"", ""Monday"": ""Open 24 hours"", ""Tuesday"": ""Open 24 hours"", ""Wednesday"": ""Open 24 hours"", ""Thursday"": ""Open 24 hours"", ""Friday"": ""Open 24 hours"", ""Saturday"": ""Open 24 hours""}",OPERATIONAL,,"https://www.google.com/maps/place/Dog+Park+at+Love%27s+Travel+Stops/@33.1167419,-95.6368262,14z/data=!4m8!1m2!2m1!1sDog+Park+at+Love%27s+Travel+Stops!3m4!1s0x864a31a404d42143:0x6fe5dcd8b597f067!8m2!3d33.1167419!4d-95.6368262"
Pet Paradise Resort Too,http://petparadise.com/,+1 903-989-2066,"1252 FM814, Trenton, TX 75490",Trenton,75490,Texas,33.432236,-96.371248,https://lh3.googleusercontent.com/gps-cs-s/AC9h4nqRobzpqoQVmZXH_dX_uqM3rVWPsMhw1kr6-y2rmX78HEH55u22e03zuozeqTlpbK8_-fHdi22Tg46pabObvX6oAAuSWGvDp8_h9y8zJ7iWblxbNaZLUMVcnY7L8l5a1HpcC-yUsQ=w800-h500-k-no,"{""Sunday"": ""8AM-5PM"", ""Monday"": ""8AM-5PM"", ""Tuesday"": ""8AM-5PM"", ""Wednesday"": ""8AM-5PM"", ""Thursday"": ""8AM-5PM"", ""Friday"": ""8AM-5PM"", ""Saturday"": ""8AM-5PM""}",OPERATIONAL,,"https://www.google.com/maps/place/Pet+Paradise+Resort+Too/@33.432235999999996,-96.371248,14z/data=!4m8!1m2!2m1!1sPet+Paradise+Resort+Too!3m4!1s0x864b88675a46ca19:0x95179ab0a2d73b4e!8m2!3d33.432235999999996!4d-96.371248"
Pace Creek Pet Retreat,https://pacecreekpetretreat.com/,+1 903-364-9119,"10214 TX-11, Whitewright, TX 75491",Whitewright,75491,Texas,33.4951415,-96.300481,https://lh3.googleusercontent.com/gps-cs-s/AC9h4npmAQTGDuNcv6xtd8M_gXDE3saviZBILbCbdY5ITraDzoKCdPFCGkPH_GSnldPJkKUbAbdLimQL9wbRF9-IxqZ0BAZ3h8NrbUS4C-bl-Ji2K45KnIl17cKsSzoDF7ea9nCZ3Lu7nA=w800-h500-k-no,"{""Sunday"": ""1-3PM"", ""Monday"": ""8AM-5PM"", ""Tuesday"": ""8AM-5PM"", ""Wednesday"": ""8AM-5PM"", ""Thursday"": ""8AM-5PM"", ""Friday"": ""8AM-5PM"", ""Saturday"": ""Closed""}",OPERATIONAL,,"https://www.google.com/maps/place/Pace+Creek+Pet+Retreat/@33.495141499999995,-96.30048099999999,14z/data=!4m8!1m2!2m1!1sPace+Creek+Pet+Retreat!3m4!1s0x864c7915a07d6451:0xfd484d7be90281d!8m2!3d33.495141499999995!4d-96.30048099999999"
The Dog Cabin,https://fb.com/thedogcabintx,,"613 Bh Cooke Ln, Van Alstyne, TX 75495",Van Alstyne,75495,Texas,33.4101948,-96.5370395,https://lh3.googleusercontent.com/p/AF1QipO91gaVbV8iU2NgGsoIHnquU2vkohxDecUZhcQX=w800-h500-k-no,"{""Sunday"": ""2-4PM"", ""Monday"": ""9AM-4PM"", ""Tuesday"": ""9AM-4PM"", ""Wednesday"": ""9AM-4PM"", ""Thursday"": ""9AM-4PM"", ""Friday"": ""9AM-4PM"", ""Saturday"": ""Closed""}",OPERATIONAL,,"https://www.google.com/maps/place/The+Dog+Cabin/@33.4101948,-96.53703949999999,14z/data=!4m8!1m2!2m1!1sThe+Dog+Cabin!3m4!1s0x864c7126b2548357:0xea9ca482821a16a0!8m2!3d33.4101948!4d-96.53703949999999"
Dog Park at Love’s Travel Stops,https://www.loves.com/dogparks,+1 903-838-0856,"451 Leary Rd, Texarkana, TX 75501",Texarkana,75501,Texas,33.4632956,-94.2044525,https://lh3.googleusercontent.com/gps-cs-s/AC9h4nq9FhDw1x5LfBSZcSLHF2FGg8oXwztfdIp5hRqaJCDJi9OkHwP5mXp-_81LafHntYC-53WiR3HWx2gPL41N6jPjH4lFuFx0ZkT_9v07gzDM5W6rwYUcXSG-sh-uvBxss_MtXd5g=w800-h500-k-no,"{""Sunday"": ""Open 24 hours"", ""Monday"": ""Open 24 hours"", ""Tuesday"": ""Open 24 hours"", ""Wednesday"": ""Open 24 hours"", ""Thursday"": ""Open 24 hours"", ""Friday"": ""Open 24 hours"", ""Saturday"": ""Open 24 hours""}",OPERATIONAL,,"https://www.google.com/maps/place/Dog+Park+at+Love%E2%80%99s+Travel+Stops/@33.463295599999995,-94.2044525,14z/data=!4m8!1m2!2m1!1sDog+Park+at+Love%E2%80%99s+Travel+Stops!3m4!1s0x863445dc60c3e355:0x66101bf1aaa06785!8m2!3d33.463295599999995!4d-94.2044525"
Spring Lake Park Dog Park,https://www.texarkanatexas.gov/Facilities/Facility/Details/Spring-Lake-Park-10,+1 903-798-3978,"Texarkana, TX 75503",Texarkana,75503,Texas,33.4673078,-94.058256,https://lh3.googleusercontent.com/gps-cs-s/AC9h4no6HwrxjSprzktSBubHVh-lpVD6g09PYTvw7YRlDD-O9VYQjuByjfAgnmCIQGycg0ydZrfHuTAREBcgugBmSV0GbDx745cd33ctxUEvaqPT-FZY2BNXwYQ5q1dHXqIr7X2xBsl-=w800-h500-k-no,"{""Sunday"": ""6AM-8PM"", ""Monday"": ""6AM-8PM"", ""Tuesday"": ""6AM-8PM"", ""Wednesday"": ""6AM-8PM"", ""Thursday"": ""6AM-8PM"", ""Friday"": ""6AM-8PM"", ""Saturday"": ""6AM-8PM""}",OPERATIONAL,,"https://www.google.com/maps/place/Spring+Lake+Park+Dog+Park/@33.4673078,-94.058256,14z/data=!4m8!1m2!2m1!1sSpring+Lake+Park+Dog+Park!3m4!1s0x863469f74b17b1c9:0x7944ace01fc3b82c!8m2!3d33.4673078!4d-94.058256"
Lovin' Life RV Park and Country Store,http://lovinlifervpark.com/,+1 903-717-0002,"6805 FM990, De Kalb, TX 75559",De Kalb,75559,Texas,33.4207103,-94.5610669,https://lh3.googleusercontent.com/p/AF1QipNXFEF4EoULnYOzR98TAOeI0u_dd_TS65_nf94c=w800-h500-k-no,,OPERATIONAL,"Located off of exit 192 on the I-30 between Mount Pleasant, Texas and Texarkana, Texas, Lovin' Life RV Park and Country Store is a quaint RV park that is open year round. The park has 20-50 amp full hook up sites, a laundry room, a dog park, walking trails and a pond. The store is open Monday-Friday 7a-7p, Saturday 10a-7p, closed on Sundays and all Federal Holidays.
We were voted Best RV Park and runner up for Best Convenience Store in the 2022 and 2023 Bowie County Citizens Tribune Readers Choice Awards.","https://www.google.com/maps/place/Lovin%27+Life+RV+Park+and+Country+Store/@33.420710299999996,-94.5610669,14z/data=!4m8!1m2!2m1!1sLovin%27+Life+RV+Park+and+Country+Store!3m4!1s0x8635b74fe906674b:0x86f7a318fc3ecb1b!8m2!3d33.420710299999996!4d-94.5610669"
Dog Park at Love's Travel Stops,https://www.loves.com/dogparks,+1 972-875-8103,"6550 S Interstate 45 Service Rd, Ennis, TX 75119",Ennis,75119,Texas,32.2880052,-96.544229,https://streetviewpixels-pa.googleapis.com/v1/thumbnail?panoid=7BDjnANa_JSDAh-qDNXuEQ&cb_client=search.gws-prod.gps&w=800&h=500&yaw=33.033497&pitch=0&thumbfov=100,"{""Sunday"": ""Open 24 hours"", ""Monday"": ""Open 24 hours"", ""Tuesday"": ""Open 24 hours"", ""Wednesday"": ""Open 24 hours"", ""Thursday"": ""Open 24 hours"", ""Friday"": ""Open 24 hours"", ""Saturday"": ""Open 24 hours""}",OPERATIONAL,,"https://www.google.com/maps/place/Dog+Park+at+Love%27s+Travel+Stops/@32.2880052,-96.544229,14z/data=!4m8!1m2!2m1!1sDog+Park+at+Love%27s+Travel+Stops!3m4!1s0x864ec541712afd7d:0xd69055e814110040!8m2!3d32.2880052!4d-96.544229"
Lancaster Dog Park,https://lancaster-tx.com/219/Parks,,"211 W Belt Line Rd, Lancaster, TX 75146",Lancaster,75146,Texas,32.5864774,-96.7591647,https://lh3.googleusercontent.com/gps-cs-s/AC9h4nolVdyA9sJN2f_OyRJNVaGneOQitBp0Hi4BRYpBuem41DTMSOSJqskhZhTjuS6ebmukuKXJW1WfmqDyQMmmwAdzC8CAzQk2erqjPRkdYWGi8eYRRytnhYE9howVa8ZVP1_tgj1WXg=w800-h500-k-no,,OPERATIONAL,,"https://www.google.com/maps/place/Lancaster+Dog+Park/@32.5864774,-96.7591647,14z/data=!4m8!1m2!2m1!1sLancaster+Dog+Park!3m4!1s0x864e95cb091dfa8d:0x78c66be2d1f3ef56!8m2!3d32.5864774!4d-96.7591647"
Ollie's Pet Resort,https://www.olliespetresort.com/,+1 903-287-0433,"123 Dunaway Ave, Gun Barrel City, TX 75156",Gun Barrel City,75156,Texas,32.3299402,-96.123761,https://lh3.googleusercontent.com/p/AF1QipMbfpVZdV6HqyQYvisgi5Q0xdJPvyQmNMD3J1D5=w800-h500-k-no,,OPERATIONAL,"Our pet resort offers exciting outdoor and indoor play spaces where your pups can run, jump, and sniff to their heart’s content. With boarding, grooming, and doggie day care, tails will be wagging nonstop!","https://www.google.com/maps/place/Ollie%27s+Pet+Resort/@32.329940199999996,-96.123761,14z/data=!4m8!1m2!2m1!1sOllie%27s+Pet+Resort!3m4!1s0x8649236935333d83:0xb76f4689ac9cc9d9!8m2!3d32.329940199999996!4d-96.123761"
Harry Myers Dog Park,https://www.rockwall.com/parks_harrymyers_dogpark.asp,+1 972-771-1281,"815 E Washington St, Rockwall, TX 75087",Rockwall,75087,Texas,32.9319844,-96.4506071,https://lh3.googleusercontent.com/gps-cs-s/AC9h4npSnfp0AAfJWYL28FK6Ebc_-C9lXNGIywwrJHTyXkwxI8ncqb-PugElUM-63Ji3gmsxFp1FZye1oLSS8kiMeR11gII4h2RmbLa6y9eOpQNK8G6plhDUYQrBMfcQ1UILQ4boRnsG=w800-h500-k-no,"{""Sunday"": ""5AM-10PM"", ""Monday"": ""Closed"", ""Tuesday"": ""5AM-10PM"", ""Wednesday"": ""5AM-10PM"", ""Thursday"": ""5AM-10PM"", ""Friday"": ""5AM-10PM"", ""Saturday"": ""5AM-10PM""}",OPERATIONAL,,"https://www.google.com/maps/place/Harry+Myers+Dog+Park/@32.9319844,-96.4506071,14z/data=!4m8!1m2!2m1!1sHarry+Myers+Dog+Park!3m4!1s0x864c01cb2c0a6ec1:0x7625b15ddd113dbd!8m2!3d32.9319844!4d-96.4506071"
Marks-A-Lot,,+1 903-527-5227,"4001 Co Rd 2626, Caddo Mills, TX 75135",Caddo Mills,75135,Texas,33.0269783,-96.2462459,https://lh3.googleusercontent.com/gps-cs-s/AC9h4nrZ3YqdrTNXSb7xRZA4giCX1hJm1H4wqRHICEH_rZVrkl0gaYNLC0fpK1uHZeluXUVSZNxK1zEGMhztlEpzS4JbaZbWHj75VjSkPXfVztHCgjfKx1v1AE9h69SEIO7Ilc_DaJN2=w800-h500-k-no,"{""Sunday"": ""Closed"", ""Monday"": ""8AM-1PM,7-9PM"", ""Tuesday"": ""8AM-1PM,7-9PM"", ""Wednesday"": ""8AM-1PM,7-9PM"", ""Thursday"": ""8AM-1PM,7-9PM"", ""Friday"": ""8AM-1PM,7-9PM"", ""Saturday"": ""6AM-1PM""}",OPERATIONAL,,"https://www.google.com/maps/place/Marks-A-Lot/@33.026978299999996,-96.24624589999999,14z/data=!4m8!1m2!2m1!1sMarks-A-Lot!3m4!1s0x864bfb4f0803f297:0xafc3b077f0440e80!8m2!3d33.026978299999996!4d-96.24624589999999"
Furry Friends Field,https://www.sniffspot.com/to/x2ex6,+1 469-834-7082,"611 Springtime Dr, Cedar Hill, TX 75104",Cedar Hill,75104,Texas,32.597937,-96.931484,https://lh3.googleusercontent.com/p/AF1QipNC1hcg4bpsI9Xr0yT--ZeLFevibGYxSYdA8LC5=w800-h500-k-no,"{""Sunday"": ""9AM-10PM"", ""Monday"": ""9AM-10PM"", ""Tuesday"": ""9AM-10PM"", ""Wednesday"": ""9AM-10PM"", ""Thursday"": ""9AM-10PM"", ""Friday"": ""9AM-10PM"", ""Saturday"": ""9AM-10PM""}",OPERATIONAL,"Welcome to our private dog park, a safe and spacious haven designed for your furry friends to play, socialize, and enjoy the great outdoors in peace. Our fully fenced facility offers ample room for dogs of all sizes to romp around freely, with a variety of engaging features such as shaded resting areas, and clean water stations. For your convenience, reservations can easily be made through our website, Sniffspot, or by texting the phone number provided. Come and let your pup experience the joy of an exclusive canine playground—where safety and fun are our top priorities!","https://www.google.com/maps/place/Furry+Friends+Field/@32.597937,-96.931484,14z/data=!4m8!1m2!2m1!1sFurry+Friends+Field!3m4!1s0x864e8da7f5ce63e1:0x7b417057807d5b83!8m2!3d32.597937!4d-96.931484"
KVC Play Duncanville,https://kvcplay.com/,+1 240-704-5719,"215 W Camp Wisdom Rd, Duncanville, TX 75116",Duncanville,75116,Texas,32.6630902,-96.9095937,https://lh3.googleusercontent.com/gps-cs-s/AC9h4npk8r3RwGbHm574LWaMux5lLy_nVVo8ibeC1zhqvnK27QRvo5fpoRqNH0OOVmMzuppt2AVxA-eKWVghoF9f21JGssgqlGb3m1vZM6J1-C0fNEj9zvqtYrC8UVJdcc4XFpN4snPk=w800-h500-k-no,"{""Sunday"": ""1-8PM"", ""Monday"": ""11AM-7PM"", ""Tuesday"": ""11AM-7PM"", ""Wednesday"": ""11AM-7PM"", ""Thursday"": ""11AM-7PM"", ""Friday"": ""11AM-8PM"", ""Saturday"": ""10AM-8PM""}",OPERATIONAL,,"https://www.google.com/maps/place/KVC+Play+Duncanville/@32.6630902,-96.9095937,14z/data=!4m8!1m2!2m1!1sKVC+Play+Duncanville!3m4!1s0x864e91098742caa3:0x4cf12adfa70d03fe!8m2!3d32.6630902!4d-96.9095937"
Nancy Lous Doggie Doos,,+1 903-571-8240,"131 Private Rd 5318, Grand Saline, TX 75140",Grand Saline,75140,Texas,32.558255,-95.6984506,,,OPERATIONAL,Cage free dog grooming and boarding. We have indoor outdoor runs and large yards to play in. I'm only doing dogs under 30 lbs. I groom on Mon and Tue. Boarding open all week by appt. Pick up and drop offs on the weekend are at 4pm.,"https://www.google.com/maps/place/Nancy+Lous+Doggie+Doos/@32.558254999999996,-95.6984506,14z/data=!4m8!1m2!2m1!1sNancy+Lous+Doggie+Doos!3m4!1s0x8649a1e1d0010b75:0x4cf37119dfaa4d5f!8m2!3d32.558254999999996!4d-95.6984506"
Red Roof Inn Hutchins,https://www.redroof.com/property/tx/hutchins/RRI611?utm_source=GMB,+1 469-709-9595,"1100 Dowdy Ferry Rd, Hutchins, TX 75141",Hutchins,75141,Texas,32.6487413,-96.703569,https://lh3.googleusercontent.com/p/AF1QipNx6g4lm_zAjPIZixPPNX1makw0zCWSBh6Aw39K=w800-h500-k-no,,OPERATIONAL,,"https://www.google.com/maps/place/Red+Roof+Inn+Hutchins/@32.6487413,-96.703569,14z/data=!4m8!1m2!2m1!1sRed+Roof+Inn+Hutchins!3m4!1s0x864ebda2e0fc5127:0x7f7c05ce871e6a96!8m2!3d32.6487413!4d-96.703569"
Country Paws Boarding Hotel,http://countrypawsboardinghotel.com/,+1 972-989-0862,"14027 FM2860, Kaufman, TX 75142",Kaufman,75142,Texas,32.4926304,-96.2394406,https://lh3.googleusercontent.com/gps-cs-s/AC9h4nqjZ4TUeX5Qoe6V6_wxS4BaegJS-8f-1_YduOZBeHyEW0ryqMuIo45Omyha0jkzA06TbSf6qBTbAi5A6rQlbxFK4Xp8xvonfYfChXtJfF0l8TCFLvodlPLSzqZSAfBVSNrHJqk3Hg=w800-h500-k-no,"{""Sunday"": ""8AM-8PM"", ""Monday"": ""8AM-8PM"", ""Tuesday"": ""8AM-8PM"", ""Wednesday"": ""8AM-8PM"", ""Thursday"": ""8AM-8PM"", ""Friday"": ""8AM-8PM"", ""Saturday"": ""8AM-8PM""}",OPERATIONAL,,"https://www.google.com/maps/place/Country+Paws+Boarding+Hotel/@32.492630399999996,-96.2394406,14z/data=!4m8!1m2!2m1!1sCountry+Paws+Boarding+Hotel!3m4!1s0x8649375f0ca2e7f5:0xb022de57c6a83881!8m2!3d32.492630399999996!4d-96.2394406"
City of Mesquite Dog Park,https://www.cityofmesquite.com/1587/Leash-Free-Zone,+1 972-216-6260,"2724 N Town E Blvd, Mesquite, TX 75150",Mesquite,75150,Texas,32.8069706,-96.6387295,https://lh3.googleusercontent.com/gps-cs-s/AC9h4nqVphv5WFKVnuguJOjTAZ4AZ41rlptwRVh3sK1-ETUseXYwp2nAIjypF11DwL33xARpqn8jgIOczxQXwvKAEhuzPovPN1T_Ye3JScH0npEbJPT6U1_aSqD32Wjtdd37z_OFsuq3BA=w800-h500-k-no,,OPERATIONAL,,"https://www.google.com/maps/place/City+of+Mesquite+Dog+Park/@32.8069706,-96.6387295,14z/data=!4m8!1m2!2m1!1sCity+of+Mesquite+Dog+Park!3m4!1s0x864ea423d8a474db:0x89608c1327105193!8m2!3d32.8069706!4d-96.6387295"
Copeland Dog Park,http://www.cityofmesquite.com/LeashFreeZone,,"2250 Creek Crossing Rd, Mesquite, TX 75181",Mesquite,75181,Texas,32.7476027,-96.562932,https://lh3.googleusercontent.com/gps-cs-s/AC9h4nqLBqXWuGcUU__thCVT69Rsz48HV0T6R2quTlIUPiK9bvCZ2qvaM8HcayckIoaT8Fdr91vhHcbFiNeT2IxjsLvaOGIpCwGHG9YSACV8wIEGrr1cUPFPGiV5HAOzRhbqCC9rIIAloQ=w800-h500-k-no,,OPERATIONAL,,"https://www.google.com/maps/place/Copeland+Dog+Park/@32.7476027,-96.56293199999999,14z/data=!4m8!1m2!2m1!1sCopeland+Dog+Park!3m4!1s0x864eafd256cc680b:0x86194d2d4d6eb793!8m2!3d32.7476027!4d-96.56293199999999"
Polk Kennel,http://www.polkkennel.com/,+1 214-714-4251,"4616 FM 879, Palmer, TX 75152",Palmer,75152,Texas,32.3750693,-96.6734166,https://lh3.googleusercontent.com/p/AF1QipNAgqKr-mi3IZvYWGf-Q16xtorP81XWrNQdlZ3B=w800-h500-k-no,"{""Sunday"": ""Closed"", ""Monday"": ""9AM-6PM"", ""Tuesday"": ""9AM-6PM"", ""Wednesday"": ""9AM-6PM"", ""Thursday"": ""9AM-6PM"", ""Friday"": ""9AM-6PM"", ""Saturday"": ""9AM-12PM""}",OPERATIONAL,"Looking for doggie daycare and boarding that’s right for you and your four-legged best friend?

Polk Kennel is where dogs get the love and care to help them be healthy, happy, and well-rounded.","https://www.google.com/maps/place/Polk+Kennel/@32.3750693,-96.6734166,14z/data=!4m8!1m2!2m1!1sPolk+Kennel!3m4!1s0x864ec3d6c9f6bedb:0xcb2f7fd9fee92e9e!8m2!3d32.3750693!4d-96.6734166"
Terrell Animal Adoption Center,http://www.cityofterrell.org/,+1 972-551-6641,"2601 US-80, Terrell, TX 75161",Terrell,75161,Texas,32.7332596,-96.2504761,https://lh3.googleusercontent.com/gps-cs-s/AC9h4nrkj7HFdB4_UAhdJ1irTZrjlM5BV4bSXqmf8QDVMbE2sxuetrcjIEsOfuaJPaAbmPio_wBkV3l6BgTT808qs0Q1Rl0o-bHp12NGe3sWlnCfm6IP14xvvAcNpoOPwKdcG0bwFFUY=w800-h500-k-no,"{""Sunday"": ""Closed"", ""Monday"": ""9AM-5PM"", ""Tuesday"": ""9AM-5PM"", ""Wednesday"": ""9AM-5PM"", ""Thursday"": ""9AM-5PM"", ""Friday"": ""9AM-5PM"", ""Saturday"": ""Closed""}",OPERATIONAL,,"https://www.google.com/maps/place/Terrell+Animal+Adoption+Center/@32.7332596,-96.2504761,14z/data=!4m8!1m2!2m1!1sTerrell+Animal+Adoption+Center!3m4!1s0x86494fe573d4e95d:0xa49f6bddc344b6a7!8m2!3d32.7332596!4d-96.2504761"
Prairie Tails Dog Park,http://www.wylietexas.gov/parks,+1 972-516-6340,"300 Country Club Rd suite 400, Wylie, TX 75098",Wylie,75098,Texas,33.0160194,-96.5669274,https://lh3.googleusercontent.com/gps-cs-s/AC9h4noa3wgHnvz4BCpEGxOyvVKQNhPP_vAliHqRr47FXYg3TFThuLykkAlzHpYgvdWgpRwi8lrsU3et6Cnoozi6Ca6jXl13dFDzC1e8A_hi36vKZBBD43Na-6zh81D7U3_M9wwf-cOH8w=w800-h500-k-no,"{""Sunday"": ""6AM-11:59PM"", ""Monday"": ""6AM-11:59PM"", ""Tuesday"": ""6AM-11:59PM"", ""Wednesday"": ""6AM-11:59PM"", ""Thursday"": ""6AM-11:59PM"", ""Friday"": ""6AM-11:59PM"", ""Saturday"": ""6AM-11:59PM""}",OPERATIONAL,,"https://www.google.com/maps/place/Prairie+Tails+Dog+Park/@33.0160194,-96.5669274,14z/data=!4m8!1m2!2m1!1sPrairie+Tails+Dog+Park!3m4!1s0x864c05006af780ad:0xf2658fc459017f65!8m2!3d33.0160194!4d-96.5669274"
The Dog Spot,,,"358 E Pecan Tree Rd, Waxahachie, TX 75165",Waxahachie,75165,Texas,32.2936125,-96.8513699,,,OPERATIONAL,,"https://www.google.com/maps/place/The+Dog+Spot/@32.2936125,-96.8513699,14z/data=!4m8!1m2!2m1!1sThe+Dog+Spot!3m4!1s0x864ee5006d4ea169:0x946af4cb2c60d013!8m2!3d32.2936125!4d-96.8513699"
Doggie Day Spa,,+1 903-880-8648,"8911 TX-243, Wills Point, TX 75169",Wills Point,75169,Texas,32.5537795,-96.0423906,https://lh3.googleusercontent.com/gps-cs-s/AC9h4npvJWXhaNyP1d5LU4xyKl9BSwGUBsV_NvIi8HOmcIwrpeba2LGUDkwD5SUSUrK572eeKp6AJTH0cDjzhNXdmnVabksM60FP6aC2ThLxK_j062xES856MN0lbCnf6MOUgPZy26OD=w800-h500-k-no,"{""Sunday"": ""12-4PM"", ""Monday"": ""9AM-3PM"", ""Tuesday"": ""9AM-3PM"", ""Wednesday"": ""9AM-3PM"", ""Thursday"": ""9AM-3PM"", ""Friday"": ""9AM-3PM"", ""Saturday"": ""9AM-3PM""}",OPERATIONAL,,"https://www.google.com/maps/place/Doggie+Day+Spa/@32.5537795,-96.04239059999999,14z/data=!4m8!1m2!2m1!1sDoggie+Day+Spa!3m4!1s0x8649153e8eb32a7f:0x3aa06905585b472d!8m2!3d32.5537795!4d-96.04239059999999"
Lazy Dog Ranch Airpark,,,"14767 Co Rd 545, Nevada, TX 75173",Nevada,75173,Texas,33.0720394,-96.4323895,https://streetviewpixels-pa.googleapis.com/v1/thumbnail?panoid=uLmxEaGq9uXoDEQoj3eBYg&cb_client=search.gws-prod.gps&w=800&h=500&yaw=319.47986&pitch=0&thumbfov=100,,OPERATIONAL,,"https://www.google.com/maps/place/Lazy+Dog+Ranch+Airpark/@33.0720394,-96.4323895,14z/data=!4m8!1m2!2m1!1sLazy+Dog+Ranch+Airpark!3m4!1s0x864c07fccc7b5e7d:0xc3d5f4ac30ac3796!8m2!3d33.0720394!4d-96.4323895"
JD Kennels Camp David for Dogs and Cats,https://jd-kennels.com/,+1 972-636-9494,"6641 I-30, Royse City, TX 75189",Royse City,75189,Texas,32.9801196,-96.278343,https://lh3.googleusercontent.com/p/AF1QipPJYxxkivvHDjo_b1_b-Vf1KqJOEudO_cZue07X=w800-h500-k-no,"{""Sunday"": ""1-5PM"", ""Monday"": ""7:30-11AM,2-6PM"", ""Tuesday"": ""7:30-11AM,2-6PM"", ""Wednesday"": ""7:30-11AM,2-6PM"", ""Thursday"": ""7:30-11AM,2-6PM"", ""Friday"": ""7:30-11AM,2-6PM"", ""Saturday"": ""7:30-11AM,1-5PM""}",OPERATIONAL,,"https://www.google.com/maps/place/JD+Kennels+Camp+David+for+Dogs+and+Cats/@32.9801196,-96.27834299999999,14z/data=!4m8!1m2!2m1!1sJD+Kennels+Camp+David+for+Dogs+and+Cats!3m4!1s0x864bfcf7b8856487:0xb30af29d88a3eb98!8m2!3d32.9801196!4d-96.27834299999999"
Bark Park Central,http://www.dallasparks.org/Facilities/Facility/Details/Bark-Park-Central-357,,"2530 Commerce St, Dallas, TX 75226",Dallas,75226,Texas,32.7820851,-96.7872821,https://lh3.googleusercontent.com/gps-cs-s/AC9h4np7bkV7Cmnw5oJnko9eshY61V7xYuM5w4hj7Z8BNwOFnX5LhomF1IdjjCpTDcwnnGmJpBCetoMk894DJtPjIeGuNAwHKCZMmKD6bXHWRBCe_4jevXJPTO2C8N7jcAKfw5-EPqP9=w800-h500-k-no,"{""Sunday"": ""6AM-11PM"", ""Monday"": ""6AM-11PM"", ""Tuesday"": ""Closed"", ""Wednesday"": ""6AM-11PM"", ""Thursday"": ""6AM-11PM"", ""Friday"": ""6AM-11PM"", ""Saturday"": ""6AM-11PM""}",OPERATIONAL,Fenced 1.2-acre canine park shaded by highway bridges with shower & drinking bowls provided.,"https://www.google.com/maps/place/Bark+Park+Central/@32.782085099999996,-96.7872821,14z/data=!4m8!1m2!2m1!1sBark+Park+Central!3m4!1s0x864e98e09b0e74af:0x74e2107ea8eb507e!8m2!3d32.782085099999996!4d-96.7872821"
Dog City,https://www.dogcity.pet/,+1 469-250-7322,"2320 N Houston St #150, Dallas, TX 75219",Dallas,75219,Texas,32.7858027,-96.8083486,https://lh3.googleusercontent.com/p/AF1QipPr9BMRCM8dARny8_3vpKK8I5mfpl6AVAtemdGH=w800-h500-k-no,"{""Sunday"": ""9-11AM,4-6PM"", ""Monday"": ""7AM-8PM"", ""Tuesday"": ""7AM-8PM"", ""Wednesday"": ""7AM-8PM"", ""Thursday"": ""7AM-8PM"", ""Friday"": ""7AM-8PM"", ""Saturday"": ""9AM-5PM""}",OPERATIONAL,,"https://www.google.com/maps/place/Dog+City/@32.7858027,-96.8083486,14z/data=!4m8!1m2!2m1!1sDog+City!3m4!1s0x864e992fa0fd5073:0xe2cda07ad5ee59ca!8m2!3d32.7858027!4d-96.8083486"
Deep Ellum Lofts Dog Park,,,"3223 Canton St, Dallas, TX 75226",Dallas,75226,Texas,32.7838462,-96.7758665,https://lh3.googleusercontent.com/gps-cs-s/AC9h4npg1fDhQDvyGcyaoK2XNgzpA6RXOWfc5lKYE9hfTgx2dtukMLdBDEiL9WQoVpjMqi6F2IDQ2g_zHWtXEzF8hleJ87BR5w6ukzKXadRgNN5krJ9uhx4xuKPyXkUdj83xV5h_J9QE=w800-h500-k-no,"{""Sunday"": ""6AM-10PM"", ""Monday"": ""6AM-10PM"", ""Tuesday"": ""6AM-10PM"", ""Wednesday"": ""6AM-10PM"", ""Thursday"": ""6AM-10PM"", ""Friday"": ""6AM-10PM"", ""Saturday"": ""6AM-10PM""}",OPERATIONAL,,"https://www.google.com/maps/place/Deep+Ellum+Lofts+Dog+Park/@32.7838462,-96.77586649999999,14z/data=!4m8!1m2!2m1!1sDeep+Ellum+Lofts+Dog+Park!3m4!1s0x864e98c1f9f2fecb:0x54f75a60e55d4556!8m2!3d32.7838462!4d-96.77586649999999"
MUTTS Canine Cantina® - Dallas,https://muttscantina.com/tx-dallas/,+1 214-377-8723,"2889 Cityplace W Blvd, Dallas, TX 75204",Dallas,75204,Texas,32.80609,-96.795117,https://lh3.googleusercontent.com/gps-cs-s/AC9h4noshhoHt_xEphIeeQ2Yf4lr-M8-uSbXuyOEVZfXwdbWFszydQbEAgYaBvpS_ATfKaY8GBtfClpYCbob5rV8RmFTIaXojHAmieQa9gCHZS9nJk5WJ2wBt5WD3H6YXeHdoTTmB5RBpw=w800-h500-k-no,"{""Sunday"": ""11AM-5PM"", ""Monday"": ""11AM-5PM"", ""Tuesday"": ""11AM-5PM"", ""Wednesday"": ""11AM-5PM"", ""Thursday"": ""11AM-5PM"", ""Friday"": ""11AM-5PM"", ""Saturday"": ""11AM-5PM""}",OPERATIONAL,"Casual eats & craft beers served concession-style on a dog-friendly patio, plus an off-leash park.","https://www.google.com/maps/place/MUTTS+Canine+Cantina%C2%AE+-+Dallas/@32.80609,-96.79511699999999,14z/data=!4m8!1m2!2m1!1sMUTTS+Canine+Cantina%C2%AE+-+Dallas!3m4!1s0x864e9ed4de22179b:0xbd46441201d3ef5d!8m2!3d32.80609!4d-96.79511699999999"
Dawg Life Doggy Daycare & Boarding - Dallas,https://dfwdawglife.com/,+1 214-717-2990,"2721 Logan St, Dallas, TX 75215",Dallas,75215,Texas,32.7730589,-96.7751768,https://lh3.googleusercontent.com/gps-cs-s/AC9h4no0VXn0FlOcoaETzMwbwnVgxHiED9iMOJxEWgOGCoWIYHRQj83ZaINuc08Lq2aYlDXdLS3VNIUFnnuIATF3J1D-VJ-b_SG1GoYTjZN-bPCfSahWaUUc8Ab1tc9c3kAqw-4K3I2q=w800-h500-k-no,"{""Sunday"": ""8-10AM,1:30-3:30PM"", ""Monday"": ""6:30AM-6PM"", ""Tuesday"": ""6:30AM-6PM"", ""Wednesday"": ""6:30AM-6PM"", ""Thursday"": ""6:30AM-6PM"", ""Friday"": ""6:30AM-6PM"", ""Saturday"": ""8-10AM,1:30-3:30PM""}",OPERATIONAL,,"https://www.google.com/maps/place/Dawg+Life+Doggy+Daycare+%26+Boarding+-+Dallas/@32.773058899999995,-96.7751768,14z/data=!4m8!1m2!2m1!1sDawg+Life+Doggy+Daycare+%26+Boarding+-+Dallas!3m4!1s0x864e9977ee1d5ce3:0x48cbebdbc6188c90!8m2!3d32.773058899999995!4d-96.7751768"
Tierra Buena Park,,,"12700 Pebble Hills Blvd, El Paso, TX 79936",El Paso,79936,Texas,31.7841451,-106.2482802,https://lh3.googleusercontent.com/gps-cs-s/AC9h4no4xbOPutdK7ek_IaWata8KanCTjfb-C__1Uj_8TmJAuGqDQOM5Y5Ir5hCNU8UDUEUEzywM2bkSCycmOHvaUtMPGjZFCjsxUlHm2NtzAra7o-MGVSxUuA7H7UifZLjCZXuSAS6V=w800-h500-k-no,,OPERATIONAL,,"https://www.google.com/maps/place/Tierra+Buena+Park/@31.7841451,-106.2482802,14z/data=!4m8!1m2!2m1!1sTierra+Buena+Park!3m4!1s0x86e747c289f35c2d:0xe5281c52cdc98c67!8m2!3d31.7841451!4d-106.2482802"
MUTTZ - Dog Park - Bar - Bakery - DayCare,http://www.muttzelpaso.com/,+1 915-219-8552,"460 Vin Rambla Dr, El Paso, TX 79912",El Paso,79912,Texas,31.810581,-106.529128,https://lh3.googleusercontent.com/gps-cs-s/AC9h4nofBFD6Jt4cptLNcz620jPcBvo7Z4ueMDy7GzMNZrFHGZxGWMG6JsKc2YHQgbuWHT8lRjmnXteXW6rJRQ1wkz81SexGUp9h6qBSEpakHST4WqFYaoTcwrj6veYDoBNdrWdrdTdC=w800-h500-k-no,"{""Sunday"": ""2-9PM"", ""Monday"": ""Closed"", ""Tuesday"": ""Closed"", ""Wednesday"": ""5-9PM"", ""Thursday"": ""5-9PM"", ""Friday"": ""5-11PM"", ""Saturday"": ""3-11PM""}",OPERATIONAL,,"https://www.google.com/maps/place/MUTTZ+-+Dog+Park+-+Bar+-+Bakery+-+DayCare/@31.810581,-106.529128,14z/data=!4m8!1m2!2m1!1sMUTTZ+-+Dog+Park+-+Bar+-+Bakery+-+DayCare!3m4!1s0x86e7573d083bf251:0x44d67967f94d82a!8m2!3d31.810581!4d-106.529128"
Gringo’s Bark Park,,+1 915-303-5521,"11410 Montana Ave, El Paso, TX 79936",El Paso,79936,Texas,31.8019386,-106.2974061,https://lh3.googleusercontent.com/gps-cs-s/AC9h4nqUNUUdfUorUrG0M0V24zO3AMSB3RV-VM5x7TbsYtR8XCgMPKgFKIiHSJUUxpgiSvwkIC9IIXnAf4CAgk8xhMAsxDoBq2LFVgUDcqrIQShqFCEnOiiTbZoqcibFR3lcQuZlknSm=w800-h500-k-no,"{""Sunday"": ""Closed"", ""Monday"": ""1-8PM"", ""Tuesday"": ""1-8PM"", ""Wednesday"": ""1-8PM"", ""Thursday"": ""1-8PM"", ""Friday"": ""1-8PM"", ""Saturday"": ""1-8PM""}",OPERATIONAL,,"https://www.google.com/maps/place/Gringo%E2%80%99s+Bark+Park/@31.8019386,-106.29740609999999,14z/data=!4m8!1m2!2m1!1sGringo%E2%80%99s+Bark+Park!3m4!1s0x86e745a3ec29c747:0x53593feaf4c087d3!8m2!3d31.8019386!4d-106.29740609999999"
Pavo Real Splash Park/Dog Water Park,https://www.elpasotexas.gov/parks/aquatics/spray-parks/,+1 915-212-0474,"El Paso, TX 79907",El Paso,79907,Texas,31.6897646,-106.3190655,https://lh3.googleusercontent.com/gps-cs-s/AC9h4npTbGc0pQutUeyAPCFvgcKJ0dwHUjozTsYAWCWnOgCHH2bOH9YmnDkmdGhB2Cr6zh1J91ndr8Mv9GUB8Y_e1p-4unkrYBZKi2C0K42g8QRDbNPRU5kDStW_G6exMVzYM3YG_n4MNw=w800-h500-k-no,"{""Sunday"": ""Open 24 hours"", ""Monday"": ""Open 24 hours"", ""Tuesday"": ""Open 24 hours"", ""Wednesday"": ""Open 24 hours"", ""Thursday"": ""Open 24 hours"", ""Friday"": ""Open 24 hours"", ""Saturday"": ""Open 24 hours""}",OPERATIONAL,,"https://www.google.com/maps/place/Pavo+Real+Splash+Park%2FDog+Water+Park/@31.6897646,-106.3190655,14z/data=!4m8!1m2!2m1!1sPavo+Real+Splash+Park%2FDog+Water+Park!3m4!1s0x86e742e62f47c1f7:0x98b9142bff977b!8m2!3d31.6897646!4d-106.3190655"
Tierra Buena Dog Park,http://www.elpasotexas.gov/parks-and-recreation,+1 915-212-0092,"12700 Pebble Hills Blvd, El Paso, TX 79938",El Paso,79938,Texas,31.7841451,-106.2482802,https://lh3.googleusercontent.com/gps-cs-s/AC9h4nrr0c3X8WB346AWvEApoYGhUOjASAYWWXr_sBIfyR5Cy17hESddvMU3qToOv1hN6rW9tIuVfPnia5d0E2Feb4uTYzar63HhelGetMke3kiwPpPC4S07KtfPfQO2ztinpC01sQ=w800-h500-k-no,"{""Sunday"": ""6AM-11PM"", ""Monday"": ""6AM-11PM"", ""Tuesday"": ""6AM-11PM"", ""Wednesday"": ""6AM-11PM"", ""Thursday"": ""6AM-11PM"", ""Friday"": ""6AM-11PM"", ""Saturday"": ""6AM-11PM""}",OPERATIONAL,,"https://www.google.com/maps/place/Tierra+Buena+Dog+Park/@31.7841451,-106.2482802,14z/data=!4m8!1m2!2m1!1sTierra+Buena+Dog+Park!3m4!1s0x86e7443ee04e18e7:0xf6c35ffb92691f35!8m2!3d31.7841451!4d-106.2482802"
Westside Dog Park,,,"7400 High Ridge Dr, El Paso, TX 79912",El Paso,79912,Texas,31.867369,-106.5628134,https://lh3.googleusercontent.com/gps-cs-s/AC9h4nqUZXjyA2Epfu0pN63OQBgUCl3oMvd4OS5D1SjBz5uOknxI82Xp-eovUwE71ecZfKKH-4L7qzyONC-YzacKAPAYr9nHjSIg_3jqlFn99MXHYdXGNTduuwKg-pj9ICUoIKp6X20Y=w800-h500-k-no,"{""Sunday"": ""6AM-10PM"", ""Monday"": ""6AM-10PM"", ""Tuesday"": ""6AM-10PM"", ""Wednesday"": ""6AM-10PM"", ""Thursday"": ""6AM-10PM"", ""Friday"": ""6AM-10PM"", ""Saturday"": ""6AM-10PM""}",OPERATIONAL,,"https://www.google.com/maps/place/Westside+Dog+Park/@31.867369,-106.5628134,14z/data=!4m8!1m2!2m1!1sWestside+Dog+Park!3m4!1s0x86ddf9e272d4c06f:0x370f4723d869f438!8m2!3d31.867369!4d-106.5628134"
EPK9 Stay and Play,http://www.epknine.com/,+1 915-219-8177,"6800 Gtwy Blvd E #3-C, El Paso, TX 79915",El Paso,79915,Texas,31.7759795,-106.3898431,https://lh3.googleusercontent.com/p/AF1QipMJE92RPq9sMOqdb5et4ZgI2tuW6NpsNKvrFE_C=w800-h500-k-no,"{""Sunday"": ""7AM-6PM"", ""Monday"": ""7AM-6PM"", ""Tuesday"": ""7AM-6PM"", ""Wednesday"": ""7AM-6PM"", ""Thursday"": ""7AM-6PM"", ""Friday"": ""7AM-6PM"", ""Saturday"": ""7AM-6PM""}",OPERATIONAL,,"https://www.google.com/maps/place/EPK9+Stay+and+Play/@31.7759795,-106.3898431,14z/data=!4m8!1m2!2m1!1sEPK9+Stay+and+Play!3m4!1s0x86e75b0110d5478b:0x9616a949b8775bd7!8m2!3d31.7759795!4d-106.3898431"
Eastwood Dog Park,,,"2921 Wedgewood Dr, El Paso, TX 79925",El Paso,79925,Texas,31.7835095,-106.3479154,https://lh3.googleusercontent.com/gps-cs-s/AC9h4nrFA_PJlXjCO6naysMacxOGpxVy1HMAMQuZzNN9HIgOKYkWfA1t6QVppT7vQY3jec7CuLToH0FDxUsdQbqEVWCpGmBu9CWuZ7H19ngGTuE1pCEsCk3CRLYoyirnk5ME234IV8ez0vAcKaS3=w800-h500-k-no,,OPERATIONAL,,"https://www.google.com/maps/place/Eastwood+Dog+Park/@31.783509499999997,-106.34791539999999,14z/data=!4m8!1m2!2m1!1sEastwood+Dog+Park!3m4!1s0x86e75b0a5c322ef7:0xb40504462c485dd5!8m2!3d31.783509499999997!4d-106.34791539999999"
EP Barks and Rec (formerly D'Lux Dog Care),https://www.epbarksandrec.com/,+1 915-504-5238,"2030 Montana Ave, El Paso, TX 79903",El Paso,79903,Texas,31.7765089,-106.4717161,https://lh3.googleusercontent.com/gps-cs-s/AC9h4noYms7T0lIZcH27dexsn2xyHMjU1wlin58-p8JheCDFt4iUWc1_JcAGbj7vq-F7P3-JvRB-yRlyGM6m7blFIIKY7yjachadTk2pwF8sfTpiPZID4P57_KAreXgxfr_Qn5QtJyiF=w800-h500-k-no,"{""Sunday"": ""8:30-10:30AM,3:30-5:30PM"", ""Monday"": ""7:30AM-6:30PM"", ""Tuesday"": ""7:30AM-6:30PM"", ""Wednesday"": ""7:30AM-6:30PM"", ""Thursday"": ""7:30AM-6:30PM"", ""Friday"": ""7:30AM-6:30PM"", ""Saturday"": ""8:30-10:30AM,3:30-5:30PM""}",OPERATIONAL,,"https://www.google.com/maps/place/EP+Barks+and+Rec+%28formerly+D%27Lux+Dog+Care%29/@31.7765089,-106.4717161,14z/data=!4m8!1m2!2m1!1sEP+Barks+and+Rec+%28formerly+D%27Lux+Dog+Care%29!3m4!1s0x86e7515f7ef720bb:0x91253ba952682462!8m2!3d31.7765089!4d-106.4717161"
Alethea Park,http://www.elpasotexas.gov/,,"801 Stockwell Ln, El Paso, TX 79902",El Paso,79902,Texas,31.7865017,-106.4996909,https://lh3.googleusercontent.com/gps-cs-s/AC9h4nrQpeJegv177sof1niqAPDAv0kq-s1YWH5GaksuPG2n7ZbbAyPj0MQaVSrSqMmjrhYwSZqfRzlNm5R0L9PbGcbU_2X2Sy9FB0yhQGhS_6Cj3Qb_kDTf8LImbz_3G1492TpRa69ofA=w800-h500-k-no,"{""Sunday"": ""6AM-10PM"", ""Monday"": ""6AM-10PM"", ""Tuesday"": ""6AM-10PM"", ""Wednesday"": ""6AM-10PM"", ""Thursday"": ""6AM-10PM"", ""Friday"": ""6AM-10PM"", ""Saturday"": ""6AM-10PM""}",OPERATIONAL,,"https://www.google.com/maps/place/Alethea+Park/@31.7865017,-106.49969089999999,14z/data=!4m8!1m2!2m1!1sAlethea+Park!3m4!1s0x86e75848087fa52b:0xd45518bd2194b1d3!8m2!3d31.7865017!4d-106.49969089999999"
Eagles Den Suites Carrizo Springs a Travelodge by Wyndham,https://www.wyndhamhotels.com/travelodge/carrizo-springs-texas/eagles-den-suites-carrizo-springs-a-travelodge/overview?CID=LC:fkqqcjhla7b6gbb:57983,+1 830-326-9668,"122 LOOP 517, Carrizo Springs, TX 78834",Carrizo Springs,78834,Texas,28.544275,-99.847528,https://lh3.googleusercontent.com/p/AF1QipOtAsCWQdey7-kYmkUEAb-k25UrtItsQ_l0nG-I=w800-h500-k-no,,OPERATIONAL,,"https://www.google.com/maps/place/Eagles+Den+Suites+Carrizo+Springs+a+Travelodge+by+Wyndham/@28.544275,-99.847528,14z/data=!4m8!1m2!2m1!1sEagles+Den+Suites+Carrizo+Springs+a+Travelodge+by+Wyndham!3m4!1s0x865e33033bdfeca9:0x7c783c7afb86bf61!8m2!3d28.544275!4d-99.847528"
The Inn Between,http://www.theinnbetweentx.com/,+1 830-232-4015,"28213 US-83, Concan, TX 78838",Concan,78838,Texas,29.5612681,-99.7434454,https://lh3.googleusercontent.com/p/AF1QipO0r_iUOoJHDwK83eqI34ELEIP_d4nzPYIUw60G=w800-h500-k-no,,OPERATIONAL,"Colorful eclectic glamping in Concan, Texas. Unique 1 and 2 bedroom daily vacation rentals close to the Frio River and Garner State Park. Enjoy the Frio River in style, surrounded by art, a beautiful rose garden, and a friendly pig and goats. A family friendly location with a playground, rock painting, and a chalk board wall.","https://www.google.com/maps/place/The+Inn+Between/@29.5612681,-99.7434454,14z/data=!4m8!1m2!2m1!1sThe+Inn+Between!3m4!1s0x865edbad87929fb5:0xb5dacaca95c84a12!8m2!3d29.5612681!4d-99.7434454"
Del Rio Community Dog Park at Carranza Park,https://delrioparksfoundation.com/dogpark,+1 830-774-8522,"608 Ave V, Del Rio, TX 78840",Del Rio,78840,Texas,29.3649069,-100.9151648,https://lh3.googleusercontent.com/gps-cs-s/AC9h4nrnR2eb7NZGqpSeEMsHOhl0pvhQ9HbCRmAh6s5g-FBUk8LhiGgscgh6r3d4Q912BPKuLbJZywzOsLsHyqzNleskj0tmXl_3ihJREYKh2cU4k8Rbagmw4ewwaBsEPnXI2kU_aAL7=w800-h500-k-no,"{""Sunday"": ""6AM-10PM"", ""Monday"": ""6AM-10PM"", ""Tuesday"": ""6AM-10PM"", ""Wednesday"": ""6AM-10PM"", ""Thursday"": ""6AM-10PM"", ""Friday"": ""6AM-10PM"", ""Saturday"": ""6AM-10PM""}",OPERATIONAL,,"https://www.google.com/maps/place/Del+Rio+Community+Dog+Park+at+Carranza+Park/@29.364906899999998,-100.9151648,14z/data=!4m8!1m2!2m1!1sDel+Rio+Community+Dog+Park+at+Carranza+Park!3m4!1s0x86f5eb21db6d704d:0x1f316d91fd67a7b6!8m2!3d29.364906899999998!4d-100.9151648"
Laughlin Dog Park,http://www.laughlinfamilyhousing.com/,+1 888-316-0705,"Laughlin AFB, TX 78840",Laughlin AFB,78840,Texas,29.3549099,-100.798667,,,OPERATIONAL,,"https://www.google.com/maps/place/Laughlin+Dog+Park/@29.3549099,-100.798667,14z/data=!4m8!1m2!2m1!1sLaughlin+Dog+Park!3m4!1s0x86f5f2aa18b422e3:0x7fc1621d32c35fcb!8m2!3d29.3549099!4d-100.798667"
CONFETTI PLAY AND CAFE,https://www.confettiplayandcafe.com/,+1 830-516-1662,"1992 N Veterans Blvd Suite 300, Eagle Pass, TX 78852",Eagle Pass,78852,Texas,28.7131979,-100.4759043,https://lh3.googleusercontent.com/p/AF1QipNz8qeiOCcGlVKUibc3G7MerOg0KsWMQuXD5RhW=w800-h500-k-no,"{""Sunday"": ""9AM-6PM"", ""Monday"": ""Closed"", ""Tuesday"": ""Closed"", ""Wednesday"": ""9AM-6PM"", ""Thursday"": ""9AM-6PM"", ""Friday"": ""9AM-6PM"", ""Saturday"": ""9AM-6PM""}",OPERATIONAL,"The 1st Indoor Play and Cafe for the littlest ones (0-6 years of age) of our community in Eagle Pass, TX. With age appropriate designated modern play areas of Pretend play, Sensory play, Montessori, and much more fun for kids. For you, the Confetti Cafe Bar experience awaits. Book a play session now.","https://www.google.com/maps/place/CONFETTI+PLAY+AND+CAFE/@28.713197899999997,-100.4759043,14z/data=!4m8!1m2!2m1!1sCONFETTI+PLAY+AND+CAFE!3m4!1s0x865f8d15cd1f84cd:0xd78c6440801bbc2f!8m2!3d28.713197899999997!4d-100.4759043"
Utopia Dog Haven,https://www.facebook.com/profile.php?id=100094566326210,+1 737-206-2013,"150 Oak Ridge Dr, Cedar Creek, TX 78612",Cedar Creek,78612,Texas,30.1061022,-97.4320936,https://lh3.googleusercontent.com/p/AF1QipO7G0Qk5rgCAtA67TPLPn-I9pq3sOnj94tsKNI3=w800-h500-k-no,"{""Sunday"": ""Open 24 hours"", ""Monday"": ""Open 24 hours"", ""Tuesday"": ""Open 24 hours"", ""Wednesday"": ""Open 24 hours"", ""Thursday"": ""Open 24 hours"", ""Friday"": ""Open 24 hours"", ""Saturday"": ""Open 24 hours""}",OPERATIONAL,"Welcome to Utopia! A space created to house dogs who are either in need of rehabilitation while waiting for forever homes, or those who have loving homes but simply do not do well in conventional boarding facilities and need a quiet, home setting to accommodate them while their families are traveling. We are a force-free facility offering experienced, compassionate, consent-based handling for dogs who do not enjoy the company of other dogs and who may have trouble with general handling in a conventional boarding setting. We specialize in accommodating dogs with handling sensitivity, those who prefer not to have visual stimulation of other dogs (dog reactive), and dogs who need medical care.","https://www.google.com/maps/place/Utopia+Dog+Haven/@30.1061022,-97.4320936,14z/data=!4m8!1m2!2m1!1sUtopia+Dog+Haven!3m4!1s0x864499affabc5fbd:0xe54aeca47a70eb5d!8m2!3d30.1061022!4d-97.4320936"
The Pet Ranch,https://www.petranchtx.com/,+1 737-341-4799,"336 Reiter Ln, Flatonia, TX 78941",Flatonia,78941,Texas,29.8931779,-97.1985806,https://lh3.googleusercontent.com/gps-cs-s/AC9h4noZ_jJ1jEZfYQ4UhzqTWN_aAM-HMSBaKHmete1f0Qi2KRelWZgMOz1eTHS39WRE2rZSg9VaOCiWLxRcC2vysWd1JKml34ozPHj7ggxxLmbf2W_TKGJ7hYMiAOYg4fYjg2BcYt8=w800-h500-k-no,"{""Sunday"": ""5-6PM"", ""Monday"": ""8AM-6PM"", ""Tuesday"": ""8AM-6PM"", ""Wednesday"": ""10AM-12PM"", ""Thursday"": ""8AM-6PM"", ""Friday"": ""8AM-6PM"", ""Saturday"": ""9AM-12PM""}",OPERATIONAL,"All business by appointment, please text, call or visit our website for more information","https://www.google.com/maps/place/The+Pet+Ranch/@29.893177899999998,-97.1985806,14z/data=!4m8!1m2!2m1!1sThe+Pet+Ranch!3m4!1s0x86437d2f7b2f5617:0x749b39f00094e976!8m2!3d29.893177899999998!4d-97.1985806"
Travel plaza dog park,,,"1790 W Austin, Giddings, TX 78942",Giddings,78942,Texas,30.1845944,-96.9538575,https://streetviewpixels-pa.googleapis.com/v1/thumbnail?panoid=ZkNgg-W0q0a4U9SFmtIEvg&cb_client=search.gws-prod.gps&w=800&h=500&yaw=190.94707&pitch=0&thumbfov=100,,OPERATIONAL,,"https://www.google.com/maps/place/Travel+plaza+dog+park/@30.184594399999998,-96.9538575,14z/data=!4m8!1m2!2m1!1sTravel+plaza+dog+park!3m4!1s0x864465002844895f:0x78593571059a484e!8m2!3d30.184594399999998!4d-96.9538575"
Hound House Dog Club,https://www.houndhousedogclub.com/,+1 979-378-0129,"325 Halstedt Rd, La Grange, TX 78945",La Grange,78945,Texas,29.9049488,-96.7850399,https://lh3.googleusercontent.com/p/AF1QipOD0b2fvx9KLgT-yJcCp5bZ0YraaFVY7qofuFcm=w800-h500-k-no,"{""Sunday"": ""Closed"", ""Monday"": ""8AM-4PM"", ""Tuesday"": ""8AM-4PM"", ""Wednesday"": ""8AM-4PM"", ""Thursday"": ""8AM-4PM"", ""Friday"": ""8AM-4PM"", ""Saturday"": ""Closed""}",OPERATIONAL,"Welcome to Hound House, where the good dogs go!
Dogs spend the day with us at liberty - they play with friends, cool off in our on-site water park, and hike the trails around our farm; think summer camp for dogs. After a long day of play, your dog will sleep soundly in one of our private suites, designed to create a feeling of safety and comfort.

Hound House is all-inclusive, with no additional fees for play time or care, and meals are included! We feed our doggie guests the highest quality raw dog food from beef raised on our farm.

We offer transportation to and from both Austin and Houston in our air conditioned, custom-outfitted van.","https://www.google.com/maps/place/Hound+House+Dog+Club/@29.9049488,-96.7850399,14z/data=!4m8!1m2!2m1!1sHound+House+Dog+Club!3m4!1s0x86438bc53d2ed113:0x65e6a34bc8362c17!8m2!3d29.9049488!4d-96.7850399"
Hilltop Dog Camp,http://www.hilltopdogcamp.com/,+1 512-957-1621,"1793 Co Rd 320, Lexington, TX 78947",Lexington,78947,Texas,30.4505073,-97.022884,https://lh3.googleusercontent.com/p/AF1QipMoUvh1E2zjTF9ZhYDAfAVuQKd4XxyLml_xLzNh=w800-h500-k-no,"{""Sunday"": ""8AM-3PM"", ""Monday"": ""8AM-6PM"", ""Tuesday"": ""8AM-6PM"", ""Wednesday"": ""8AM-6PM"", ""Thursday"": ""8AM-6PM"", ""Friday"": ""8AM-6PM"", ""Saturday"": ""8AM-3PM""}",OPERATIONAL,,"https://www.google.com/maps/place/Hilltop+Dog+Camp/@30.450507299999998,-97.02288399999999,14z/data=!4m8!1m2!2m1!1sHilltop+Dog+Camp!3m4!1s0x864459ea11ef2e95:0x901dafa8042e2f8e!8m2!3d30.450507299999998!4d-97.02288399999999"
Menard Dog Park,https://www.galvestontx.gov/Facilities/Facility/Details/Menard-Dog-Park-79,,"2222 28th St, Galveston, TX 77550",Galveston,77550,Texas,29.2882984,-94.7940704,https://streetviewpixels-pa.googleapis.com/v1/thumbnail?panoid=WQsdCbfclVvcNWOiA8TyPg&cb_client=search.gws-prod.gps&w=800&h=500&yaw=343.23297&pitch=0&thumbfov=100,"{""Sunday"": ""6AM-11PM"", ""Monday"": ""6AM-11PM"", ""Tuesday"": ""6AM-11PM"", ""Wednesday"": ""6AM-11PM"", ""Thursday"": ""6AM-11PM"", ""Friday"": ""6AM-11PM"", ""Saturday"": ""6AM-11PM""}",OPERATIONAL,,"https://www.google.com/maps/place/Menard+Dog+Park/@29.2882984,-94.7940704,14z/data=!4m8!1m2!2m1!1sMenard+Dog+Park!3m4!1s0x863f9f0533dc0dbb:0x5886f26c06ebea8d!8m2!3d29.2882984!4d-94.7940704"
West End Dog Recreation Area,https://www.galvestontx.gov/169/Parks-Recreation,+1 409-797-3700,"2115 83rd St, Galveston, TX 77554",Galveston,77554,Texas,29.2606514,-94.8506996,https://lh3.googleusercontent.com/gps-cs-s/AC9h4nqKTYJjk4vxQu7v9AMtyhFvsNSkm-L69u5woAypLHYL3hnezCkCuboJ8MWFSBAu6dXWSZDIY6k1tL990gkTBSvZvNV1voNMRglongeQ8Q0J3Lqb13Bim7XtUI0Se-eIMDzJm576bg=w800-h500-k-no,"{""Sunday"": ""6AM-8PM"", ""Monday"": ""6AM-8PM"", ""Tuesday"": ""6AM-8PM"", ""Wednesday"": ""6AM-8PM"", ""Thursday"": ""6AM-8PM"", ""Friday"": ""6AM-8PM"", ""Saturday"": ""6AM-8PM""}",OPERATIONAL,,"https://www.google.com/maps/place/West+End+Dog+Recreation+Area/@29.2606514,-94.8506996,14z/data=!4m8!1m2!2m1!1sWest+End+Dog+Recreation+Area!3m4!1s0x863f9d53d05889a9:0xbd23e57656d7fbbc!8m2!3d29.2606514!4d-94.8506996"
Dogs At Dolphins View,http://www.dogsatdolphinsview.com/,+1 409-737-9515,"10720 Termini-San Luis Pass Rd, Galveston, TX 77554",Galveston,77554,Texas,29.2433146,-94.8718187,https://lh3.googleusercontent.com/gps-cs-s/AC9h4nqnq4a9Y_Q9hVglRwO7otW_AaoFF_aLYxWMkdiS6OwOT7FzqA3Nd6wUwUy4cNypcF46k5NUijIsVs3v1iw7uXpy6NwadIc1Nd_j079rqlwVJRD5xIdKC0rs9IAB6Fww-afQy1b4ag=w800-h500-k-no,"{""Sunday"": ""7AM-5PM"", ""Monday"": ""7AM-6PM"", ""Tuesday"": ""7AM-6PM"", ""Wednesday"": ""7AM-6PM"", ""Thursday"": ""7AM-6PM"", ""Friday"": ""7AM-6PM"", ""Saturday"": ""7AM-5PM""}",OPERATIONAL,,"https://www.google.com/maps/place/Dogs+At+Dolphins+View/@29.243314599999998,-94.87181869999999,14z/data=!4m8!1m2!2m1!1sDogs+At+Dolphins+View!3m4!1s0x863f8669d57130a3:0x4fcbf9913a9dc3fd!8m2!3d29.243314599999998!4d-94.87181869999999"
Highlands Park,https://www.pct3.com/,,"604 Highland Woods Dr, Highlands, TX 77562",Highlands,77562,Texas,29.8197125,-95.0656025,https://streetviewpixels-pa.googleapis.com/v1/thumbnail?panoid=ClQj-AZYyXbSvvOGE4X4Tw&cb_client=search.gws-prod.gps&w=800&h=500&yaw=2.941866&pitch=0&thumbfov=100,,OPERATIONAL,,"https://www.google.com/maps/place/Highlands+Park/@29.819712499999998,-95.0656025,14z/data=!4m8!1m2!2m1!1sHighlands+Park!3m4!1s0x8640a77898150015:0xdfa78a9a212df230!8m2!3d29.819712499999998!4d-95.0656025"
Texas City Dog Park,https://www.texascitytx.gov/1104/Texas-City-Dog-Park,+1 409-643-5990,"1500 29th St N, Texas City, TX 77590",Texas City,77590,Texas,29.3990832,-94.9361024,https://lh3.googleusercontent.com/gps-cs-s/AC9h4no15L39_zBnbuQ4zhi24HZlgC7l_01ATq_0pYRlW8VI6UrxumLUkyeD65ABJEbLYQxS1qv1g9in94HloIVPbRSGWrSJAeSNKXITpa5xPDoX8sS-jL42TI1A6EWPHo-0FgF0VnQt=w800-h500-k-no,"{""Sunday"": ""7AM-10PM"", ""Monday"": ""7AM-10PM"", ""Tuesday"": ""7AM-10PM"", ""Wednesday"": ""7AM-10PM"", ""Thursday"": ""7AM-10PM"", ""Friday"": ""7AM-10PM"", ""Saturday"": ""7AM-10PM""}",OPERATIONAL,,"https://www.google.com/maps/place/Texas+City+Dog+Park/@29.3990832,-94.9361024,14z/data=!4m8!1m2!2m1!1sTexas+City+Dog+Park!3m4!1s0x863f7975735ba07f:0xcf5b973e6f85564f!8m2!3d29.3990832!4d-94.9361024"
BASF Dog Park,,,"198 Canna Ln, Lake Jackson, TX 77566",Lake Jackson,77566,Texas,29.0252604,-95.4588499,https://lh3.googleusercontent.com/gps-cs-s/AC9h4nq8TZ2RzBKN0j2tDvYn2hyaINKC8FvjDw-bw8FCye81g4bEJA2rk8ztMj-B8wlnw6G1KnUJCQaPPAJC8uUBQJ-i_7Y3gG9pZS6zyd7rBg8ClvuLUdRfzIbTNxPzX69FQeqTwEMR=w800-h500-k-no,"{""Sunday"": ""7AM-8:30PM"", ""Monday"": ""7AM-8:30PM"", ""Tuesday"": ""7AM-8:30PM"", ""Wednesday"": ""Closed"", ""Thursday"": ""7AM-8:30PM"", ""Friday"": ""7AM-8:30PM"", ""Saturday"": ""7AM-8:30PM""}",OPERATIONAL,,"https://www.google.com/maps/place/BASF+Dog+Park/@29.025260399999997,-95.45884989999999,14z/data=!4m8!1m2!2m1!1sBASF+Dog+Park!3m4!1s0x864041aba4761bbd:0x2e79f8604cb0be01!8m2!3d29.025260399999997!4d-95.45884989999999"
Great Woof Lodge,http://greatwooflodgelm.com/,+1 936-828-7374,"9 Perthius Farm, La Marque, TX 77568",La Marque,77568,Texas,29.3539584,-94.990237,https://lh3.googleusercontent.com/gps-cs-s/AC9h4nq-OKy1fYi6zaFH7SHkWuLWgDVSQqz1ynITG3jJ-v7Zew5wVErqx82RsaiFebHPyQA7PfQ8tt_L2ywgt-eRaXHQG7TzbCpKsUlPGdGqGux3PJrOCjLu4-_2fM0lc4gKM5tPFS8=w800-h500-k-no,"{""Sunday"": ""12-4PM"", ""Monday"": ""8AM-6PM"", ""Tuesday"": ""8AM-6PM"", ""Wednesday"": ""8AM-6PM"", ""Thursday"": ""8AM-6PM"", ""Friday"": ""8AM-6PM"", ""Saturday"": ""8AM-6PM""}",OPERATIONAL,,"https://www.google.com/maps/place/Great+Woof+Lodge/@29.3539584,-94.990237,14z/data=!4m8!1m2!2m1!1sGreat+Woof+Lodge!3m4!1s0x863f7f1277455dd9:0xaef89bfb42672db7!8m2!3d29.3539584!4d-94.990237"
Farrington Dog Park,,,"3540 Farrington St, La Porte, TX 77571",La Porte,77571,Texas,29.6579205,-95.0755545,https://lh3.googleusercontent.com/gps-cs-s/AC9h4nrvGLvxbAH-Q3DzDTBMp4XwVAX3QK7Qw8cTqjuqsLLRtBkj4rYDgVNhrclsH9-natf4kILeFo7BTNdaLbFFBsPXy6DrR6kyGmdLARxQqc7SBZMQJEXYpQJKPLj53qYSVhwyH-E=w800-h500-k-no,"{""Sunday"": ""Open 24 hours"", ""Monday"": ""Open 24 hours"", ""Tuesday"": ""Open 24 hours"", ""Wednesday"": ""Open 24 hours"", ""Thursday"": ""Open 24 hours"", ""Friday"": ""Open 24 hours"", ""Saturday"": ""Open 24 hours""}",OPERATIONAL,,"https://www.google.com/maps/place/Farrington+Dog+Park/@29.6579205,-95.0755545,14z/data=!4m8!1m2!2m1!1sFarrington+Dog+Park!3m4!1s0x86409ff4a9c7c449:0x2283051e66febde!8m2!3d29.6579205!4d-95.0755545"
Dog Park,,,"s 1st Dog Park, 175 W Bay Area Blvd, League City, TX 77573",League City,77573,Texas,29.4956578,-95.1567115,https://lh3.googleusercontent.com/gps-cs-s/AC9h4nrWINBng6fz89blaACq_b3wjhpQHJ4hXms2NVEgwYrUJTRqceMdCzHwYohgKJTm4BfxvwnsBRWsABjXkikU3zxqjB6vgI6NbfdaBP1QFYekpBw4zih1EuaId28sHQqzRqS65B1BDg=w800-h500-k-no,"{""Sunday"": ""8AM-10PM"", ""Monday"": ""Closed"", ""Tuesday"": ""8AM-10PM"", ""Wednesday"": ""8AM-10PM"", ""Thursday"": ""8AM-10PM"", ""Friday"": ""8AM-10PM"", ""Saturday"": ""8AM-10PM""}",OPERATIONAL,,"https://www.google.com/maps/place/Dog+Park/@29.4956578,-95.1567115,14z/data=!4m8!1m2!2m1!1sDog+Park!3m4!1s0x864085b5c79e8371:0x20ebac338f835365!8m2!3d29.4956578!4d-95.1567115"
Bark Park at Countryside (League City Dog Park),,+1 281-554-1000,"League City, TX 77573",League City,77573,Texas,29.4954832,-95.156827,https://lh3.googleusercontent.com/gps-cs-s/AC9h4nqjJzS-5sl6yhW2GRYcnev4qNrd7RuOx_Db2eiux33i9tfyRTjbYZTiA_hQ6ZdveY1YbjvdK0K64PZyrtScYkBhPnU3JTWhq9bqa7qEXOffIw-2nRk1HpIuxx7OzJqkgx7WXiL0Qw=w800-h500-k-no,"{""Sunday"": ""7:30AM-6:30PM"", ""Monday"": ""Closed"", ""Tuesday"": ""7:30AM-6:30PM"", ""Wednesday"": ""7:30AM-6:30PM"", ""Thursday"": ""7:30AM-6:30PM"", ""Friday"": ""7:30AM-6:30PM"", ""Saturday"": ""7:30AM-6:30PM""}",OPERATIONAL,,"https://www.google.com/maps/place/Bark+Park+at+Countryside+%28League+City+Dog+Park%29/@29.4954832,-95.15682699999999,14z/data=!4m8!1m2!2m1!1sBark+Park+at+Countryside+%28League+City+Dog+Park%29!3m4!1s0x864084b1035cb235:0x42189afffd02cbd2!8m2!3d29.4954832!4d-95.15682699999999"
Canfield Park & Dog Park,https://www.cityofliberty.org/parks-recreation-department/pages/neighborhood-parks,+1 936-336-2910,"2698 Grand Ave, Liberty, TX 77575",Liberty,77575,Texas,30.0633028,-94.7860839,https://lh3.googleusercontent.com/gps-cs-s/AC9h4nq3dXX490W4IcPNJcxXcUFo1g54vsKSY6JROET13rr7Kq7rpz4dD49i10-dhAf-kisIw4380wNNGmZHRDNBNIUVWYxUZugVkLLuKKNytCN_sxx8Cv7gNuIXFzJx_dMugjQVHFE=w800-h500-k-no,"{""Sunday"": ""Open 24 hours"", ""Monday"": ""Open 24 hours"", ""Tuesday"": ""Open 24 hours"", ""Wednesday"": ""Open 24 hours"", ""Thursday"": ""Open 24 hours"", ""Friday"": ""Open 24 hours"", ""Saturday"": ""Open 24 hours""}",OPERATIONAL,,"https://www.google.com/maps/place/Canfield+Park+%26+Dog+Park/@30.0633028,-94.7860839,14z/data=!4m8!1m2!2m1!1sCanfield+Park+%26+Dog+Park!3m4!1s0x863f4b3fb541c5d9:0x15d7b28c557def93!8m2!3d30.0633028!4d-94.7860839"
Hackberry Dog Park,,,"R4JP+22, Mont Belvieu, TX 77523",Mont Belvieu,77523,Texas,29.830051,-94.8648868,https://lh3.googleusercontent.com/gps-cs-s/AC9h4nru4Xzf5rMLXwqWc00-gljBd05CiyvctD1CSFAsbCqHAJA3MZJIJ4_yGEZ51g9mQqvzN1sIZO-YOvo948frkdddvIEC2Zsp-35rCC-gMOB3yN1wsXGQAtcgUpGBXY0SLxl24IiaWw=w800-h500-k-no,,OPERATIONAL,,"https://www.google.com/maps/place/Hackberry+Dog+Park/@29.830050999999997,-94.8648868,14z/data=!4m8!1m2!2m1!1sHackberry+Dog+Park!3m4!1s0x863f45001bd191a1:0x8d10522929996120!8m2!3d29.830050999999997!4d-94.8648868"
Independence Dog Park,https://www.pearlandtx.gov/Home/Components/FacilityDirectory/FacilityDirectory/16/539,+1 281-412-8900,"3449 Pearland Pkwy, Pearland, TX 77581",Pearland,77581,Texas,29.5417044,-95.2662014,https://lh3.googleusercontent.com/gps-cs-s/AC9h4npSE6IJnGIGd-sfWvELlt_SJ3D-DrFvtTbrKoGW7QaCv3_TooDnPKkAg6BMtmpV4rw84xsBKsW7uUBxXJY3vCuV-VRSYt_czvRZMeBD7ymKcOqkNymjy5AGPgs4vl-zjgOIfHc=w800-h500-k-no,"{""Sunday"": ""6AM-10PM"", ""Monday"": ""6AM-10PM"", ""Tuesday"": ""6AM-10PM"", ""Wednesday"": ""6AM-10PM"", ""Thursday"": ""6AM-10PM"", ""Friday"": ""6AM-10PM"", ""Saturday"": ""6AM-10PM""}",OPERATIONAL,,"https://www.google.com/maps/place/Independence+Dog+Park/@29.5417044,-95.2662014,14z/data=!4m8!1m2!2m1!1sIndependence+Dog+Park!3m4!1s0x86409054f39b48b5:0x403b84976737cb1a!8m2!3d29.5417044!4d-95.2662014"
Southdown Dog Park,https://www.parks.pearlandtx.gov/Home/Components/FacilityDirectory/FacilityDirectory/18/2095,+1 281-412-8900,"2150 Country Pl Pkwy, Pearland, TX 77584",Pearland,77584,Texas,29.5714336,-95.3847713,https://lh3.googleusercontent.com/gps-cs-s/AC9h4no2gO0IhMVnknsIWOujBT6oYZXuHnNAyNkzg-va4gXlKXro2jauNBkF45skJ460gl6zHMh_-8wR_HB7BeoMUNLupxFlkCsR6Z2dMwu1cmE0O6DYbzNLs854j-HlSnPe6uchVba0iQ=w800-h500-k-no,"{""Sunday"": ""6AM-10PM"", ""Monday"": ""6AM-10PM"", ""Tuesday"": ""6AM-10PM"", ""Wednesday"": ""6AM-10PM"", ""Thursday"": ""6AM-10PM"", ""Friday"": ""6AM-10PM"", ""Saturday"": ""6AM-10PM""}",OPERATIONAL,,"https://www.google.com/maps/place/Southdown+Dog+Park/@29.5714336,-95.3847713,14z/data=!4m8!1m2!2m1!1sSouthdown+Dog+Park!3m4!1s0x8640934f6ea84357:0xc3ba022d73164b3e!8m2!3d29.5714336!4d-95.3847713"
Sierra Vista Dog Park,,,"10514 Sierra Vista Blvd, Rosharon, TX 77583",Rosharon,77583,Texas,29.4312391,-95.4375928,https://streetviewpixels-pa.googleapis.com/v1/thumbnail?panoid=6FtsyW0_varEYZxDRAkF_w&cb_client=search.gws-prod.gps&w=800&h=500&yaw=35.361454&pitch=0&thumbfov=100,,OPERATIONAL,,"https://www.google.com/maps/place/Sierra+Vista+Dog+Park/@29.4312391,-95.43759279999999,14z/data=!4m8!1m2!2m1!1sSierra+Vista+Dog+Park!3m4!1s0x8640f3004b93afa3:0x55660349f245e934!8m2!3d29.4312391!4d-95.43759279999999"
Bounce N Play Seabrook,http://www.bouncenplaytx.com/seabrook,+1 346-633-8320,"2000 Bayport Blvd, Seabrook, TX 77586",Seabrook,77586,Texas,29.5704928,-95.0255603,https://lh3.googleusercontent.com/gps-cs-s/AC9h4nrDjycx-sQId4_d2ZZ6DcpLfVAqoZsycZdb6Rt0ADMfkrm92piD0clut_IIayPgBb4bneP3cFeXIjl-ngbZ0NHDY6OIJcgY0ELE4W8o_LF378YS1HtBsPQXokbvAX_ekgNxFr7v=w800-h500-k-no,"{""Sunday"": ""12-5PM"", ""Monday"": ""9AM-5PM"", ""Tuesday"": ""9AM-5PM"", ""Wednesday"": ""9AM-5PM"", ""Thursday"": ""9AM-5PM"", ""Friday"": ""9AM-5PM"", ""Saturday"": ""9AM-5PM""}",OPERATIONAL,"Looking for a fun-filled Kids indoor playground and children's amusement center? Look no further than Bounce N Play! Our facility is the perfect place to let your kids burn off energy and have a blast. We offer open play 7 days a week, catering to babies, toddlers, and early-elementary aged kids.

At Bounce N Play, your little ones will be captivated for hours with our impressive 3-story play structure, complete with slides, a ball pit, a jumping cloud, and even a dedicated crawler corner for children under 2 years old.

Hosting a stress-free birthday party? Bounce N Play has got you covered! We offer a range of party packages to suit your needs, whether you're planning an intimate gathering with a few kids or a full-blown birthday bash.","https://www.google.com/maps/place/Bounce+N+Play+Seabrook/@29.5704928,-95.0255603,14z/data=!4m8!1m2!2m1!1sBounce+N+Play+Seabrook!3m4!1s0x863f63015ef35a27:0x90e3f5f92cc04a79!8m2!3d29.5704928!4d-95.0255603"
Southside Skatepark,http://www.southsideskateshop.com/,+1 713-946-0414,"510 Iowa St, South Houston, TX 77587",South Houston,77587,Texas,29.6591788,-95.2331547,https://lh3.googleusercontent.com/p/AF1QipN_EiPK1AgqUaQAuePW30PZ06MezlGApGtba-T5=w800-h500-k-no,"{""Sunday"": ""1-8PM"", ""Monday"": ""2-9PM"", ""Tuesday"": ""2-9PM"", ""Wednesday"": ""2-9PM"", ""Thursday"": ""2-9PM"", ""Friday"": ""2-9PM"", ""Saturday"": ""11AM-9PM""}",OPERATIONAL,"Salesroom for skateboards, skate gear, apparel & accessories, plus an on-site skate park.","https://www.google.com/maps/place/Southside+Skatepark/@29.6591788,-95.2331547,14z/data=!4m8!1m2!2m1!1sSouthside+Skatepark!3m4!1s0x8640978c42a243cd:0x6b21cb28bb9d6109!8m2!3d29.6591788!4d-95.2331547"
Lucky Leash Dog Park,,+1 713-332-4675,"422 Round Top St, Webster, TX 77598",Webster,77598,Texas,29.5290128,-95.1032289,https://lh3.googleusercontent.com/gps-cs-s/AC9h4nqA_UQMmiuyTKPPROThbOTB8aWA1JwxNouAoecR9mtV_ppwWm4aPuJvO9XGot6PMC7bMWkDyomb3XxFqkZEvAPVvlYl_RjwX73KOq23-W0XTFuvNCARemD3tqug8t4bd2IZfD5D=w800-h500-k-no,"{""Sunday"": ""6AM-10PM"", ""Monday"": ""6AM-10PM"", ""Tuesday"": ""6AM-10PM"", ""Wednesday"": ""6AM-10PM"", ""Thursday"": ""6AM-10PM"", ""Friday"": ""6AM-10PM"", ""Saturday"": ""6AM-10PM""}",OPERATIONAL,,"https://www.google.com/maps/place/Lucky+Leash+Dog+Park/@29.5290128,-95.10322889999999,14z/data=!4m8!1m2!2m1!1sLucky+Leash+Dog+Park!3m4!1s0x86409dd6e26c2569:0xe5d90660c8f0035c!8m2!3d29.5290128!4d-95.10322889999999"
Dogtopia of Nasa,https://www.dogtopia.com/nasa/,+1 832-403-2993,"310 Genesis Blvd, Webster, TX 77598",Webster,77598,Texas,29.5274372,-95.1356353,https://lh3.googleusercontent.com/p/AF1QipPKY64A1zzkwpdb-ixDvFSN2Ky341NlxP1NTFX6=w800-h500-k-no,"{""Sunday"": ""12-2PM"", ""Monday"": ""6AM-7:30PM"", ""Tuesday"": ""6AM-7:30PM"", ""Wednesday"": ""6AM-7:30PM"", ""Thursday"": ""6AM-7:30PM"", ""Friday"": ""6AM-7:30PM"", ""Saturday"": ""7AM-7PM""}",OPERATIONAL,,"https://www.google.com/maps/place/Dogtopia+of+Nasa/@29.527437199999998,-95.13563529999999,14z/data=!4m8!1m2!2m1!1sDogtopia+of+Nasa!3m4!1s0x86409d4097a3aecf:0x634893bff76dec1b!8m2!3d29.527437199999998!4d-95.13563529999999"
K9 Devine Dog Boarding & Grooming,https://m.facebook.com/K9vacay/?ref=bookmarks,+1 409-313-6909,"2784 Texas Ave, Bridge City, TX 77611",Bridge City,77611,Texas,30.0411509,-93.8246138,https://lh3.googleusercontent.com/gps-cs-s/AC9h4nq1fPIBqtbA7MEV9W-Y-D_2fT9pnbM27v1cTe30rzqVzhRZnYM6wqbZbNQYKbNGmAzE68ft8IwpUQRUJgzzs-e06oCsNDwyofhv-X9_N19gU--_HUuxcg__LkwIAQbG4wg5pPHg=w800-h500-k-no,"{""Sunday"": ""8:30-9AM,4:30-5PM"", ""Monday"": ""7:30-11AM,1-5:45PM"", ""Tuesday"": ""7:30-11AM,1-5:45PM"", ""Wednesday"": ""7:30-11AM,1-5:45PM"", ""Thursday"": ""7:30-11AM,1-5:45PM"", ""Friday"": ""7:30-11AM,1-5:45PM"", ""Saturday"": ""8:30-9AM,4:30-5PM""}",OPERATIONAL,,"https://www.google.com/maps/place/K9+Devine+Dog+Boarding+%26+Grooming/@30.041150899999998,-93.8246138,14z/data=!4m8!1m2!2m1!1sK9+Devine+Dog+Boarding+%26+Grooming!3m4!1s0x86392168406184cb:0x5632a1cf619a5f1!8m2!3d30.041150899999998!4d-93.8246138"
Bark Boulevard,,+1 409-433-5050,"6154 Jefferson Blvd, Groves, TX 77619",Groves,77619,Texas,29.9482026,-93.9224649,https://lh3.googleusercontent.com/gps-cs-s/AC9h4np-E3gVs2NJHFjjT06FS28kuSJxM3Tij9RKwL5PoxVR17Rjju6ClamjXJvGVMa2oNM2NntMRSCC-dlUbtVbfkQdpfCDlOkri5f9_0w9ZLWECd_I_LNYjon6gp8WSHO1EJWPdN2h=w800-h500-k-no,"{""Sunday"": ""Closed"", ""Monday"": ""7AM-6PM"", ""Tuesday"": ""7AM-6PM"", ""Wednesday"": ""7AM-6PM"", ""Thursday"": ""7AM-6PM"", ""Friday"": ""7AM-6PM"", ""Saturday"": ""Closed""}",OPERATIONAL,"Bark Boulevard is a premier dog boarding facility dedicated to providing exceptional care and comfort for your beloved canine companions. Located in a serene and secure environment, our facility offers spacious accommodations and personalized attention to ensure your dog feels right at home. Our trained staff members are passionate about dogs and committed to their well-being, offering a range of services including overnight stays, daycare, and grooming. At Bark Boulevard, we strive to create a safe and nurturing atmosphere where dogs can relax, play, and thrive while their owners are away. Trust us to treat your furry family members like our own, providing peace of mind and a wagging tail welcome every time","https://www.google.com/maps/place/Bark+Boulevard/@29.9482026,-93.9224649,14z/data=!4m8!1m2!2m1!1sBark+Boulevard!3m4!1s0x863eb1bb29845d29:0x82f4404e6b0584bc!8m2!3d29.9482026!4d-93.9224649"
Posh Pets Hamshire-Fannett,http://poshpetssetx.com/,+1 409-794-2557,"22521 TX-124, Hamshire, TX 77622",Hamshire,77622,Texas,29.8719139,-94.2853698,https://lh3.googleusercontent.com/p/AF1QipOXQL0g3SIm54ycrW6dC2NqQJequARpFrMlUVng=w800-h500-k-no,"{""Sunday"": ""10AM-12PM,4-6PM"", ""Monday"": ""8AM-6PM"", ""Tuesday"": ""8AM-6PM"", ""Wednesday"": ""8AM-6PM"", ""Thursday"": ""8AM-6PM"", ""Friday"": ""8AM-6PM"", ""Saturday"": ""10AM-12PM,4-6PM""}",OPERATIONAL,"Kennel free boarding and off leash play areas,nature hikes and swimming on 10 plus acres of tail waggin fun!","https://www.google.com/maps/place/Posh+Pets+Hamshire-Fannett/@29.8719139,-94.2853698,14z/data=!4m8!1m2!2m1!1sPosh+Pets+Hamshire-Fannett!3m4!1s0x863eb723fb7e0909:0x7f00790d289882be!8m2!3d29.8719139!4d-94.2853698"
Pawhurst dog park,,,"3402 W Park Ave, Orange, TX 77630",Orange,77630,Texas,30.1103794,-93.770851,https://lh3.googleusercontent.com/gps-cs-s/AC9h4npbApQcIB4aFqt-6WdUcH9ZL7hEoyY4OE6X5JzeK0BZDm1WXFJErCt47k0CqyZtcM5mdMwfBfMQsxmzTCG5FgjWhNNS9s47bfqv-6itAqFQIx3XqauTlt_Ib4N8DkHNgGzTSTcJgg=w800-h500-k-no,"{""Sunday"": ""Open 24 hours"", ""Monday"": ""Open 24 hours"", ""Tuesday"": ""Open 24 hours"", ""Wednesday"": ""Open 24 hours"", ""Thursday"": ""Open 24 hours"", ""Friday"": ""Open 24 hours"", ""Saturday"": ""Open 24 hours""}",OPERATIONAL,,"https://www.google.com/maps/place/Pawhurst+dog+park/@30.1103794,-93.770851,14z/data=!4m8!1m2!2m1!1sPawhurst+dog+park!3m4!1s0x863955214db117d5:0x242ab4708065da51!8m2!3d30.1103794!4d-93.770851"
Happy Tails Doggy Daycare & Boarding,http://happytailstx.com/,+1 409-748-0043,"1214 Spurlock Rd, Nederland, TX 77627",Nederland,77627,Texas,29.9880953,-94.0093524,https://lh3.googleusercontent.com/p/AF1QipNVZUUEYsANI4HBd0afU_jU0YCDHC7TO2IZzlct=w800-h500-k-no,"{""Sunday"": ""7-9AM,4-6PM"", ""Monday"": ""7-11AM,2-6PM"", ""Tuesday"": ""7-11AM,2-6PM"", ""Wednesday"": ""7-11AM,2-6PM"", ""Thursday"": ""7-11AM,2-6PM"", ""Friday"": ""7-11AM,2-6PM"", ""Saturday"": ""7-9AM,4-6PM""}",OPERATIONAL,"Southeast Texas Doggy Daycare and Boarding facility in Nederland, Texas!","https://www.google.com/maps/place/Happy+Tails+Doggy+Daycare+%26+Boarding/@29.988095299999998,-94.0093524,14z/data=!4m8!1m2!2m1!1sHappy+Tails+Doggy+Daycare+%26+Boarding!3m4!1s0x863eb736642b4495:0xc472c9f9d17eb7f3!8m2!3d29.988095299999998!4d-94.0093524"
Pachar Veterinary Hospital Dog Park,,,"3402 W Park Ave, Orange, TX 77630",Orange,77630,Texas,30.1104127,-93.7708811,https://streetviewpixels-pa.googleapis.com/v1/thumbnail?panoid=6QvYs0tP9ARWhcuchxo-Zw&cb_client=search.gws-prod.gps&w=800&h=500&yaw=2.4263709&pitch=0&thumbfov=100,"{""Sunday"": ""Open 24 hours"", ""Monday"": ""Open 24 hours"", ""Tuesday"": ""Open 24 hours"", ""Wednesday"": ""Open 24 hours"", ""Thursday"": ""Open 24 hours"", ""Friday"": ""Open 24 hours"", ""Saturday"": ""Open 24 hours""}",OPERATIONAL,,"https://www.google.com/maps/place/Pachar+Veterinary+Hospital+Dog+Park/@30.110412699999998,-93.7708811,14z/data=!4m8!1m2!2m1!1sPachar+Veterinary+Hospital+Dog+Park!3m4!1s0x8639552a1476df83:0xd74af509c5063016!8m2!3d30.110412699999998!4d-93.7708811"
Dogtopia of Houston - West University,https://www.dogtopia.com/houston-west-university/,+1 346-803-3030,"3814 Bissonnet St, Houston, TX 77005",Houston,77005,Texas,29.7231004,-95.4390047,https://lh3.googleusercontent.com/p/AF1QipPqPSdMUUQzYmM2ufV0deF1HkXwYwFhB0snjCoh=w800-h500-k-no,"{""Sunday"": ""10AM-2PM"", ""Monday"": ""6:30AM-7:30PM"", ""Tuesday"": ""6:30AM-7:30PM"", ""Wednesday"": ""6:30AM-7:30PM"", ""Thursday"": ""6:30AM-7:30PM"", ""Friday"": ""6:30AM-7:30PM"", ""Saturday"": ""9AM-5PM""}",OPERATIONAL,,"https://www.google.com/maps/place/Dogtopia+of+Houston+-+West+University/@29.7231004,-95.4390047,14z/data=!4m8!1m2!2m1!1sDogtopia+of+Houston+-+West+University!3m4!1s0x8640c1ff38573d27:0x3bf43fb7040c96b7!8m2!3d29.7231004!4d-95.4390047"
KraftyK9 Dog Sports,http://kraftyk9dogsports.com/,+1 281-433-6994,"11237 Crown Park Dr D, Houston, TX 77067",Houston,77067,Texas,29.9457225,-95.447113,https://lh3.googleusercontent.com/gps-cs-s/AC9h4nosMxP5AGWpiw_q6Gix6g5ZSdgTrcJdOituNgKiwT880Ada8ZpQaLPLYHPoPZPu0Cf7ejQhm_DPCOf2fLAJKbvGkkWdPuurFbr0PPSAh77tDtXXYyH-G_tFwgZOh31ufZe4IOZe=w800-h500-k-no,,OPERATIONAL,,"https://www.google.com/maps/place/KraftyK9+Dog+Sports/@29.9457225,-95.447113,14z/data=!4m8!1m2!2m1!1sKraftyK9+Dog+Sports!3m4!1s0x8640c7bd805aaaab:0x2194d8668f43ad65!8m2!3d29.9457225!4d-95.447113"
Waldemar Park,,,"Waldemar Dr, Houston, TX 77077",Houston,77077,Texas,29.7425934,-95.5862184,https://lh3.googleusercontent.com/gps-cs-s/AC9h4nrhhy5F3uyEAaD9KuuEMSr-Zb_dd9qgC5ScJOCg_BJvXOlxtmsBfdlVGbD4tsQHljqGXn2NgGIek5ndi3MOBVjG7oyNCTnmAw-hzLLLBG2icK0uSd879G-qpch7mrc_OHC9TnjrbA=w800-h500-k-no,,OPERATIONAL,,"https://www.google.com/maps/place/Waldemar+Park/@29.742593399999997,-95.58621839999999,14z/data=!4m8!1m2!2m1!1sWaldemar+Park!3m4!1s0x8640dc94eed03ced:0x51ce32eb34b8e8a!8m2!3d29.742593399999997!4d-95.58621839999999"
Dog Park at Deussen Park,http://hcp1.net/Parks/AlexanderDeussen,+1 346-286-1805,"12303 Sonnier St, Houston, TX 77044",Houston,77044,Texas,29.9019828,-95.1547263,https://lh3.googleusercontent.com/gps-cs-s/AC9h4nozncoX8Q2YWXLdHw3YvLgBy-jn-MZ-gYXIFMfCxAHh7PQh6Prml_LsyP4upsG1m2-sdcER1vYPbvgxbTjbYMUjApBhQMV6wDg9FZQezH__m_C27IH_roFd6ObcGp8IAKdLU4Uo=w800-h500-k-no,"{""Sunday"": ""6AM-7PM"", ""Monday"": ""6AM-7PM"", ""Tuesday"": ""6AM-7PM"", ""Wednesday"": ""11:30AM-7PM"", ""Thursday"": ""6AM-7PM"", ""Friday"": ""6AM-7PM"", ""Saturday"": ""6AM-7PM""}",OPERATIONAL,,"https://www.google.com/maps/place/Dog+Park+at+Deussen+Park/@29.9019828,-95.1547263,14z/data=!4m8!1m2!2m1!1sDog+Park+at+Deussen+Park!3m4!1s0x8640af30082fc2cf:0x664ffd06c3bcd4df!8m2!3d29.9019828!4d-95.1547263"
Action Day Dog Daycare & Boarding,http://actiondaydoggydaycare.com/,+1 832-531-3455,"10210 Emnora Ln, Houston, TX 77043",Houston,77043,Texas,29.8156427,-95.5459045,https://lh3.googleusercontent.com/p/AF1QipPL1KqTgaomtWkj8x9YwjMpFfqwbrEA7fPpMgNQ=w800-h500-k-no,"{""Sunday"": ""Closed"", ""Monday"": ""7AM-7PM"", ""Tuesday"": ""7AM-7PM"", ""Wednesday"": ""7AM-7PM"", ""Thursday"": ""7AM-7PM"", ""Friday"": ""7AM-7PM"", ""Saturday"": ""9AM-2PM""}",OPERATIONAL,,"https://www.google.com/maps/place/Action+Day+Dog+Daycare+%26+Boarding/@29.815642699999998,-95.54590449999999,14z/data=!4m8!1m2!2m1!1sAction+Day+Dog+Daycare+%26+Boarding!3m4!1s0x8640c59823f5b309:0x3878a505e411839e!8m2!3d29.815642699999998!4d-95.54590449999999"
Jersey Village Dog Park,https://www.jerseyvillagetx.com/page/parks.home,+1 713-466-2174,"8502a Rio Grande St, Jersey Village, TX 77040",Jersey Village,77040,Texas,29.8960561,-95.5729795,https://lh3.googleusercontent.com/gps-cs-s/AC9h4noT_9RcqoQgaLVHbVdVrazgZlmFWFfJFzoZq2wGoB-KxfNl-cSLMojXiLF3zTSjRhXcM3ICWuUsmoY9gL8tlCbUl1sJpLW-UJdSoHhQ6HBj6YmdtVb7U7biXo-OW34tk5yMZLb15A=w800-h500-k-no,"{""Sunday"": ""Closed"", ""Monday"": ""8AM-5PM"", ""Tuesday"": ""8AM-5PM"", ""Wednesday"": ""8AM-5PM"", ""Thursday"": ""8AM-5PM"", ""Friday"": ""8AM-5PM"", ""Saturday"": ""Closed""}",OPERATIONAL,,"https://www.google.com/maps/place/Jersey+Village+Dog+Park/@29.8960561,-95.5729795,14z/data=!4m8!1m2!2m1!1sJersey+Village+Dog+Park!3m4!1s0x8640d1ec7880ffe3:0x670ae6412338979d!8m2!3d29.8960561!4d-95.5729795"
Sneed Dog Park,https://www.westchasedistrict.com/parks/,,"9855 Pagewood Ln, Houston, TX 77042",Houston,77042,Texas,29.7251893,-95.5423916,https://lh3.googleusercontent.com/gps-cs-s/AC9h4npnCO14SXOW2uhwaGzvQw7ww8ajYpBOs7gJiq4OYDO66hBCXAjzdHeG52v50e79PSUuElObvagZa_hZDYjqEXMy5P-qsaNWe2fcZ23mimSA0VrAYyiTAHvS3urYG146pBUwky65WQ=w800-h500-k-no,"{""Sunday"": ""7AM-7PM"", ""Monday"": ""4-7PM"", ""Tuesday"": ""4-7PM"", ""Wednesday"": ""4-7PM"", ""Thursday"": ""4-7PM"", ""Friday"": ""4-7PM"", ""Saturday"": ""7AM-7PM""}",OPERATIONAL,,"https://www.google.com/maps/place/Sneed+Dog+Park/@29.7251893,-95.5423916,14z/data=!4m8!1m2!2m1!1sSneed+Dog+Park!3m4!1s0x8640c3614aacbea1:0xc49e42295672badb!8m2!3d29.7251893!4d-95.5423916"
Pampered Pet Recreation Center,https://www.pamperedpetinn.com/pampered-pet-recreation-center,+1 832-925-7331,"3545 Omeara Dr, Houston, TX 77025",Houston,77025,Texas,29.6719848,-95.4333505,https://lh3.googleusercontent.com/p/AF1QipM59rfNeTETxe9sfxJgzNOfoLpNpI3-tFsPC8m3=w800-h500-k-no,"{""Sunday"": ""10AM-6PM"", ""Monday"": ""6:45AM-6PM"", ""Tuesday"": ""6:45AM-6PM"", ""Wednesday"": ""6:45AM-6PM"", ""Thursday"": ""6:45AM-6PM"", ""Friday"": ""6:45AM-6PM"", ""Saturday"": ""6:45AM-6PM""}",OPERATIONAL,,"https://www.google.com/maps/place/Pampered+Pet+Recreation+Center/@29.671984799999997,-95.43335049999999,14z/data=!4m8!1m2!2m1!1sPampered+Pet+Recreation+Center!3m4!1s0x8640ebd54e1b5b59:0xcb9d38cad19ef84!8m2!3d29.671984799999997!4d-95.43335049999999"
Dogtopia of Houston - W. Alabama Street,https://www.dogtopia.com/houston-west-alabama-street/,+1 281-985-5158,"1839 W Alabama St, Houston, TX 77098",Houston,77098,Texas,29.7384408,-95.4061397,https://lh3.googleusercontent.com/gps-cs-s/AC9h4nqC3DgZMlrDEVz4Ji6Q1C5ds_nAf0Mpi-xNs7V-nT4oLdCwsL1AHqxss8E8yEh7KM_W7i09fJ61kCq_XgNEHH5N_C63Aspmp-kWU6eh0P_3AIlssFyZdSDqiruKpnQ4p1jjFrAm=w800-h500-k-no,"{""Sunday"": ""10AM-2PM"", ""Monday"": ""6:30AM-7:30PM"", ""Tuesday"": ""6:30AM-7:30PM"", ""Wednesday"": ""6:30AM-7:30PM"", ""Thursday"": ""6:30AM-7:30PM"", ""Friday"": ""6:30AM-7:30PM"", ""Saturday"": ""9AM-5PM""}",OPERATIONAL,,"https://www.google.com/maps/place/Dogtopia+of+Houston+-+W.+Alabama+Street/@29.7384408,-95.4061397,14z/data=!4m8!1m2!2m1!1sDogtopia+of+Houston+-+W.+Alabama+Street!3m4!1s0x8640c141cc385baf:0x6693afc9afd9e2d4!8m2!3d29.7384408!4d-95.4061397"
Levy Park,http://levyparkhouston.org/,+1 713-522-7275,"3801 Eastside St, Houston, TX 77098",Houston,77098,Texas,29.7326532,-95.4233261,https://lh3.googleusercontent.com/gps-cs-s/AC9h4nqlsujwWhSPQRjIhUKmUSoxNjpb_xz899Lijm_nfFvivXlKoaogfCO8Wo9klshieQdSio3lgbkL2YF_m8-cJ8bIUmTw2KZxyWS2sRISx3s8rSmwR53Kx1oz9A82qx4ZisD0Bpbq3w=w800-h500-k-no,"{""Sunday"": ""Open 24 hours"", ""Monday"": ""Open 24 hours"", ""Tuesday"": ""Open 24 hours"", ""Wednesday"": ""Open 24 hours"", ""Thursday"": ""Open 24 hours"", ""Friday"": ""Open 24 hours"", ""Saturday"": ""Open 24 hours""}",OPERATIONAL,"This classic green space features a softball field & playground, plus a community garden & dog park.","https://www.google.com/maps/place/Levy+Park/@29.732653199999998,-95.4233261,14z/data=!4m8!1m2!2m1!1sLevy+Park!3m4!1s0x8640c0f0f268e2f5:0x10a04cce9532bedc!8m2!3d29.732653199999998!4d-95.4233261"
K9 Resorts Luxury Pet Hotel Houston - Energy Corridor,https://www.k9resorts.com/houston-energy-corridor/,+1 281-730-8166,"12145 Katy Fwy, Houston, TX 77079",Houston,77079,Texas,29.7832128,-95.600433,https://lh3.googleusercontent.com/p/AF1QipOstvMyEGIZgOGV-BVeABwfHKWDpscv4V-sRmsj=w800-h500-k-no,"{""Sunday"": ""9AM-5:30PM"", ""Monday"": ""7AM-7PM"", ""Tuesday"": ""7AM-7PM"", ""Wednesday"": ""7AM-7PM"", ""Thursday"": ""7AM-7PM"", ""Friday"": ""7AM-7PM"", ""Saturday"": ""9AM-5:30PM""}",OPERATIONAL,,"https://www.google.com/maps/place/K9+Resorts+Luxury+Pet+Hotel+Houston+-+Energy+Corridor/@29.783212799999998,-95.600433,14z/data=!4m8!1m2!2m1!1sK9+Resorts+Luxury+Pet+Hotel+Houston+-+Energy+Corridor!3m4!1s0x8640dbf67c52e6f9:0xa92dbf82b146d3f8!8m2!3d29.783212799999998!4d-95.600433"
St. Hedwig Paw Country,https://pawcountry.net/,+1 210-802-5006,"12570 FM 1346, St Hedwig, TX 78152",St Hedwig,78152,Texas,29.4239704,-98.2349274,https://lh3.googleusercontent.com/p/AF1QipMv1-9buRvPEw2pdMnQJB64geUm1x_G67fiKhe9=w800-h500-k-no,"{""Sunday"": ""4-6PM"", ""Monday"": ""7-11AM,2-6PM"", ""Tuesday"": ""7-11AM,2-6PM"", ""Wednesday"": ""7-11AM,2-6PM"", ""Thursday"": ""7-11AM,2-6PM"", ""Friday"": ""7-11AM,2-6PM"", ""Saturday"": ""8AM-12PM""}",OPERATIONAL,St. Hedwig Paw Country is a family owned and operated pet boarding and daycare facility. We provide all indoor climate controlled dog and cat cabins. Our indoor climate controlled play areas are for both small and large dogs in addition to our 2 outdoor play areas. We strive to provide the best care to your pets to keep them happy and healthy while they are staying with us.,"https://www.google.com/maps/place/St.+Hedwig+Paw+Country/@29.423970399999998,-98.23492739999999,14z/data=!4m8!1m2!2m1!1sSt.+Hedwig+Paw+Country!3m4!1s0x865cef5f040a58cd:0xe9c46e68481c2dae!8m2!3d29.423970399999998!4d-98.23492739999999"
Schertz Dog Park,https://schertz.com/610/Parks,+1 210-619-1850,"940 Community Cir Dr, Schertz, TX 78154",Schertz,78154,Texas,29.5665524,-98.2677963,https://lh3.googleusercontent.com/gps-cs-s/AC9h4nokCLwS3Sfv9zOrTu1rCTZLCl4PDnyQfOMZl8lRRuEaf99DZTxjOhTpfc-JcWU9rzjgZcG1x1tIglC3HlaQE_ZFXZjptsCXGYOdgqVcvaEIhMKI5rdaSfxPN0TaTSvYQayhDw8=w800-h500-k-no,"{""Sunday"": ""6AM-11PM"", ""Monday"": ""6AM-11PM"", ""Tuesday"": ""6AM-11PM"", ""Wednesday"": ""6AM-11PM"", ""Thursday"": ""6AM-11PM"", ""Friday"": ""6AM-11PM"", ""Saturday"": ""6AM-11PM""}",OPERATIONAL,,"https://www.google.com/maps/place/Schertz+Dog+Park/@29.5665524,-98.2677963,14z/data=!4m8!1m2!2m1!1sSchertz+Dog+Park!3m4!1s0x865c93cceec3ee9b:0xd108432c8c4d071d!8m2!3d29.5665524!4d-98.2677963"
Barky Park,https://tx-seguin2.civicplus.com/Facilities/Facility/Details/-11,+1 830-401-2335,"1334 River Dr W, Seguin, TX 78155",Seguin,78155,Texas,29.5540007,-97.9699538,https://lh3.googleusercontent.com/gps-cs-s/AC9h4np6BX7EaCnx0b2_vIm0x585ADXlqw1MMjE0Fk9DtYKAQQXFHlITW7KUWuqn-dgRuuH0OPHtKB-GINnJg6rhNKnCEYA39M3yXyj9zJi3O5caWAIU3-2rt8kSgMW3hmf2mFsYxGd7VQ=w800-h500-k-no,"{""Sunday"": ""6AM-11PM"", ""Monday"": ""6AM-11PM"", ""Tuesday"": ""6AM-11PM"", ""Wednesday"": ""6AM-11PM"", ""Thursday"": ""6AM-11PM"", ""Friday"": ""6AM-11:30PM"", ""Saturday"": ""6AM-11:30PM""}",OPERATIONAL,,"https://www.google.com/maps/place/Barky+Park/@29.5540007,-97.9699538,14z/data=!4m8!1m2!2m1!1sBarky+Park!3m4!1s0x865cb80621c46cd9:0xf4ae13309d894c01!8m2!3d29.5540007!4d-97.9699538"
Dog Park at Love's Travel Stops,https://www.loves.com/dogparks,+1 830-372-6190,"3158 I-10, Seguin, TX 78155",Seguin,78155,Texas,29.5620391,-98.0337273,https://streetviewpixels-pa.googleapis.com/v1/thumbnail?panoid=e9qh-8Msajo_LX8n_f7HOQ&cb_client=search.gws-prod.gps&w=800&h=500&yaw=90.63666&pitch=0&thumbfov=100,"{""Sunday"": ""Open 24 hours"", ""Monday"": ""Open 24 hours"", ""Tuesday"": ""Open 24 hours"", ""Wednesday"": ""Open 24 hours"", ""Thursday"": ""Open 24 hours"", ""Friday"": ""Open 24 hours"", ""Saturday"": ""Open 24 hours""}",OPERATIONAL,,"https://www.google.com/maps/place/Dog+Park+at+Love%27s+Travel+Stops/@29.5620391,-98.0337273,14z/data=!4m8!1m2!2m1!1sDog+Park+at+Love%27s+Travel+Stops!3m4!1s0x865cb9c8ea58b2b1:0xb79cc8de8a76f3a4!8m2!3d29.5620391!4d-98.0337273"
Howliday Inn,,+1 830-534-8566,"1486 County Rd 421, Stockdale, TX 78160",Stockdale,78160,Texas,29.2712702,-97.9921569,https://lh3.googleusercontent.com/gps-cs-s/AC9h4np94WAAbxfKTogBl0YtCF7kxme1ZyBda4JKkxNm1NordCYLqUvlArsY2T-hf1ZyjvRtE1txEin2Im1On5Gaub1MNkhrn2YNSgrBHWM8q8E50pAi3bT_gvPTwvkLjnzPg_Avfx8=w800-h500-k-no,,OPERATIONAL,,"https://www.google.com/maps/place/Howliday+Inn/@29.2712702,-97.9921569,14z/data=!4m8!1m2!2m1!1sHowliday+Inn!3m4!1s0x865cd987942b7ef3:0x6208a484c58b7753!8m2!3d29.2712702!4d-97.9921569"
Dogtopia of San Antonio - Alamo Heights,https://www.dogtopia.com/sanantonio-alamoheights/,+1 210-920-9090,"3814 Broadway, San Antonio, TX 78209",San Antonio,78209,Texas,29.4615874,-98.466092,https://lh3.googleusercontent.com/p/AF1QipOJFZRMynr_SD_09a5TkqFroKCeRT0Uos_EAdbu=w800-h500-k-no,"{""Sunday"": ""Closed"", ""Monday"": ""7AM-7PM"", ""Tuesday"": ""7AM-7PM"", ""Wednesday"": ""7AM-7PM"", ""Thursday"": ""7AM-7PM"", ""Friday"": ""7AM-7PM"", ""Saturday"": ""9AM-6PM""}",OPERATIONAL,,"https://www.google.com/maps/place/Dogtopia+of+San+Antonio+-+Alamo+Heights/@29.4615874,-98.46609199999999,14z/data=!4m8!1m2!2m1!1sDogtopia+of+San+Antonio+-+Alamo+Heights!3m4!1s0x865cf57e6bc4da87:0x23512550e01a2a3e!8m2!3d29.4615874!4d-98.46609199999999"
Lufkin Dog Park,http://cityoflufkin.com/,,"Mott Rd, Lufkin, TX 75904",Lufkin,75904,Texas,31.3102291,-94.7361379,https://lh3.googleusercontent.com/gps-cs-s/AC9h4noClhKV-yI14hxedQuVOqbE8CuhGoqxVsbd1TcXmPIIvPtHEAWhflKOAfQRZadGu8AfLF1r7AXK1a2gdrQTZ6DBEO6kxF5vW1zeihaXkBE3qt7PoOw_9W_E-j3l6S7518EFQBDotw=w800-h500-k-no,,OPERATIONAL,,"https://www.google.com/maps/place/Lufkin+Dog+Park/@31.310229099999997,-94.7361379,14z/data=!4m8!1m2!2m1!1sLufkin+Dog+Park!3m4!1s0x8638162dac58f9e9:0xffcd009a62fbcde7!8m2!3d31.310229099999997!4d-94.7361379"
Dog Park at Love's Travel Stops,https://www.loves.com/dogparks,+1 936-637-4928,"1003 S Medford Dr, Lufkin, TX 75901",Lufkin,75901,Texas,31.3278398,-94.6905325,https://streetviewpixels-pa.googleapis.com/v1/thumbnail?panoid=X8lVcOOB4-Kgz-bLaw4H7A&cb_client=search.gws-prod.gps&w=800&h=500&yaw=108.997986&pitch=0&thumbfov=100,"{""Sunday"": ""Open 24 hours"", ""Monday"": ""Open 24 hours"", ""Tuesday"": ""Open 24 hours"", ""Wednesday"": ""Open 24 hours"", ""Thursday"": ""Open 24 hours"", ""Friday"": ""Open 24 hours"", ""Saturday"": ""Open 24 hours""}",OPERATIONAL,,"https://www.google.com/maps/place/Dog+Park+at+Love%27s+Travel+Stops/@31.3278398,-94.69053249999999,14z/data=!4m8!1m2!2m1!1sDog+Park+at+Love%27s+Travel+Stops!3m4!1s0x86383d681e7c0961:0x1ea4dbf6a93301d8!8m2!3d31.3278398!4d-94.69053249999999"
Brookeland / Lake Sam Rayburn KOA Holiday,https://koa.com/campgrounds/brookeland/?utm_source=google,+1 800-562-1612,"505 Co Rd 212, Brookeland, TX 75931",Brookeland,75931,Texas,31.1424284,-93.9974448,https://lh3.googleusercontent.com/p/AF1QipN1yC0iwwOTd0g3U1m4fqUI5HOoY1kYWEMDJCr9=w800-h500-k-no,,OPERATIONAL,"We're open year round! Our Cabins/Cottages/Lodges Are Heated & Cooled for Year Round Camping! Make Your Reservations NOW! Groups and Family Reunions Welcome!

We invite you to come camping in the beautiful Piney Woods of East Texas, near the shores of Lake Sam Rayburn! 300 acres of oak and pine forests along historical Mill Creek. Stay in one of our Deluxe Theme Lodges, Cottages, or Camping Cabins, that are all heated and cooled, or bring your RV. We also have Tenting any way you want it! We know you will enjoy fishing, boating, swimming, canoeing, paddle boating, bird watching, cooking out, walking the trails, or just sitting around a campfire under the stars! First bundle of firewood...","https://www.google.com/maps/place/Brookeland+%2F+Lake+Sam+Rayburn+KOA+Holiday/@31.1424284,-93.9974448,14z/data=!4m8!1m2!2m1!1sBrookeland+%2F+Lake+Sam+Rayburn+KOA+Holiday!3m4!1s0x863994771d22c037:0xfe7286073a23471!8m2!3d31.1424284!4d-93.9974448"
Dixie League Ballpark,https://www.cityofhemphill.com/parksrec,,"Hemphill, TX 75948",Hemphill,75948,Texas,31.3427352,-93.8641662,https://lh3.googleusercontent.com/gps-cs-s/AC9h4npTByu1vX5Qs6yPBfy6WF13pHxmKrPvYZ1nSgxJyFrUmBxSoyqxgdtZCbu_UR7hf2PFkAg_PDJdxeNW6jwu3GCdZ2NP5rjcrwAQw-PczKBEaLqw5ROQnUdamLshkMkgbRKWFh6q=w800-h500-k-no,,OPERATIONAL,,"https://www.google.com/maps/place/Dixie+League+Ballpark/@31.3427352,-93.8641662,14z/data=!4m8!1m2!2m1!1sDixie+League+Ballpark!3m4!1s0x8639f11367799dcb:0xc1d53f06d0eb8f30!8m2!3d31.3427352!4d-93.8641662"
Amanda's Boarding Barn,,+1 409-382-5871,"435 Co Rd 23, Jasper, TX 75951",Jasper,75951,Texas,30.9786444,-94.2035108,https://lh3.googleusercontent.com/p/AF1QipNP4skW_1929fxcPZUNkc6Jzu3x_lVb10UQC8GA=w800-h500-k-no,"{""Sunday"": ""4-5PM"", ""Monday"": ""8AM-5PM"", ""Tuesday"": ""8AM-5PM"", ""Wednesday"": ""8AM-2PM"", ""Thursday"": ""8AM-5PM"", ""Friday"": ""8AM-5PM"", ""Saturday"": ""8AM-2PM""}",OPERATIONAL,"As a CVA with over 18 years of experience, I own and operate an small, independent boarding facility that can provide exceptional care for your pets. I am open seven days a week and available as needed. I provide care for large animals including horses at your residence, dogs and cats. Medications are given at no additional charge (must be in original vial with Rx label, if injection bring enough syringes for stay duration). The boarding barn is a secure facility, air conditioned and provides a calm location for your pet to stay.","https://www.google.com/maps/place/Amanda%27s+Boarding+Barn/@30.9786444,-94.20351079999999,14z/data=!4m8!1m2!2m1!1sAmanda%27s+Boarding+Barn!3m4!1s0x8639a5783e62baff:0xcf4a147233efc158!8m2!3d30.9786444!4d-94.20351079999999"
The Dog House,https://www.thedoghouseplus.com/,+1 409-622-9265,"2323 County Rd 3075, Kirbyville, TX 75933",Kirbyville,75933,Texas,30.6478057,-93.8585004,https://streetviewpixels-pa.googleapis.com/v1/thumbnail?panoid=0-w08UKXfq4ri5vTF_ZzwQ&cb_client=search.gws-prod.gps&w=800&h=500&yaw=189.56451&pitch=0&thumbfov=100,"{""Sunday"": ""4-5PM"", ""Monday"": ""8-10AM,4:30-6PM"", ""Tuesday"": ""8-10AM,4:30-6PM"", ""Wednesday"": ""8-10AM,4:30-6PM"", ""Thursday"": ""8-10AM,4:30-6PM"", ""Friday"": ""8-10AM,4:30-6PM"", ""Saturday"": ""10AM-12PM""}",OPERATIONAL,"My name is Ashlyn Jordan, and I train dogs of all ages and types to become loved, well-behaved members of your family.

I will train you and your dog in techniques, skills, and practical exercises to fix behavioral problems, and improve communication between you and your dog.
Interested? Call now to set up a consultation and let's turn your badly behaved dog into a welcomed member of the family.","https://www.google.com/maps/place/The+Dog+House/@30.6478057,-93.8585004,14z/data=!4m8!1m2!2m1!1sThe+Dog+House!3m4!1s0x8639652f9a2ce639:0xf5f98fa1f509f60a!8m2!3d30.6478057!4d-93.8585004"
Banita Creek Park North and Dog Park,http://www.ci.nacogdoches.tx.us/DocumentCenter/View/204,+1 936-559-2960,"441-499 Pearl St, Nacogdoches, TX 75961",Nacogdoches,75961,Texas,31.608874,-94.6565519,https://lh3.googleusercontent.com/gps-cs-s/AC9h4noOrkRS6IYxYqcitfOoITvmX01xxqJmvh0N_flLhMHfWZeunrjQaqXwoqSK1a-MzGho8lMOoeUbikJuEPtrnxQSd_IQ5sSdAxYq_xt374489QUind7g7i39-V-amlr8nT61mCU=w800-h500-k-no,"{""Sunday"": ""6AM-10PM"", ""Monday"": ""6AM-10PM"", ""Tuesday"": ""6AM-10PM"", ""Wednesday"": ""6AM-10PM"", ""Thursday"": ""6AM-10PM"", ""Friday"": ""6AM-10PM"", ""Saturday"": ""6AM-10PM""}",OPERATIONAL,"Creekside playground & soccer field with a disc golf course, picnic pavilion & popular dog park.","https://www.google.com/maps/place/Banita+Creek+Park+North+and+Dog+Park/@31.608874,-94.6565519,14z/data=!4m8!1m2!2m1!1sBanita+Creek+Park+North+and+Dog+Park!3m4!1s0x86378bc32224ccdb:0x995f049f160a156b!8m2!3d31.608874!4d-94.6565519"
Whispering Creek Lodging & RV Resort,http://whisperingcreek.net/,+1 409-379-8400,"3713 US-190 E, Newton, TX 75966",Newton,75966,Texas,30.8212952,-93.7299676,https://lh3.googleusercontent.com/gps-proxy/ALd4DhG7J8DdOJAahQj_i3hLRrxLa3t4SKWEO_BdMSVN1uVpfz3jYt4rR9-IFV46mHIF78HjgbJFPBCASDK86Cs5tKpma8OcKnjzHKZjX-kEvn88dTnIa7RKUcB3N3TsoLCOkA85wxsT7FzoFeeXowEmVnUGd-zSR1xc-Ggj0q2LxkYGSDYmFI2eYd8e=w800-h500-k-no,,OPERATIONAL,,"https://www.google.com/maps/place/Whispering+Creek+Lodging+%26+RV+Resort/@30.821295199999998,-93.7299676,14z/data=!4m8!1m2!2m1!1sWhispering+Creek+Lodging+%26+RV+Resort!3m4!1s0x863bd5424445b623:0x212428d7c18c8c37!8m2!3d30.821295199999998!4d-93.7299676"
Dog Park at Love's Travel Stops,https://www.loves.com/dogparks,+1 956-316-1782,"8420 N Expressway 281, Edinburg, TX 78542",Edinburg,78542,Texas,26.3854708,-98.1417052,https://streetviewpixels-pa.googleapis.com/v1/thumbnail?panoid=YMmTPKUw_yMrGjk2MAjG0w&cb_client=search.gws-prod.gps&w=800&h=500&yaw=110.5089&pitch=0&thumbfov=100,"{""Sunday"": ""Open 24 hours"", ""Monday"": ""Open 24 hours"", ""Tuesday"": ""Open 24 hours"", ""Wednesday"": ""Open 24 hours"", ""Thursday"": ""Open 24 hours"", ""Friday"": ""Open 24 hours"", ""Saturday"": ""Open 24 hours""}",OPERATIONAL,,"https://www.google.com/maps/place/Dog+Park+at+Love%27s+Travel+Stops/@26.3854708,-98.14170519999999,14z/data=!4m8!1m2!2m1!1sDog+Park+at+Love%27s+Travel+Stops!3m4!1s0x8665bd8442f44ced:0xaada7cd28f60bdce!8m2!3d26.3854708!4d-98.14170519999999"
Pawsitive Vibes Pet Resort,https://pawsitivevibespetresort.com/,+1 956-270-4745,"421 Conquest Blvd, Edinburg, TX 78539",Edinburg,78539,Texas,26.257383,-98.1694946,https://lh3.googleusercontent.com/p/AF1QipOvOwH9FfdAMrCs7U04ILxTjQ2lzNgHUGnkZ6aO=w800-h500-k-no,"{""Sunday"": ""8AM-2PM"", ""Monday"": ""7AM-7PM"", ""Tuesday"": ""7AM-7PM"", ""Wednesday"": ""7AM-7PM"", ""Thursday"": ""7AM-7PM"", ""Friday"": ""7AM-7PM"", ""Saturday"": ""8AM-5PM""}",OPERATIONAL,"Pawsitive Vibes Pet Resort provides the quality pet care your furry family members deserve. Experience the all-suite dog and cat boarding, and exciting doggie daycare, (professional pet grooming & spa services) that make us the perfect home-away-from-home for your pets.","https://www.google.com/maps/place/Pawsitive+Vibes+Pet+Resort/@26.257382999999997,-98.1694946,14z/data=!4m8!1m2!2m1!1sPawsitive+Vibes+Pet+Resort!3m4!1s0x8665a1e5e93cb557:0x541278be7698d2e!8m2!3d26.257382999999997!4d-98.1694946"
Harlingen Rotary Bark Park,https://www.harlingentx.gov/business_detail_T34_R303.php,+1 956-216-5951,"1601 S M St, Harlingen, TX 78550",Harlingen,78550,Texas,26.1781348,-97.7117804,https://lh3.googleusercontent.com/gps-cs-s/AC9h4noGYPRsT0tDII5vprQlEay5hq7PuND6jv6t2BW6U4IYNsoU-wh6k6V6TyNKGYkEuLfFO-9MdQSWqY_2FTSjnI_3W7ZE5ZXxuWmSLnjg-yPPsKhlEsfwFwHlLsbu9vg4xR9GmVxz=w800-h500-k-no,,OPERATIONAL,,"https://www.google.com/maps/place/Harlingen+Rotary+Bark+Park/@26.1781348,-97.7117804,14z/data=!4m8!1m2!2m1!1sHarlingen+Rotary+Bark+Park!3m4!1s0x866f819062a1f14b:0x3048dc97dbdb44f4!8m2!3d26.1781348!4d-97.7117804"
Canine Country Club Kennel,,+1 956-233-1746,"33306 Tract 43 Rd, Los Fresnos, TX 78566",Los Fresnos,78566,Texas,26.076427,-97.444982,https://lh3.googleusercontent.com/p/AF1QipOOrUHF0fsPWokPkUyVliO7kf__6H7qL0a95Dp9=w800-h500-k-no,"{""Sunday"": ""7AM-7PM"", ""Monday"": ""7AM-7PM"", ""Tuesday"": ""7AM-7PM"", ""Wednesday"": ""7AM-7PM"", ""Thursday"": ""7AM-7PM"", ""Friday"": ""7AM-7PM"", ""Saturday"": ""7AM-7PM""}",OPERATIONAL,We specialize in providing short term and long term boarding to your most important furry friend. We also provide grooming and doggy daycare services. Please book through our website online or give us a call. Thanks.,"https://www.google.com/maps/place/Canine+Country+Club+Kennel/@26.076427,-97.444982,14z/data=!4m8!1m2!2m1!1sCanine+Country+Club+Kennel!3m4!1s0x866f987a61af2e01:0x99a5986583535ec6!8m2!3d26.076427!4d-97.444982"
Da Dog House,,+1 956-903-4845,"5001 E Expressway 83, Mercedes, TX 78570",Mercedes,78570,Texas,26.1610522,-97.8879591,https://lh3.googleusercontent.com/p/AF1QipP4s6WNikYG06F8XdE9-dRNQhp9vaBwmScDTOXC=w800-h500-k-no,"{""Sunday"": ""11AM-6PM"", ""Monday"": ""11AM-7PM"", ""Tuesday"": ""11AM-7PM"", ""Wednesday"": ""11AM-7PM"", ""Thursday"": ""11AM-7PM"", ""Friday"": ""11AM-8PM"", ""Saturday"": ""11AM-8PM""}",OPERATIONAL,"Da Dog House serves fresh, made-to-order quarter-pound gourmet beef hot dogs with a variety of tasty toppings. We also offer specialty funnel cakes with sweet and fun toppings . Stop by our food court location for a quick bite that hits the spot!","https://www.google.com/maps/place/Da+Dog+House/@26.1610522,-97.88795909999999,14z/data=!4m8!1m2!2m1!1sDa+Dog+House!3m4!1s0x8665796c9a4d49f1:0x78af44ecacd89c12!8m2!3d26.1610522!4d-97.88795909999999"
Sisters Private Pet Park & More,https://www.sniffspot.com/to/tlavk,+1 956-667-0507,"2502 N Mayberry Rd, Mission, TX 78574",Mission,78574,Texas,26.232719,-98.3143031,https://lh3.googleusercontent.com/gps-cs-s/AC9h4noXXKj690b2HsLwqfsiAQ2Gk9HVLmsfUisRMIdwe2AqdQUJ99pWX7it_R4Un63zmRijxOVcxHPxpvej_WHTET6hAFhTJbE71Iq-BSP_uOb8Et47SMmjT48sdJ-U_BzwZbJ_9WGUhw=w800-h500-k-no,"{""Sunday"": ""6AM-11:59PM"", ""Monday"": ""6AM-11:59PM"", ""Tuesday"": ""6AM-11:59PM"", ""Wednesday"": ""6AM-11:59PM"", ""Thursday"": ""6AM-11:59PM"", ""Friday"": ""6AM-11:59PM"", ""Saturday"": ""6AM-11:59PM""}",OPERATIONAL,,"https://www.google.com/maps/place/Sisters+Private+Pet+Park+%26+More/@26.232719,-98.31430309999999,14z/data=!4m8!1m2!2m1!1sSisters+Private+Pet+Park+%26+More!3m4!1s0x8665a9005e0dc849:0xb2d9889a5510cb9!8m2!3d26.232719!4d-98.31430309999999"
Banworth Dog Park,https://missiontexas.us/city-departments/parks-and-recreation/city-parks/,+1 956-580-8650,"2501 Country Club Dr, Mission, TX 78572",Mission,78572,Texas,26.2170163,-98.2813706,https://lh3.googleusercontent.com/gps-cs-s/AC9h4np3lIDR72VKA9VXvKv3sAAl8btuwTXVdSHYK129QyjvPPmUm4i3atktECDCtNhhvQOVmZ3MNfT3m7mv8K0p78cN2osQMN7l2b_YrK-LCsMIxYK1kVVNf7bpniUMpSMFKXg-LOOa=w800-h500-k-no,"{""Sunday"": ""6AM-10PM"", ""Monday"": ""6AM-10PM"", ""Tuesday"": ""6AM-10PM"", ""Wednesday"": ""6AM-10PM"", ""Thursday"": ""6AM-10PM"", ""Friday"": ""6AM-8:45PM"", ""Saturday"": ""6AM-10PM""}",OPERATIONAL,,"https://www.google.com/maps/place/Banworth+Dog+Park/@26.217016299999997,-98.2813706,14z/data=!4m8!1m2!2m1!1sBanworth+Dog+Park!3m4!1s0x8665a7974ae3c313:0x656eb69bdd2ed603!8m2!3d26.217016299999997!4d-98.2813706"
Catherine B. Stillman Dog Park,https://www.brownsvilletx.gov/facilities/facility/details/Catherine-Stillman-Dog-Park-4,+1 956-544-7351,"416 FM511, Olmito, TX 78575",Olmito,78575,Texas,26.0245113,-97.5261801,https://lh3.googleusercontent.com/gps-cs-s/AC9h4no16I_N70OatRP8jzjaVFZL2LRJMU6Q--EZH859ikkNYkFcUriUGW3mXDSmnPOtqm_2znJo5fbYCFx9rkB9IKU3CaV_cA1JZGGrLhzKgvCdGqMVdXCJZ4dpno1BW1Uhp2TOnbC9=w800-h500-k-no,"{""Sunday"": ""8AM-10PM"", ""Monday"": ""8AM-10PM"", ""Tuesday"": ""8AM-10PM"", ""Wednesday"": ""8AM-10PM"", ""Thursday"": ""8AM-10PM"", ""Friday"": ""8AM-11PM"", ""Saturday"": ""8AM-11PM""}",OPERATIONAL,,"https://www.google.com/maps/place/Catherine+B.+Stillman+Dog+Park/@26.0245113,-97.52618009999999,14z/data=!4m8!1m2!2m1!1sCatherine+B.+Stillman+Dog+Park!3m4!1s0x866f90ad1689334b:0xfc490927c372f00f!8m2!3d26.0245113!4d-97.52618009999999"
McAllen Dog Park,https://www.mcallenparks.net/,+1 956-681-3333,"400 Tamarack Ave, McAllen, TX 78501",McAllen,78501,Texas,26.2211692,-98.2204435,https://lh3.googleusercontent.com/gps-cs-s/AC9h4npn6nhY5Wz-suZr-YLLzyhoGd3h3qvIKWdpNb2v3mWWF-dpWJNnFWgt3PrIlRt-kN-RBFPMutvEJGElh5cQpUqq-u5P46Ky72-WvLHJtsv6pVuIYU5dX9EKnvflxcxUsn-sL0kn=w800-h500-k-no,"{""Sunday"": ""6AM-11PM"", ""Monday"": ""6AM-11PM"", ""Tuesday"": ""6AM-11PM"", ""Wednesday"": ""6AM-11PM"", ""Thursday"": ""6AM-11PM"", ""Friday"": ""6AM-11PM"", ""Saturday"": ""6AM-11PM""}",OPERATIONAL,,"https://www.google.com/maps/place/McAllen+Dog+Park/@26.2211692,-98.2204435,14z/data=!4m8!1m2!2m1!1sMcAllen+Dog+Park!3m4!1s0x8665a0d2c7524c4f:0xc02ec1142d031232!8m2!3d26.2211692!4d-98.2204435"
Boarding and Daycare by South Bark Grooming,https://www.facebook.com/SouthBarkBoardingAndDaycare,+1 956-433-5545,"101 TX-100, Port Isabel, TX 78578",Port Isabel,78578,Texas,26.0791921,-97.2496084,https://lh3.googleusercontent.com/gps-cs-s/AC9h4nrsHDijdPrbLUgiU-Y6LGPRcLYkKoWwkLpRT8eB9hx5n6EhEkWJ2X2sgLWtALpPJBNoOf5303A3lNxaW-LEobbs3wK6kpqCZkZxndNw5fPG6vArdNlKuohVbcXYBDd0RKGjGw63=w800-h500-k-no,"{""Sunday"": ""Open 24 hours"", ""Monday"": ""Open 24 hours"", ""Tuesday"": ""Open 24 hours"", ""Wednesday"": ""Open 24 hours"", ""Thursday"": ""Open 24 hours"", ""Friday"": ""Open 24 hours"", ""Saturday"": ""Open 24 hours""}",OPERATIONAL,"Providing quality and affordable care for your pets! We offer pet grooming, pet boarding and doggie daycare services! Give us a call for more information! All breeds and sizes welcome! Cat and Dog Friendly!","https://www.google.com/maps/place/Boarding+and+Daycare+by+South+Bark+Grooming/@26.0791921,-97.2496084,14z/data=!4m8!1m2!2m1!1sBoarding+and+Daycare+by+South+Bark+Grooming!3m4!1s0x866faf00b9a8ab9f:0xf18a118d8ca7c4c7!8m2!3d26.0791921!4d-97.2496084"
Rio Grande City Animal Control City Kennel,https://www.cityofrgc.com/public_safety/animal_control/index.php,+1 956-487-8892,"632 W Eisenhower St, Rio Grande City, TX 78582",Rio Grande City,78582,Texas,26.3915773,-98.8230307,https://lh3.googleusercontent.com/gps-cs-s/AC9h4nozhXsWy_tUgULMWDC-qdmeZQaKh4Io6cYgHKGEWWMVSCxzXtBZE3JmB8kIcIP26vxaXg5y-tOi0vdYlNn6mLbzVkPxDKhBAbg-IVrHCGQ9X52qnetwQU8e5eu83URKnoIm6LEB=w800-h500-k-no,"{""Sunday"": ""Closed"", ""Monday"": ""8AM-5PM"", ""Tuesday"": ""8AM-5PM"", ""Wednesday"": ""8AM-5PM"", ""Thursday"": ""8AM-5PM"", ""Friday"": ""8AM-5PM"", ""Saturday"": ""Closed""}",OPERATIONAL,,"https://www.google.com/maps/place/Rio+Grande+City+Animal+Control+City+Kennel/@26.391577299999998,-98.82303069999999,14z/data=!4m8!1m2!2m1!1sRio+Grande+City+Animal+Control+City+Kennel!3m4!1s0x866442897990f203:0x4ace2e6adc3d05ac!8m2!3d26.391577299999998!4d-98.82303069999999"
Stookey Park,https://www.cityofsanbenito.com/446/Stookey-Park-San-Benito-Municipal-Park,+1 956-361-3800,"410 N Stooy Rd, San Benito, TX 78586",San Benito,78586,Texas,26.1236277,-97.6156836,https://lh3.googleusercontent.com/gps-cs-s/AC9h4nps8ldcOF-69BC31Pbo7qzYWnkdeLudWgvQmOVo-hnwdQn11kpjAcSFXX3XYoj3ax9XVIwhx6M9VRHYyEPbvLvT2wAHV3NgcndGNiZc6Vjsm79JXno0_2nbQBIxqvkBinyoUTkn=w800-h500-k-no,,OPERATIONAL,,"https://www.google.com/maps/place/Stookey+Park/@26.1236277,-97.6156836,14z/data=!4m8!1m2!2m1!1sStookey+Park!3m4!1s0x866f84a9d8ec5817:0x9a24506ea7616853!8m2!3d26.1236277!4d-97.6156836"
P KABOO INDOOR PLAYGROUND,https://m.facebook.com/p.kabooip/?profile_tab_item_selected=about,+1 956-935-6310,"111 W Nolana Loop Suite 8, San Juan, TX 78589",San Juan,78589,Texas,26.2292255,-98.1502245,https://lh3.googleusercontent.com/p/AF1QipOA7e88KBeLFcs34yy00C_aPY3kzlslVQ6wAMPE=w800-h500-k-no,"{""Sunday"": ""2-7PM"", ""Monday"": ""Closed"", ""Tuesday"": ""2-7PM"", ""Wednesday"": ""2-7PM"", ""Thursday"": ""2-7PM"", ""Friday"": ""2-7PM"", ""Saturday"": ""2-7PM""}",OPERATIONAL,"P KABOO INDOOR PLAYGROUND, opened in June 2022, is a San Juan destination for imaginative play. Children up to 10 years old can explore interactive play areas and enjoy a variety of toys, perfect for all ages. Whether it's daily open play or a private group session, P KABOO INDOOR PLAYGROUND provides a space for children to create memories that will last a lifetime.","https://www.google.com/maps/place/P+KABOO+INDOOR+PLAYGROUND/@26.2292255,-98.1502245,14z/data=!4m8!1m2!2m1!1sP+KABOO+INDOOR+PLAYGROUND!3m4!1s0x8665a18c27f2fa19:0x2329bf4b38095944!8m2!3d26.2292255!4d-98.1502245"
South Padre Island KOA Holiday,https://koa.com/campgrounds/south-padre/?utm_source=google,+1 956-761-5665,"1 Padre Blvd, South Padre Island, TX 78597",South Padre Island,78597,Texas,26.0792272,-97.1669346,https://lh3.googleusercontent.com/p/AF1QipOm-6j4zqAAH_6fhd-5IeLSDjv5n5u10UFxv8WO=w800-h500-k-no,,OPERATIONAL,"For the best camping in South Padre Island, turn to South Padre Island KOA Holiday®. From sunbathing to water sports, we have something for everyone and feature tropical weather year-round for your ideal stay. Let our campground be your family's next adventure.

Enjoy Staying Right on South Padre Beach
South Padre Island KOA Holiday® provides various accommodations to fit every kind of camper, whether adventurous or luxurious. Our campground offers amazing views of the water, allowing you to enjoy your stay while camping on South Padre Island.","https://www.google.com/maps/place/South+Padre+Island+KOA+Holiday/@26.0792272,-97.16693459999999,14z/data=!4m8!1m2!2m1!1sSouth+Padre+Island+KOA+Holiday!3m4!1s0x866fadc31d0d62ef:0x86f6229064d120c!8m2!3d26.0792272!4d-97.16693459999999"
K9 Pointe Dog Park,https://www.cityofkeller.com/services/parks-recreation/parks-and-trails/keller-parks-and-open-space/k-9-pointe-dog-park,+1 817-743-4050,"1100 Bear Creek Pkwy, Keller, TX 76248",Keller,76248,Texas,32.9272941,-97.2300027,https://lh3.googleusercontent.com/gps-cs-s/AC9h4no36zB7-k1VXR-UdN79QVczr_ADwIZ6mTA1Czb7H0FY5XkxiVdbLBS16K_3fQr2rchOlCEOHpuR6aCId0QzTrNC2O7l5Asr_hYlJlNXa_n3QyscA071nwnkvsvuPTLH6mq5mzA9nA=w800-h500-k-no,"{""Sunday"": ""8AM-10PM"", ""Monday"": ""8AM-10PM"", ""Tuesday"": ""8AM-10PM"", ""Wednesday"": ""12-10PM"", ""Thursday"": ""8AM-10PM"", ""Friday"": ""8AM-10PM"", ""Saturday"": ""8AM-10PM""}",OPERATIONAL,,"https://www.google.com/maps/place/K9+Pointe+Dog+Park/@32.9272941,-97.2300027,14z/data=!4m8!1m2!2m1!1sK9+Pointe+Dog+Park!3m4!1s0x864dd71b2116b537:0x653d1f712ca08bae!8m2!3d32.9272941!4d-97.2300027"
Rest Stop Area,https://www.txdot.gov/discover/rest-areas-travel-information-centers/safety-rest-area-list/donley.html,,"US-287, Hedley, TX 79237",Hedley,79237,Texas,34.8649503,-100.6584923,https://lh3.googleusercontent.com/gps-cs-s/AC9h4nqu-uBuGRBU2iFb-YqGboOCDPJXiaCOjB9vfwBjQdroQngLcsRt9dAjhcFCTyfIWyv5uPS06TkZeLZsIs5Z5HbmtW9LwgByX3ZmN5YZKzZNxgB-SNNXVhefz8Bjr-d6KlgsQP9dxQ=w800-h500-k-no,"{""Sunday"": ""Open 24 hours"", ""Monday"": ""Open 24 hours"", ""Tuesday"": ""Open 24 hours"", ""Wednesday"": ""Open 24 hours"", ""Thursday"": ""Open 24 hours"", ""Friday"": ""Open 24 hours"", ""Saturday"": ""Open 24 hours""}",OPERATIONAL,,"https://www.google.com/maps/place/Rest+Stop+Area/@34.8649503,-100.65849229999999,14z/data=!4m8!1m2!2m1!1sRest+Stop+Area!3m4!1s0x87aa7f57c1964873:0xe4f2df1857bef06b!8m2!3d34.8649503!4d-100.65849229999999"
Terry County Park,,,"Brownfield, TX 79316",Brownfield,79316,Texas,33.1679408,-102.2740225,https://streetviewpixels-pa.googleapis.com/v1/thumbnail?panoid=oIHa_dJiRToRBQsmiX0M3A&cb_client=search.gws-prod.gps&w=800&h=500&yaw=246.14752&pitch=0&thumbfov=100,,OPERATIONAL,,"https://www.google.com/maps/place/Terry+County+Park/@33.1679408,-102.2740225,14z/data=!4m8!1m2!2m1!1sTerry+County+Park!3m4!1s0x86fc3392074a667f:0x5a67abe625ccc7c9!8m2!3d33.1679408!4d-102.2740225"
Santa Fe Dog Park,http://www.cityofwharton.com/,+1 979-532-2491,"W 3rd St, Wharton, TX 77488",Wharton,77488,Texas,29.318038,-96.0967365,https://streetviewpixels-pa.googleapis.com/v1/thumbnail?panoid=MT0uPuheCVtubMs5T_AUZg&cb_client=search.gws-prod.gps&w=800&h=500&yaw=23.846186&pitch=0&thumbfov=100,"{""Sunday"": ""4AM-12AM"", ""Monday"": ""4AM-12AM"", ""Tuesday"": ""4AM-12AM"", ""Wednesday"": ""4AM-12AM"", ""Thursday"": ""4AM-12AM"", ""Friday"": ""4AM-12AM"", ""Saturday"": ""4AM-12AM""}",OPERATIONAL,,"https://www.google.com/maps/place/Santa+Fe+Dog+Park/@29.318037999999998,-96.09673649999999,14z/data=!4m8!1m2!2m1!1sSanta+Fe+Dog+Park!3m4!1s0x864175004439771f:0x29b0314660662666!8m2!3d29.318037999999998!4d-96.09673649999999"
Dog Park,,,"9555 Hwy 6, Missouri City, TX 77459",Missouri City,77459,Texas,29.5382626,-95.5276764,https://streetviewpixels-pa.googleapis.com/v1/thumbnail?panoid=lN812RfuzBH7D_z4jSnULw&cb_client=search.gws-prod.gps&w=800&h=500&yaw=16.781967&pitch=0&thumbfov=100,,OPERATIONAL,,"https://www.google.com/maps/place/Dog+Park/@29.5382626,-95.52767639999999,14z/data=!4m8!1m2!2m1!1sDog+Park!3m4!1s0x8640ef006b304df7:0x4f9893b324582d1a!8m2!3d29.5382626!4d-95.52767639999999"
Dogtopia of Katy,https://www.dogtopia.com/katy/,+1 281-417-6010,"1817 S Mason Rd, Katy, TX 77450",Katy,77450,Texas,29.7551324,-95.7509043,https://lh3.googleusercontent.com/p/AF1QipN8I1xQw4WVDpPn_74CMiJeAjih2vvj4ukICjDI=w800-h500-k-no,"{""Sunday"": ""Closed"", ""Monday"": ""7AM-7PM"", ""Tuesday"": ""7AM-7PM"", ""Wednesday"": ""7AM-7PM"", ""Thursday"": ""7AM-7PM"", ""Friday"": ""7AM-7PM"", ""Saturday"": ""9AM-5PM""}",OPERATIONAL,,"https://www.google.com/maps/place/Dogtopia+of+Katy/@29.755132399999997,-95.7509043,14z/data=!4m8!1m2!2m1!1sDogtopia+of+Katy!3m4!1s0x864121a8ea28fab3:0x4fd9abb601e5e612!8m2!3d29.755132399999997!4d-95.7509043"
City of Katy Off-Leash Dog Park,https://www.cityofkaty.com/Home/Components/FacilityDirectory/FacilityDirectory/6/,+1 281-391-4840,"5414 Franz Rd, Katy, TX 77493",Katy,77493,Texas,29.8025755,-95.8178528,https://lh3.googleusercontent.com/gps-cs-s/AC9h4nqxqhvmZUdeCmR5y2gI-D5zH0OOp1S5OIxbe3anlIo1R_VZK-jd-BSHP7iIS7OiA3UcWI65aXlpzPA_Febn5VaiEIua1GEy5exTrKeHTb4Sz-qDi0g5fPZ9jquMtvcaQUSncSa_=w800-h500-k-no,"{""Sunday"": ""5AM-11PM"", ""Monday"": ""5AM-11PM"", ""Tuesday"": ""5AM-11PM"", ""Wednesday"": ""5AM-11PM"", ""Thursday"": ""5AM-11PM"", ""Friday"": ""5AM-11PM"", ""Saturday"": ""5AM-11PM""}",OPERATIONAL,"Covering 14 acres, this off-leash dog park has grassy fields & fountains & hosts annual events.","https://www.google.com/maps/place/City+of+Katy+Off-Leash+Dog+Park/@29.8025755,-95.8178528,14z/data=!4m8!1m2!2m1!1sCity+of+Katy+Off-Leash+Dog+Park!3m4!1s0x864125d45c8168b3:0xde69c9042c2001a2!8m2!3d29.8025755!4d-95.8178528"
K9 Resorts Luxury Pet Hotel Katy,https://www.k9resorts.com/katy,+1 281-915-4229,"1380 W Grand Pkwy S Suite 400, Katy, TX 77494",Katy,77494,Texas,29.7603481,-95.7781739,https://lh3.googleusercontent.com/gps-cs-s/AC9h4no563y0GRL_IWzeuOv-wYm_vw0vU6CbTvekCCj8NZNivlRW9ifAf1g_ETr_fA3ODVkc8oyDsjy8JXm5-T6l8JZsvWZwGHFHfB9AMbN6X3ecZc4ubhv4yvwdLIw_Uf-PU7VB5YyM4Q=w800-h500-k-no,"{""Sunday"": ""9AM-5:30PM"", ""Monday"": ""7AM-7PM"", ""Tuesday"": ""7AM-7PM"", ""Wednesday"": ""7AM-7PM"", ""Thursday"": ""7AM-7PM"", ""Friday"": ""7AM-7PM"", ""Saturday"": ""9AM-5:30PM""}",OPERATIONAL,,"https://www.google.com/maps/place/K9+Resorts+Luxury+Pet+Hotel+Katy/@29.760348099999998,-95.7781739,14z/data=!4m8!1m2!2m1!1sK9+Resorts+Luxury+Pet+Hotel+Katy!3m4!1s0x864127bd2726d695:0x5f870da1cfa7433e!8m2!3d29.760348099999998!4d-95.7781739"
Dig World,https://www.digworldnation.com/,+1 346-435-8888,"5000 Katy Mills Cir, Katy, TX 77494",Katy,77494,Texas,29.7789773,-95.8096795,https://lh3.googleusercontent.com/gps-cs-s/AC9h4nrvase9cbPobIdagjFGIKvjnOzgjmjMfDGireXbegDqeK25Y3EkY754Z1fJFBH9H1w24pvsBwmfyJMYJtmPiUbdY8ykS6iMjygy-DaW00X9P65r-eV8yz8L9_2syNCErxVmuNjYCORR8Ow=w800-h500-k-no,"{""Sunday"": ""9AM-6PM"", ""Monday"": ""Closed"", ""Tuesday"": ""Closed"", ""Wednesday"": ""Closed"", ""Thursday"": ""9AM-12PM"", ""Friday"": ""9AM-12PM"", ""Saturday"": ""9AM-6PM""}",OPERATIONAL,,"https://www.google.com/maps/place/Dig+World/@29.778977299999998,-95.8096795,14z/data=!4m8!1m2!2m1!1sDig+World!3m4!1s0x8641270cd6d3dd6f:0x22a024f53064da9a!8m2!3d29.778977299999998!4d-95.8096795"
Canine Country Club,http://www.mycaninecountryclub.com/,+1 281-693-3647,"1440 Katy Gap Rd, Katy, TX 77494",Katy,77494,Texas,29.7701915,-95.7885715,https://lh3.googleusercontent.com/gps-cs-s/AC9h4nrjDLJpMalPIss8hI-cS2SydCJXXJFbEDe6Ja6a6_yqvszl5LaYuj698-qz1X9CDzZdcwywkLtozr0doh1s22S6FaVYG6F6RtfveiF7QCpxYN9A0Brkp5VgX-zOZfIXCW0RcbW4=w800-h500-k-no,"{""Sunday"": ""4-6PM"", ""Monday"": ""7AM-6:30PM"", ""Tuesday"": ""7AM-6:30PM"", ""Wednesday"": ""7AM-6:30PM"", ""Thursday"": ""7AM-6:30PM"", ""Friday"": ""7AM-6:30PM"", ""Saturday"": ""9AM-3PM""}",OPERATIONAL,,"https://www.google.com/maps/place/Canine+Country+Club/@29.7701915,-95.78857149999999,14z/data=!4m8!1m2!2m1!1sCanine+Country+Club!3m4!1s0x864126bdb14cf167:0x47b891bc31bfa3e!8m2!3d29.7701915!4d-95.78857149999999"
"Kanga's Indoor Playcenter and Cafe, Katy",http://katy.kangasplaycenter.com/,+1 281-645-0980,"610 Katy Fort Bend Rd, Katy, TX 77494",Katy,77494,Texas,29.7796645,-95.8008087,https://lh3.googleusercontent.com/p/AF1QipNmU7vs7KM5yIe8TvPQ1rDVWYoV6zVuGQRWewco=w800-h500-k-no,"{""Sunday"": ""9AM-6PM"", ""Monday"": ""9AM-6PM"", ""Tuesday"": ""9AM-6PM"", ""Wednesday"": ""9AM-6PM"", ""Thursday"": ""9AM-6PM"", ""Friday"": ""9AM-6PM"", ""Saturday"": ""9AM-6PM""}",OPERATIONAL,,"https://www.google.com/maps/place/Kanga%27s+Indoor+Playcenter+and+Cafe%2C+Katy/@29.7796645,-95.80080869999999,14z/data=!4m8!1m2!2m1!1sKanga%27s+Indoor+Playcenter+and+Cafe%2C+Katy!3m4!1s0x864127ab8419331b:0xa506df90c17b22e0!8m2!3d29.7796645!4d-95.80080869999999"
Elyson Dog Park,,,"Elyson Blvd, Katy, TX 77493",Katy,77493,Texas,29.8829444,-95.7852194,https://lh3.googleusercontent.com/gps-cs-s/AC9h4nq7QGwn7K69sHtL3Rm8ikBVhfnP5qevii9wsD12rD6XxNSPzSpdFZXfOo7KBvaksVfB5Up1soZxcqEtsQSielFIUU4MTor-15LBcxIt_ErLzggp4Pqknau36LndsiSVFRPgPKiE=w800-h500-k-no,,OPERATIONAL,,"https://www.google.com/maps/place/Elyson+Dog+Park/@29.8829444,-95.7852194,14z/data=!4m8!1m2!2m1!1sElyson+Dog+Park!3m4!1s0x864129f8eb60185f:0x2b9f180441d03978!8m2!3d29.8829444!4d-95.7852194"
Beverly Kaufman Dog Park,https://cp4.harriscountytx.gov/dogparks,+1 281-353-8100,"9114 Katy Hockley Rd, Katy, TX 77493",Katy,77493,Texas,29.9020092,-95.811546,https://lh3.googleusercontent.com/gps-cs-s/AC9h4noLB6ucJ_7vgw9vyrAXCqNHT_0pn1t08zVrj4B61cvNtS8Rc1ld4_os8zm_WlKqgeERi1XnVwbAWxjeRSmqxn_viC3uPwBd7rorzhr4EQMRPWgWOj7p7q8Z2qOejkdhXJOqXSY=w800-h500-k-no,"{""Sunday"": ""7AM-9PM"", ""Monday"": ""7AM-9PM"", ""Tuesday"": ""7AM-9PM"", ""Wednesday"": ""7AM-9PM"", ""Thursday"": ""7AM-9PM"", ""Friday"": ""7AM-9PM"", ""Saturday"": ""7AM-9PM""}",OPERATIONAL,,"https://www.google.com/maps/place/Beverly+Kaufman+Dog+Park/@29.9020092,-95.81154599999999,14z/data=!4m8!1m2!2m1!1sBeverly+Kaufman+Dog+Park!3m4!1s0x8641292da7c6dadf:0xaf6c79a1f58baf22!8m2!3d29.9020092!4d-95.81154599999999"
Cross Creek Ranch Canine Commons,https://www.crosscreektexas.com/,,"5727 Flewellen Oaks Lane, Fulshear, TX 77441",Fulshear,77441,Texas,29.7041759,-95.8497959,https://lh3.googleusercontent.com/gps-cs-s/AC9h4nq48cbULDtrO_6vWObxHEAYEq71H_TvA-4yLUBbjkEbfjHNNixqaR15Jf1zlAukVvybjLEm1oNlJCY9DN22yaVHONONqp8lhBZmDR_a679NGeJVOpfbSQiL4YUaKI3m8Vpc9MEr6w=w800-h500-k-no,"{""Sunday"": ""6AM-8:30PM"", ""Monday"": ""6AM-8:30PM"", ""Tuesday"": ""6AM-8:30PM"", ""Wednesday"": ""6AM-8:30PM"", ""Thursday"": ""6AM-8:30PM"", ""Friday"": ""6AM-8:30PM"", ""Saturday"": ""6AM-8:30PM""}",OPERATIONAL,,"https://www.google.com/maps/place/Cross+Creek+Ranch+Canine+Commons/@29.7041759,-95.84979589999999,14z/data=!4m8!1m2!2m1!1sCross+Creek+Ranch+Canine+Commons!3m4!1s0x864122531299cf91:0x79690b5c45a2701d!8m2!3d29.7041759!4d-95.84979589999999"
Camp Bow Wow Katy,https://www.campbowwow.com/katy/,+1 281-849-4218,"1515 Vander Wilt Ln Bldg #5, Katy, TX 77449",Katy,77449,Texas,29.7908295,-95.7404727,https://lh3.googleusercontent.com/p/AF1QipM0T4uDqa3CSU9a3vIVM6iUsQjP6RX9Bh0kQs9S=w800-h500-k-no,"{""Sunday"": ""7-10AM,4-7PM"", ""Monday"": ""6:30AM-7PM"", ""Tuesday"": ""6:30AM-7PM"", ""Wednesday"": ""6:30AM-7PM"", ""Thursday"": ""6:30AM-7PM"", ""Friday"": ""6:30AM-7PM"", ""Saturday"": ""6:30AM-7PM""}",OPERATIONAL,,"https://www.google.com/maps/place/Camp+Bow+Wow+Katy/@29.790829499999997,-95.7404727,14z/data=!4m8!1m2!2m1!1sCamp+Bow+Wow+Katy!3m4!1s0x8641276f75ff6389:0x458e12a5c652dc82!8m2!3d29.790829499999997!4d-95.7404727"
The Dog Stop - Katy,https://thedogstop.com/locations/texas/katy/,+1 346-298-0969,"BEHIND CHEVRON, 23165 Morton Ranch Rd, Katy, TX 77449",Katy,77449,Texas,29.8164819,-95.7757663,https://lh3.googleusercontent.com/p/AF1QipO4Va2Nq5UPLg6Pd9SVj3-x6XABqFlO-KVVLue0=w800-h500-k-no,"{""Sunday"": ""7-10AM,4-7PM"", ""Monday"": ""6:30AM-7PM"", ""Tuesday"": ""6:30AM-7PM"", ""Wednesday"": ""6:30AM-7PM"", ""Thursday"": ""6:30AM-7PM"", ""Friday"": ""6:30AM-7PM"", ""Saturday"": ""8AM-6PM""}",OPERATIONAL,,"https://www.google.com/maps/place/The+Dog+Stop+-+Katy/@29.8164819,-95.7757663,14z/data=!4m8!1m2!2m1!1sThe+Dog+Stop+-+Katy!3m4!1s0x8641275ef7c6a73b:0x7eda03918d27a72c!8m2!3d29.8164819!4d-95.7757663"
Pawm Springs Dog Park,http://www.sugarlandtx.gov/facilities/Facility/Details/14,+1 281-275-2825,"15300 University Blvd, Sugar Land, TX 77479",Sugar Land,77479,Texas,29.5572752,-95.6408244,https://lh3.googleusercontent.com/gps-cs-s/AC9h4npKbKLBa8D4zx4WUbjS9C-EjTJCw-G_K8qt4tWYUg5rZ2F__FN6m03_kzBquh6GEWWGIzkciZUeZMujYiBSrFR2xlJFlKB4duYE-7lzq6wIWC5jPi6EWvKXaZGZQtU3_uFafRWtbg=w800-h500-k-no,"{""Sunday"": ""7AM-8PM"", ""Monday"": ""Closed"", ""Tuesday"": ""7AM-8PM"", ""Wednesday"": ""7AM-8PM"", ""Thursday"": ""7AM-8PM"", ""Friday"": ""7AM-8PM"", ""Saturday"": ""7AM-8PM""}",OPERATIONAL,,"https://www.google.com/maps/place/Pawm+Springs+Dog+Park/@29.5572752,-95.6408244,14z/data=!4m8!1m2!2m1!1sPawm+Springs+Dog+Park!3m4!1s0x8640e40b83857ae9:0x168f9d3193817766!8m2!3d29.5572752!4d-95.6408244"
FB MUD 35 Dog Park,https://www.fbmud35.com/parks/,+1 713-623-4531,"8949 S Fry Rd, Katy, TX 77494",Katy,77494,Texas,29.7120269,-95.8047194,https://lh3.googleusercontent.com/gps-cs-s/AC9h4nqq7uOgL4h-QhyLes2yVGfFQrEkONnRg390m0MvnNcOICRdK1aWtygLLSYr6rnckEHz9rvvPpOdIDNODSLaJZBhMC8IPOh159sYomAtZyTgr7-823kdTAFMl0UQm0_Mb9va5I8X=w800-h500-k-no,"{""Sunday"": ""6AM-8PM"", ""Monday"": ""6AM-8PM"", ""Tuesday"": ""6AM-8PM"", ""Wednesday"": ""6AM-8PM"", ""Thursday"": ""6AM-8PM"", ""Friday"": ""6AM-8PM"", ""Saturday"": ""6AM-8PM""}",OPERATIONAL,,"https://www.google.com/maps/place/FB+MUD+35+Dog+Park/@29.712026899999998,-95.8047194,14z/data=!4m8!1m2!2m1!1sFB+MUD+35+Dog+Park!3m4!1s0x8641212108bac883:0x6661976d71fe1a4!8m2!3d29.712026899999998!4d-95.8047194"
The Dog Lounge,,+1 281-690-8246,"15433 Mc Kaskle Rd Ste. B, Sugar Land, TX 77498",Sugar Land,77498,Texas,29.653608,-95.6581677,https://lh3.googleusercontent.com/p/AF1QipNYEjS6Tp0b3_EB_cOBQZwkwJ3Bos-4F4Qv14g=w800-h500-k-no,"{""Sunday"": ""5-7PM"", ""Monday"": ""7:30AM-6:30PM"", ""Tuesday"": ""7:30AM-6:30PM"", ""Wednesday"": ""7:30AM-6:30PM"", ""Thursday"": ""7:30AM-6:30PM"", ""Friday"": ""7:30AM-6:30PM"", ""Saturday"": ""7:30AM-6:30PM""}",OPERATIONAL,,"https://www.google.com/maps/place/The+Dog+Lounge/@29.653608,-95.65816769999999,14z/data=!4m8!1m2!2m1!1sThe+Dog+Lounge!3m4!1s0x8640e1aa90db9b6b:0x6651eb796b022972!8m2!3d29.653608!4d-95.65816769999999"
Riverstone Dog Park,,,"Sugar Land, TX 77479",Sugar Land,77479,Texas,29.5463086,-95.5682455,https://lh3.googleusercontent.com/gps-cs-s/AC9h4noIy8H-QgU5OPClR3FPsQOKZvZf141NynP73QH_1MTrbsqdKaJ2Gc_fFl3P7VHbLbUyoOCCnlNCdMVpkQEFhzYKj2VOe-Fjp6BgsM6wF6u1rk-7s5-v3-fIwbchFQidKWzHR0Kzwg=w800-h500-k-no,"{""Sunday"": ""Open 24 hours"", ""Monday"": ""Open 24 hours"", ""Tuesday"": ""Open 24 hours"", ""Wednesday"": ""Open 24 hours"", ""Thursday"": ""Open 24 hours"", ""Friday"": ""Open 24 hours"", ""Saturday"": ""Open 24 hours""}",OPERATIONAL,,"https://www.google.com/maps/place/Riverstone+Dog+Park/@29.5463086,-95.56824549999999,14z/data=!4m8!1m2!2m1!1sRiverstone+Dog+Park!3m4!1s0x8640e58f41c4bd6b:0x1e81c9fe89c03854!8m2!3d29.5463086!4d-95.56824549999999"
Dogtopia of Fairmont Parkway,,,"6015 Fairmont Pkwy, Pasadena, TX 77505",Pasadena,77505,Texas,29.650667,-95.1476181,https://lh3.googleusercontent.com/p/AF1QipPyshyxVY_6MzF-j36ed843IcWRzdeqBjX8wpHd=w800-h500-k-no,"{""Sunday"": ""Closed"", ""Monday"": ""7AM-7PM"", ""Tuesday"": ""7AM-7PM"", ""Wednesday"": ""7AM-7PM"", ""Thursday"": ""7AM-7PM"", ""Friday"": ""7AM-7PM"", ""Saturday"": ""9AM-5PM""}",OPERATIONAL,Dogtopia of Fairmont Parkway is permanently closed.,"https://www.google.com/maps/place/Dogtopia+of+Fairmont+Parkway/@29.650667,-95.1476181,14z/data=!4m8!1m2!2m1!1sDogtopia+of+Fairmont+Parkway!3m4!1s0x86409934ed36014b:0x4c07dd6a597acb17!8m2!3d29.650667!4d-95.1476181"
Partnership Park,http://hcp2.com/,+1 713-221-6000,"5150 Red Bluff Rd, Pasadena, TX 77503",Pasadena,77503,Texas,29.6692628,-95.1382473,https://lh3.googleusercontent.com/gps-cs-s/AC9h4npNj4k70Y1ex0W0A7ucw5pTjjRSw1sSIJ2Qjcqe7KhS1F_JGmnfTiFO8GM-A9J5vQNVG_7hXyC-dHCdhz7xLpsbWmIhbRb8FFPonVDp0xMrUymQDGUVdIHUHrSv33c7QnVCtDxZ=w800-h500-k-no,"{""Sunday"": ""7AM-7:30PM"", ""Monday"": ""7AM-7:30PM"", ""Tuesday"": ""7AM-7:30PM"", ""Wednesday"": ""7AM-7:30PM"", ""Thursday"": ""7AM-7:30PM"", ""Friday"": ""7AM-7:30PM"", ""Saturday"": ""7AM-7:30PM""}",OPERATIONAL,"Community venue offering a dog park, kids' playground & paths for hiking, biking & walking.","https://www.google.com/maps/place/Partnership+Park/@29.6692628,-95.13824729999999,14z/data=!4m8!1m2!2m1!1sPartnership+Park!3m4!1s0x86409f4a2b40d08d:0x9afbd009ec4f2243!8m2!3d29.6692628!4d-95.13824729999999"
Red Bluff Pet Resort & Grooming Salon,https://www.redbluffpetresort.com/,+1 281-680-6000,"5009 Red Bluff Rd, Pasadena, TX 77503",Pasadena,77503,Texas,29.6707205,-95.1350172,https://lh3.googleusercontent.com/p/AF1QipN_U5SrYa3k1g2l39ORagDuP9sMpFApXb2FEp1V=w800-h500-k-no,"{""Sunday"": ""2-6PM"", ""Monday"": ""7:30AM-6PM"", ""Tuesday"": ""7:30AM-6PM"", ""Wednesday"": ""7:30AM-6PM"", ""Thursday"": ""7:30AM-6PM"", ""Friday"": ""7:30AM-6PM"", ""Saturday"": ""9AM-4PM""}",OPERATIONAL,,"https://www.google.com/maps/place/Red+Bluff+Pet+Resort+%26+Grooming+Salon/@29.670720499999998,-95.1350172,14z/data=!4m8!1m2!2m1!1sRed+Bluff+Pet+Resort+%26+Grooming+Salon!3m4!1s0x86409f93e166538d:0xf30c3635f4074722!8m2!3d29.670720499999998!4d-95.1350172"
Alvin Dog Park,,,"Alvin, TX 77511",Alvin,77511,Texas,29.3922283,-95.244942,https://lh3.googleusercontent.com/gps-cs-s/AC9h4nqSk2uAMYSGDMEnJE4VnKTYNUODTBrHd2AE1ml2fIm4_ZUd8kEuulV_X-FEh5-SjqCJDYzQr8hFOD7T0E4l-aph3SN93OBwS6gkL1ygqFdH52iwU9dcAf78gAkIDUD9jp-77K0WZA=w800-h500-k-no,"{""Sunday"": ""7AM-10:30PM"", ""Monday"": ""7AM-10:30PM"", ""Tuesday"": ""7AM-10:30PM"", ""Wednesday"": ""7AM-10:30PM"", ""Thursday"": ""7AM-10:30PM"", ""Friday"": ""7AM-10:30PM"", ""Saturday"": ""7AM-10:30PM""}",OPERATIONAL,,"https://www.google.com/maps/place/Alvin+Dog+Park/@29.3922283,-95.244942,14z/data=!4m8!1m2!2m1!1sAlvin+Dog+Park!3m4!1s0x864088b8e1fd5749:0x52cb2259379a158f!8m2!3d29.3922283!4d-95.244942"
Prairie Dog Park,,,"Prairie Dog Park, 575 Hathaway St, Alvin, TX 77511",Alvin,77511,Texas,29.4198231,-95.2374162,https://lh3.googleusercontent.com/gps-cs-s/AC9h4nrZVVB3KJezqWrpteW711B52tHNLCNNJQcn59iQGmITPwLhBADL41GY48z4D7HSwofikOBLs3ui7dxBhr60KeAhhSOR1KA90gFwYTvRnUtWenZa1NI-znekRIheRxLrz76CaJovzQ=w800-h500-k-no,,OPERATIONAL,,"https://www.google.com/maps/place/Prairie+Dog+Park/@29.4198231,-95.2374162,14z/data=!4m8!1m2!2m1!1sPrairie+Dog+Park!3m4!1s0x86408feff547ce03:0x5935d8f1259b2333!8m2!3d29.4198231!4d-95.2374162"
Officer Cash Memorial Dog Park,http://www.angleton.tx.us/266/Angleton-Parks,+1 979-549-0410,"Officer Cash Memorial Dog Park, 535 S Anderson St, Angleton, TX 77515",Angleton,77515,Texas,29.1596289,-95.424435,https://lh3.googleusercontent.com/gps-cs-s/AC9h4nqe4BX2G2m11Wi0Eifhm2IVRi9wNNPUPI8UfxEzvVSA0rtuSOPj25YisZbXg07Rlh4XktA5LnhophsPsqE554P7yc0jaw7WICSWeidf5zDheLiLB3zFWabp3b9v_Hx8wsTM1M9h=w800-h500-k-no,"{""Sunday"": ""5AM-11PM"", ""Monday"": ""5AM-11PM"", ""Tuesday"": ""5AM-11PM"", ""Wednesday"": ""5AM-11PM"", ""Thursday"": ""5AM-11PM"", ""Friday"": ""5AM-11PM"", ""Saturday"": ""5AM-11PM""}",OPERATIONAL,,"https://www.google.com/maps/place/Officer+Cash+Memorial+Dog+Park/@29.159628899999998,-95.424435,14z/data=!4m8!1m2!2m1!1sOfficer+Cash+Memorial+Dog+Park!3m4!1s0x86405d0f89aaaaab:0xbecf632104caa363!8m2!3d29.159628899999998!4d-95.424435"
Dog Park at Love's Travel Stops,https://www.loves.com/dogparks,+1 979-849-5905,"19477 FM523, Angleton, TX 77515",Angleton,77515,Texas,29.1962583,-95.45732,https://streetviewpixels-pa.googleapis.com/v1/thumbnail?panoid=gOpWxo30L0KQ6Ovf7ENk4Q&cb_client=search.gws-prod.gps&w=800&h=500&yaw=208.0338&pitch=0&thumbfov=100,"{""Sunday"": ""Open 24 hours"", ""Monday"": ""Open 24 hours"", ""Tuesday"": ""Open 24 hours"", ""Wednesday"": ""Open 24 hours"", ""Thursday"": ""Open 24 hours"", ""Friday"": ""Open 24 hours"", ""Saturday"": ""Open 24 hours""}",OPERATIONAL,,"https://www.google.com/maps/place/Dog+Park+at+Love%27s+Travel+Stops/@29.1962583,-95.45732,14z/data=!4m8!1m2!2m1!1sDog+Park+at+Love%27s+Travel+Stops!3m4!1s0x86405de9e992aa5f:0xd2f8b016e55d4103!8m2!3d29.1962583!4d-95.45732"
Baytown Bark Park,https://www.baytown.org/,,"4334 Crosby Cedar Bayou Rd, Baytown, TX 77521",Baytown,77521,Texas,29.7751223,-94.9379816,https://lh3.googleusercontent.com/gps-cs-s/AC9h4nqIkLbPz5pbVgeuCeQzfgEcgVhCzblXamATCzLU8Hsvn28_mhW_Y8D8B8Oh5QMX1sYOJ8MGd_g1sFHD3HHx3vp-OJ9cUSykl7nIW5Wmqy3TjYq-yX-uq7kQI-D6g_-XuWV_htASTw=w800-h500-k-no,"{""Sunday"": ""5AM-10PM"", ""Monday"": ""5AM-10PM"", ""Tuesday"": ""5AM-10PM"", ""Wednesday"": ""5AM-10PM"", ""Thursday"": ""5AM-10PM"", ""Friday"": ""5AM-10PM"", ""Saturday"": ""5AM-10PM""}",OPERATIONAL,Baytown Bark Park located inside W.L.Jenkins Park has two separate play areas for small and large dogs. Plenty of space to run and play across the park. Drinking fountains for humans and dogs.,"https://www.google.com/maps/place/Baytown+Bark+Park/@29.7751223,-94.9379816,14z/data=!4m8!1m2!2m1!1sBaytown+Bark+Park!3m4!1s0x863f5c63ab30d0a3:0x61b02bd4ff538453!8m2!3d29.7751223!4d-94.9379816"
Crosby Boarding Kennel,http://www.crosbyboardingkennel.com/,+1 832-524-7845,"14379 Bohemian Hall Rd, Crosby, TX 77532",Crosby,77532,Texas,29.892919,-95.0250513,https://lh3.googleusercontent.com/gps-cs-s/AC9h4nrkrCVhU91jTSFDtUu8AmoSgEWy1T_psnCfHf3LtVJ0g6G_xNQ6adpp3F2asLbh220rlnp4PEqRK2j6ST2UlV5fTcCXzCGPwKWgoNqplgenturTL4AqLXnGj_dw0JqE2jQz7ZUZmw=w800-h500-k-no,"{""Sunday"": ""4-6PM"", ""Monday"": ""7:30AM-1PM,3-5PM"", ""Tuesday"": ""7:30AM-1PM,3-5PM"", ""Wednesday"": ""7:30AM-1PM,3-5PM"", ""Thursday"": ""7:30AM-1PM,3-5PM"", ""Friday"": ""7:30AM-1PM,3-5PM"", ""Saturday"": ""8AM-12PM""}",OPERATIONAL,,"https://www.google.com/maps/place/Crosby+Boarding+Kennel/@29.892919,-95.0250513,14z/data=!4m8!1m2!2m1!1sCrosby+Boarding+Kennel!3m4!1s0x863f57995986d299:0xd2acc38e223bc65c!8m2!3d29.892919!4d-95.0250513"
Two Brothers Sporting Dogs,https://www.twobrotherssportingdogs.com/,+1 936-341-0022,"2475 FM1008, Dayton, TX 77535",Dayton,77535,Texas,30.0793074,-94.8663177,https://lh3.googleusercontent.com/gps-cs-s/AC9h4nrdJwrHp11cjvApk3R2g_1bp6KHMHlPfGmRrUa99c3pBzENPH_MHJWqrvjOoHB5e0ZZlJqwxC4k1Mc_dXPsKveC5w5ER5H90SNNU3jGz1bygyzWSLQ2nIcjlNNBT4hVChzf9WDF=w800-h500-k-no,"{""Sunday"": ""Closed"", ""Monday"": ""9AM-4PM"", ""Tuesday"": ""9AM-4PM"", ""Wednesday"": ""9AM-4PM"", ""Thursday"": ""9AM-4PM"", ""Friday"": ""9AM-4PM"", ""Saturday"": ""Closed""}",OPERATIONAL,,"https://www.google.com/maps/place/Two+Brothers+Sporting+Dogs/@30.079307399999998,-94.8663177,14z/data=!4m8!1m2!2m1!1sTwo+Brothers+Sporting+Dogs!3m4!1s0x863f4db86521714d:0x1cb67a0944154351!8m2!3d30.079307399999998!4d-94.8663177"
Dow Park,http://www.deerparktx.gov/,+1 281-479-2394,"610 E San Augustine St, Deer Park, TX 77536",Deer Park,77536,Texas,29.6890553,-95.1187257,https://lh3.googleusercontent.com/gps-cs-s/AC9h4nqBddB7WYbqib_VHXI7yJmOlRfjlrzAFq3UsgiBbq5xyyY-g-88kahSgj-cZR2kpwPv3cZjhuarQ_q3eE1PEkzMMAt38wMw0D3z0uMQXOT1_E7XNz_yD2IqJ9bH_PpRymVIq-zd=w800-h500-k-no,"{""Sunday"": ""Open 24 hours"", ""Monday"": ""Open 24 hours"", ""Tuesday"": ""Open 24 hours"", ""Wednesday"": ""Open 24 hours"", ""Thursday"": ""Open 24 hours"", ""Friday"": ""Open 24 hours"", ""Saturday"": ""Open 24 hours""}",OPERATIONAL,,"https://www.google.com/maps/place/Dow+Park/@29.6890553,-95.1187257,14z/data=!4m8!1m2!2m1!1sDow+Park!3m4!1s0x86409f640afa644d:0x81ee1b32a9125bbf!8m2!3d29.6890553!4d-95.1187257"
Transform My Dog,http://www.transformmydog.com/,+1 281-534-7387,"1817 FM 517 Rd E, Dickinson, TX 77539",Dickinson,77539,Texas,29.4589558,-95.0621572,https://lh3.googleusercontent.com/p/AF1QipP5BcN9TZYR8YVncU_EHz4zfvRMkFDNiX5kTdR3=w800-h500-k-no,"{""Sunday"": ""8AM-12PM,1-5:30PM"", ""Monday"": ""7:30AM-12PM,1-5:30PM"", ""Tuesday"": ""7:30AM-12PM,1-5:30PM"", ""Wednesday"": ""7:30AM-12PM,1-5:30PM"", ""Thursday"": ""7:30AM-12PM,1-5:30PM"", ""Friday"": ""7:30AM-12PM,1-5:30PM"", ""Saturday"": ""8AM-12PM,1-5:30PM""}",OPERATIONAL,"We’re a training-focused dog boarding and daycare facility where every pup leaves better than they came. Whether your dog is here for training, daycare, or an extended stay, we prioritize structure, enrichment, and real results. Our goal is to help dogs become well-mannered, confident companions—on and off leash.","https://www.google.com/maps/place/Transform+My+Dog/@29.4589558,-95.0621572,14z/data=!4m8!1m2!2m1!1sTransform+My+Dog!3m4!1s0x8640827fad8b4fa3:0x4998e85c1f4a567a!8m2!3d29.4589558!4d-95.0621572"
White Rock Lake Dog Park,https://www.dallasparks.org/Facilities/Facility/Details/Mockingbird-Point-Dog-Park-358,+1 214-614-6711,"8000 E Mockingbird Ln, Dallas, TX 75218",Dallas,75218,Texas,32.8520023,-96.7251837,https://lh3.googleusercontent.com/gps-cs-s/AC9h4noCmvZNmhXVvnRsAFVCRY2tuWtb1waQNGGE6hzG5kmXLBoKdQbNJPOn8zuzJd2XgaDMBeDw2cbzHyUCGHPWs2rBtZnbHpn5yKrle9mfk9FrNNhLZt5PVAF0AE601Rnzm0CzkBEk=w800-h500-k-no,"{""Sunday"": ""5AM-11PM"", ""Monday"": ""Closed"", ""Tuesday"": ""5AM-11PM"", ""Wednesday"": ""5AM-11PM"", ""Thursday"": ""5AM-11PM"", ""Friday"": ""5AM-11PM"", ""Saturday"": ""5AM-11PM""}",OPERATIONAL,"Lakeside 3-acre dog park with sections for big & small breeds, fountains, shelter & washing areas.","https://www.google.com/maps/place/White+Rock+Lake+Dog+Park/@32.852002299999995,-96.7251837,14z/data=!4m8!1m2!2m1!1sWhite+Rock+Lake+Dog+Park!3m4!1s0x864ea1b4dfda174d:0x5787f4045cc6db2d!8m2!3d32.852002299999995!4d-96.7251837"
Kitty Hollow Park,https://www.fortbendcountytx.gov/government/departments/parks-and-recreation/county-parks-community-centers/kitty-hollow-park,+1 832-471-2575,"9555 Hwy 6, Missouri City, TX 77459",Missouri City,77459,Texas,29.5382626,-95.5276764,https://lh3.googleusercontent.com/gps-cs-s/AC9h4nri3veSW1wh2ADhgmg26z0vg3TG6ZzHiNSK6TimK_w2UPF09uU8JuZuqJJ9Ev8310e8fhLQarNf12zXV7nYAyR6vlkcssW3DSX5yV1O7OV37ByGrMhyTxv6UDN083YJl8Sevnp7=w800-h500-k-no,"{""Sunday"": ""Closed"", ""Monday"": ""9AM-12PM,1-5PM"", ""Tuesday"": ""9AM-12PM,1-5PM"", ""Wednesday"": ""9AM-12PM,1-5PM"", ""Thursday"": ""9AM-12PM,1PM-5AM"", ""Friday"": ""9AM-12PM,1-5PM"", ""Saturday"": ""Closed""}",OPERATIONAL,"Community area offering athletic fields, 3 playgrounds, a fishing lake, dog park & picnic shelters.","https://www.google.com/maps/place/Kitty+Hollow+Park/@29.5382626,-95.52767639999999,14z/data=!4m8!1m2!2m1!1sKitty+Hollow+Park!3m4!1s0x8640ef0f831febbd:0xa972d6af0d9a6d92!8m2!3d29.5382626!4d-95.52767639999999"
The Sandlot Doggy Inn,,+1 903-220-3998,"2422 Flamingo Rd, Gilmer, TX 75645",Gilmer,75645,Texas,32.6507958,-94.9000579,https://lh3.googleusercontent.com/p/AF1QipNt8ISbLdJgClAp35r03T9FrkdziWHiFxM5vPeJ=w800-h500-k-no,,OPERATIONAL,"Our indoor facility is a 1500sf, 100% Heated and Cooled facility. The 9,000 square foot play yard is fully secured. Each dog gets their own indoor kennel with bedding. We have different sizes that fit the needs of all size dogs.
We ensure our facilities are not only spotless, but fully sanitized, and smell clean, so that your dog stays healthy while in our care.
The Sandlot provides your dog a loving environment with plenty of playtime","https://www.google.com/maps/place/The+Sandlot+Doggy+Inn/@32.6507958,-94.9000579,14z/data=!4m8!1m2!2m1!1sThe+Sandlot+Doggy+Inn!3m4!1s0x863619fcd75af753:0x3b7a9574914024bb!8m2!3d32.6507958!4d-94.9000579"
PUPpoozi's Doggie Day Spaw LLC,https://booking.moego.pet/go/?name=PUPpoozisDoggieDaySpawLLC,+1 254-978-8239,"400 N Erath, Meridian, TX 76665",Meridian,76665,Texas,31.9249648,-97.6596537,https://lh3.googleusercontent.com/p/AF1QipPwoKb92a1-ipjXZKGW1Pkkb9-2m9b5PadNzU4r=w800-h500-k-no,,OPERATIONAL,"Professional dog groomer of 15 years. We do full grooms that include bath, nails, ears, and haircut, baths, or just nails.","https://www.google.com/maps/place/PUPpoozi%27s+Doggie+Day+Spaw+LLC/@31.924964799999998,-97.65965369999999,14z/data=!4m8!1m2!2m1!1sPUPpoozi%27s+Doggie+Day+Spaw+LLC!3m4!1s0x864fdb8f865f1a95:0x6f5d401408fc57a7!8m2!3d31.924964799999998!4d-97.65965369999999"
LARAS House (Limestone Animal Rescue Adoption Shelter),https://larashouseshelter.com/,+1 254-292-9552,"1517 State Hwy 171, Mexia, TX 76667",Mexia,76667,Texas,31.6973476,-96.5119323,https://lh3.googleusercontent.com/p/AF1QipPKt2D03-XnsKqhPDwVNruDHgNm3KJu7opKscy_=w800-h500-k-no,"{""Sunday"": ""8AM-12PM"", ""Monday"": ""8AM-12PM"", ""Tuesday"": ""8AM-12PM"", ""Wednesday"": ""8AM-12PM"", ""Thursday"": ""8AM-12PM"", ""Friday"": ""8AM-12PM"", ""Saturday"": ""8AM-12PM""}",OPERATIONAL,"Due to increased concerns and recommendations from the CDC and local authorities, we here at LARAS want to make sure we are taking precautions to ensure the health and safety of our volunteers, staff and adopters. Because of this, we are OPEN BY APPOINTMENT.
Adopt, Foster, Volunteer, Spread the Word

LARAS House is a 501.C3 No Kill Animal Rescue Organization located in Mexia (Limestone County), Texas. The organization started in 2008, and our physical shelter opened it’s doors in 2010. At any given time we may house as many as 100 dogs and puppies and often a similar number of cats and kittens at both the shelter and in our foster care homes. As for intakes, we primarily take in dogs from Limestone County, Texas and the surrounding areas.","https://www.google.com/maps/place/LARAS+House+%28Limestone+Animal+Rescue+Adoption+Shelter%29/@31.697347599999997,-96.5119323,14z/data=!4m8!1m2!2m1!1sLARAS+House+%28Limestone+Animal+Rescue+Adoption+Shelter%29!3m4!1s0x864f4c2f9c851c21:0xf09ab8edb1b4089f!8m2!3d31.697347599999997!4d-96.5119323"
Decker Prairie Pet Resort,http://www.deckerprairiepetresort.com/,+1 832-435-5053,"24220 Decker Prairie-Rosehill Rd, Magnolia, TX 77355",Magnolia,77355,Texas,30.1152723,-95.694118,https://lh3.googleusercontent.com/p/AF1QipOriChkwsSbCYAdYpoE2uDN2Rr3IT8fQG3aPADx=w800-h500-k-no,"{""Sunday"": ""8AM-12PM,1-5PM"", ""Monday"": ""7AM-12PM,1-6PM"", ""Tuesday"": ""7AM-12PM,1-6PM"", ""Wednesday"": ""7AM-12PM,1-6PM"", ""Thursday"": ""7AM-12PM,1-6PM"", ""Friday"": ""8AM-12PM,1-5PM"", ""Saturday"": ""8AM-12PM,1-5PM""}",OPERATIONAL,"Give your pup the ultimate retreat at our premier Dog Boarding and Grooming Resort in Magnolia, TX! With over 30 years of expert grooming experience, we provide top-tier care in a spacious, ranch-style setting. Our owner lives on-site, ensuring round-the-clock attention, while your dog enjoys wide-open spaces, outdoor play areas, and even a swimming pool for a refreshing dip. Whether for a stay or a spa day, we treat every dog like family!","https://www.google.com/maps/place/Decker+Prairie+Pet+Resort/@30.115272299999997,-95.69411799999999,14z/data=!4m8!1m2!2m1!1sDecker+Prairie+Pet+Resort!3m4!1s0x86472bf9c3284d65:0xae131fff36d39e4a!8m2!3d30.115272299999997!4d-95.69411799999999"
Happy Hounds Aquatic & Daycare Center,https://localsloveus.com/waco/winner/21988/,+1 254-235-1116,"7717 Central Park Dr, Woodway, TX 76712",Woodway,76712,Texas,31.5017541,-97.2047138,https://lh3.googleusercontent.com/p/AF1QipMTQdZMEk3mqwOIxRaW-2EsM8IGNy0fGNq3Vxxs=w800-h500-k-no,"{""Sunday"": ""4-5PM"", ""Monday"": ""7AM-7PM"", ""Tuesday"": ""7AM-7PM"", ""Wednesday"": ""7AM-7PM"", ""Thursday"": ""7AM-7PM"", ""Friday"": ""7AM-7PM"", ""Saturday"": ""9-10AM""}",OPERATIONAL,,"https://www.google.com/maps/place/Happy+Hounds+Aquatic+%26+Daycare+Center/@31.5017541,-97.2047138,14z/data=!4m8!1m2!2m1!1sHappy+Hounds+Aquatic+%26+Daycare+Center!3m4!1s0x864f8696c5221cfb:0x9e6ba964ae84766!8m2!3d31.5017541!4d-97.2047138"
Best Fido Friends LLC,http://bestfidofriends.com/,+1 254-424-9072,"8501 Mars Dr, Waco, TX 76712",Waco,76712,Texas,31.4830249,-97.2060718,https://lh3.googleusercontent.com/p/AF1QipNmBUsA34it9-93gV1_P4uc9LKsLOFa3wzgJxp5=w800-h500-k-no,"{""Sunday"": ""3-5PM"", ""Monday"": ""7AM-7PM"", ""Tuesday"": ""7AM-7PM"", ""Wednesday"": ""7AM-7PM"", ""Thursday"": ""7AM-7PM"", ""Friday"": ""7AM-7PM"", ""Saturday"": ""8AM-5PM""}",OPERATIONAL,,"https://www.google.com/maps/place/Best+Fido+Friends+LLC/@31.4830249,-97.20607179999999,14z/data=!4m8!1m2!2m1!1sBest+Fido+Friends+LLC!3m4!1s0x864f86e8c798c073:0x366970c5a953d7c8!8m2!3d31.4830249!4d-97.20607179999999"
Sun Cs Animal Spa and Resort LLC,,+1 325-642-1070,"2775 FM2525, Early, TX 76802",Early,76802,Texas,31.7126388,-98.93647,https://lh3.googleusercontent.com/gps-cs-s/AC9h4nq-DiLqv7nudexxnzCABpOAV6kz0Zw7tN-uUx5HCEV8GLcHkLwfFHE57GlSHE9AHjQYgZhP29kXQVE6B-g6uYeCZYws87XgO-D144BPSdRZ_2_U2wyE4X7IPeCAPCyemC3MAuNV=w800-h500-k-no,"{""Sunday"": ""6AM-7PM"", ""Monday"": ""7:30AM-5:30PM"", ""Tuesday"": ""7:30AM-5:30PM"", ""Wednesday"": ""7:30AM-5:30PM"", ""Thursday"": ""7:30AM-5:30PM"", ""Friday"": ""7:30AM-5:30PM"", ""Saturday"": ""7:30AM-12:30PM""}",OPERATIONAL,"Animal boarding and grooming
Feed store","https://www.google.com/maps/place/Sun+Cs+Animal+Spa+and+Resort+LLC/@31.712638799999997,-98.93647,14z/data=!4m8!1m2!2m1!1sSun+Cs+Animal+Spa+and+Resort+LLC!3m4!1s0x8650c79264c3b7d3:0x9448b5e9d531c178!8m2!3d31.712638799999997!4d-98.93647"
Coggin Park,https://www.brownwoodtexas.gov/facilities/facility/details/Coggin-Park-8,+1 325-646-0146,"2109 Austin Ave, Brownwood, TX 76801",Brownwood,76801,Texas,31.7017292,-98.9731882,https://lh3.googleusercontent.com/gps-cs-s/AC9h4npoIDPhJGHXGrcC9nJKDMxxlVfzoECZY79f1Ch3VvqMA5L-DW3phs_iRGuZK54Y23GGVoA0n3TnM0YGlD1eLFIVFu1wHcW8gzRpwfsSnGVC7yW1Lo81gUZ5x5HageVQJe80Ou_L_A=w800-h500-k-no,"{""Sunday"": ""Open 24 hours"", ""Monday"": ""Open 24 hours"", ""Tuesday"": ""Open 24 hours"", ""Wednesday"": ""Open 24 hours"", ""Thursday"": ""Open 24 hours"", ""Friday"": ""Open 24 hours"", ""Saturday"": ""Open 24 hours""}",OPERATIONAL,"Public recreational park offering tennis, volleyball, basketball & soccer facilities.","https://www.google.com/maps/place/Coggin+Park/@31.7017292,-98.9731882,14z/data=!4m8!1m2!2m1!1sCoggin+Park!3m4!1s0x8650c7a1989e68a5:0x2166db57da6e53da!8m2!3d31.7017292!4d-98.9731882"
Home Away From Home Pet Hotel,,+1 325-573-9757,"2409 Gilmore Ave, Snyder, TX 79549",Snyder,79549,Texas,32.74775,-100.9257188,https://streetviewpixels-pa.googleapis.com/v1/thumbnail?panoid=wUCP6-RwNPs5MvYQHR30zQ&cb_client=search.gws-prod.gps&w=800&h=500&yaw=2.1456552&pitch=0&thumbfov=100,,OPERATIONAL,We would love for your pet to come and stay with us!! Contact us today!!,"https://www.google.com/maps/place/Home+Away+From+Home+Pet+Hotel/@32.747749999999996,-100.9257188,14z/data=!4m8!1m2!2m1!1sHome+Away+From+Home+Pet+Hotel!3m4!1s0x86ff49cd91f17ad5:0xd4de69b7f6729080!8m2!3d32.747749999999996!4d-100.9257188"
Dog Park at Love's Travel Stops,https://www.loves.com/dogparks,+1 325-235-1240,"9418 I-20, Sweetwater, TX 79556",Sweetwater,79556,Texas,32.4509617,-100.4418979,https://streetviewpixels-pa.googleapis.com/v1/thumbnail?panoid=ahRLGyr3nPEbqVuvbNRVFw&cb_client=search.gws-prod.gps&w=800&h=500&yaw=321.6232&pitch=0&thumbfov=100,"{""Sunday"": ""Open 24 hours"", ""Monday"": ""Open 24 hours"", ""Tuesday"": ""Open 24 hours"", ""Wednesday"": ""Open 24 hours"", ""Thursday"": ""Open 24 hours"", ""Friday"": ""Open 24 hours"", ""Saturday"": ""Open 24 hours""}",OPERATIONAL,,"https://www.google.com/maps/place/Dog+Park+at+Love%27s+Travel+Stops/@32.4509617,-100.4418979,14z/data=!4m8!1m2!2m1!1sDog+Park+at+Love%27s+Travel+Stops!3m4!1s0x86561b8ed62f1a3d:0x171b4b1f0596ab3!8m2!3d32.4509617!4d-100.4418979"
Newman Dog Park,,,"Sweetwater, TX 79556",Sweetwater,79556,Texas,32.482576,-100.4151119,https://lh3.googleusercontent.com/gps-cs-s/AC9h4nqYLb6pILwysXaPeiVy3zykhftGhd1fwRgzXeTn4TmnICGpRamah47aO8HEfEET5OlrlzOX1MBfWPhZyujo1ir9hBfOvFr-xZvr2BSb8aRlcISoKLeriNKYYYRKtbm2W_3POpMR=w800-h500-k-no,,OPERATIONAL,,"https://www.google.com/maps/place/Newman+Dog+Park/@32.482576,-100.4151119,14z/data=!4m8!1m2!2m1!1sNewman+Dog+Park!3m4!1s0x86560ff748556efb:0x2ecb8482d68fd712!8m2!3d32.482576!4d-100.4151119"
Camp Barkeley Dog Park,http://www.abilenetx.gov/parksandrec,+1 325-676-6217,"610 E South 11th St, Abilene, TX 79602",Abilene,79602,Texas,32.437215,-99.714484,https://lh3.googleusercontent.com/gps-cs-s/AC9h4npIexS4zuxEtD2EgMvTtqSVJO9nuPXJJ_J-6MbWsMC71rnQySja-kpDGEk1pXj-XZ-RYV5Glxg20TqsXkZ1ITdGWktfc44xeBkGZKu9DRbHjQcxGvAKSO6NK7jXtzk55ylvTneU=w800-h500-k-no,"{""Sunday"": ""5:30AM-12AM"", ""Monday"": ""5:30AM-12AM"", ""Tuesday"": ""5:30AM-12AM"", ""Wednesday"": ""5:30AM-12AM"", ""Thursday"": ""5:30AM-12AM"", ""Friday"": ""5:30AM-12AM"", ""Saturday"": ""5:30AM-12AM""}",OPERATIONAL,,"https://www.google.com/maps/place/Camp+Barkeley+Dog+Park/@32.437215,-99.714484,14z/data=!4m8!1m2!2m1!1sCamp+Barkeley+Dog+Park!3m4!1s0x86569188bbdf1427:0xae4e9c7bb694abd!8m2!3d32.437215!4d-99.714484"
Jolly Ranch pet resort,,+1 325-669-7278,"352 Foothill Rd, Abilene, TX 79602",Abilene,79602,Texas,32.3299754,-99.7369196,https://lh3.googleusercontent.com/p/AF1QipPHs5k8v-Sr1lnXTvku0wMvY-dECkko_APkqaKD=w800-h500-k-no,"{""Sunday"": ""10AM-2PM"", ""Monday"": ""8:30AM-4PM"", ""Tuesday"": ""8:30AM-4PM"", ""Wednesday"": ""8:30AM-4PM"", ""Thursday"": ""8:30AM-4PM"", ""Friday"": ""8:30AM-4PM"", ""Saturday"": ""Closed""}",OPERATIONAL,,"https://www.google.com/maps/place/Jolly+Ranch+pet+resort/@32.329975399999995,-99.7369196,14z/data=!4m8!1m2!2m1!1sJolly+Ranch+pet+resort!3m4!1s0x8656f2b07e26c71f:0x9ddf1abc6c20506d!8m2!3d32.329975399999995!4d-99.7369196"
Hogan's Run Dog Park,http://www.midlandtexas.gov/Facilities/Facility/Details/Hogans-Dog-Run-3,+1 432-685-7356,"1201 E Wadley Ave, Midland, TX 79705",Midland,79705,Texas,32.0366438,-102.0723513,https://lh3.googleusercontent.com/gps-cs-s/AC9h4no45DIszjXkHgEutCIex550nPCaeau2sLuo0nUGZ-EFsatB0LBv5nZqUvrFDsH1twa2fFEUmM4dhQVc2lHC2Bd1zYhI8Zn6LxTjJ5LH5k09bm4wEyKKQHlJ4mnXVm9jkxhW6g9E=w800-h500-k-no,"{""Sunday"": ""8AM-9PM"", ""Monday"": ""8AM-9PM"", ""Tuesday"": ""8AM-9PM"", ""Wednesday"": ""8AM-9PM"", ""Thursday"": ""8AM-9PM"", ""Friday"": ""8AM-9PM"", ""Saturday"": ""8AM-9PM""}",OPERATIONAL,,"https://www.google.com/maps/place/Hogan%27s+Run+Dog+Park/@32.0366438,-102.0723513,14z/data=!4m8!1m2!2m1!1sHogan%27s+Run+Dog+Park!3m4!1s0x86f96206625d4523:0xa089742ceb11cc61!8m2!3d32.0366438!4d-102.0723513"
Puppy Friends Paradise,https://www.facebook.com/share/199Xan2Ht5/?mibextid=qi2Omg,+1 432-352-1848,"6207 Ojibwa, Midland, TX 79705",Midland,79705,Texas,32.0693569,-102.0829169,https://lh3.googleusercontent.com/p/AF1QipMn96awaiUqY3nSuAU08PtWLAVw52taEDZM9xHX=w800-h500-k-no,"{""Sunday"": ""10AM-5PM"", ""Monday"": ""9AM-8PM"", ""Tuesday"": ""9AM-8PM"", ""Wednesday"": ""9AM-8PM"", ""Thursday"": ""9AM-8PM"", ""Friday"": ""9AM-8PM"", ""Saturday"": ""9AM-8PM""}",OPERATIONAL,,"https://www.google.com/maps/place/Puppy+Friends+Paradise/@32.069356899999995,-102.0829169,14z/data=!4m8!1m2!2m1!1sPuppy+Friends+Paradise!3m4!1s0x86fbdff152740d29:0xb980147a18338204!8m2!3d32.069356899999995!4d-102.0829169"
Waggin’ Trail Beal Dog Park,http://www.midlandtexas.gov/Facilities/Facility/Details/Waggin-Trail-Beal-Dog-Park-78,+1 432-685-7356,"5200 W Wall St, Midland, TX 79701",Midland,79701,Texas,31.9664144,-102.1374374,https://lh3.googleusercontent.com/gps-cs-s/AC9h4npYHdHoSVseeg81uJa5UvgGBQWO2XyV6SU-yS97MhyYhFPqOT2gZonOpQS51lzMP1VpDJ56aSHnGTUnZM108bXB1-E6hawB8w22iQS4T8o535PpeS7Z69IosNPpR8rlb105PRJ0=w800-h500-k-no,"{""Sunday"": ""5AM-11PM"", ""Monday"": ""5AM-11PM"", ""Tuesday"": ""5AM-11PM"", ""Wednesday"": ""5AM-11PM"", ""Thursday"": ""5AM-11PM"", ""Friday"": ""5AM-11PM"", ""Saturday"": ""5AM-11PM""}",OPERATIONAL,,"https://www.google.com/maps/place/Waggin%E2%80%99+Trail+Beal+Dog+Park/@31.966414399999998,-102.1374374,14z/data=!4m8!1m2!2m1!1sWaggin%E2%80%99+Trail+Beal+Dog+Park!3m4!1s0x86fbd9c30220da2b:0x8756ea5007a0bb9b!8m2!3d31.966414399999998!4d-102.1374374"
Dog park,,,"6607 Crown Pt Ct, Midland, TX 79706",Midland,79706,Texas,31.9808569,-102.1692512,https://lh3.googleusercontent.com/gps-cs-s/AC9h4nrV6ny1Ac_zUnwXyu2-DAvZyE0xR-l3MTImyTWMUiKG8VdkCfro8AFequS2wc10uyjko7mLDy3YbmVuklLDb7ypu9o0b1KqRJ62l-ftDdhXnPpNCeKKhQSQrt4UZY9kS9D55RKJMlmyrDw=w800-h500-k-no,,OPERATIONAL,,"https://www.google.com/maps/place/Dog+park/@31.9808569,-102.16925119999999,14z/data=!4m8!1m2!2m1!1sDog+park!3m4!1s0x86fbdb00744367bf:0x91498930479a25ff!8m2!3d31.9808569!4d-102.16925119999999"
The Barking Lot,http://thebarkinglotofmidland.com/,+1 432-218-7089,"921 W Wadley Ave, Midland, TX 79705",Midland,79705,Texas,32.0263395,-102.0939633,https://lh3.googleusercontent.com/p/AF1QipPERmTmzl-z40c20sHS4ptO2QDGAoiPaQ54sxL4=w800-h500-k-no,"{""Sunday"": ""4-6PM"", ""Monday"": ""7:30AM-12PM,2-6PM"", ""Tuesday"": ""7:30AM-12PM,2-6PM"", ""Wednesday"": ""7:30AM-12PM,2-6PM"", ""Thursday"": ""7:30AM-12PM,2-6PM"", ""Friday"": ""7:30AM-12PM,2-6PM"", ""Saturday"": ""Closed""}",OPERATIONAL,,"https://www.google.com/maps/place/The+Barking+Lot/@32.0263395,-102.0939633,14z/data=!4m8!1m2!2m1!1sThe+Barking+Lot!3m4!1s0x86fbd95ee96f9e11:0xce317d9ace49ea2d!8m2!3d32.0263395!4d-102.0939633"
Andrews Dog Park,https://www.cityofandrews.org/quality_of_life/parks_and_rec/parks.php,+1 432-523-4820,"1221 NW 1st St, Andrews, TX 79714",Andrews,79714,Texas,32.3327293,-102.552659,https://lh3.googleusercontent.com/gps-cs-s/AC9h4nrSyoBRUNV_KhH1WEbwugCM7e-OSXGEYFsQgXZ03z_FGlgpyPGa6jmd0DFIEcg3E_DxQaYWVHakjNb_SH9bgDRo__jNk5rZq1DA5v2S7s1WOoAAjAa5Fi7lq6_HLkKmxRWsmltx=w800-h500-k-no,,OPERATIONAL,,"https://www.google.com/maps/place/Andrews+Dog+Park/@32.3327293,-102.55265899999999,14z/data=!4m8!1m2!2m1!1sAndrews+Dog+Park!3m4!1s0x86fb8f0612192119:0x44f4d03b7042fe17!8m2!3d32.3327293!4d-102.55265899999999"
Silliman Dog Park,,,"1101 W James St, Fort Stockton, TX 79735",Fort Stockton,79735,Texas,30.8829331,-102.8900977,https://lh3.googleusercontent.com/gps-cs-s/AC9h4noTtpFnXkORQdlCheYaFb876aKT4TThi4EF7YgiHFfe1hwJ1ccVB-3nm6t1RrXRnPpXKGQl-8JP517Pmsyam-vItjoON0kPv_O-e-Ofl1sIAPDUzQlwEhg_tQQOyWYQP5gGM6lP=w800-h500-k-no,"{""Sunday"": ""Open 24 hours"", ""Monday"": ""Open 24 hours"", ""Tuesday"": ""Open 24 hours"", ""Wednesday"": ""Open 24 hours"", ""Thursday"": ""Open 24 hours"", ""Friday"": ""Open 24 hours"", ""Saturday"": ""Open 24 hours""}",OPERATIONAL,,"https://www.google.com/maps/place/Silliman+Dog+Park/@30.8829331,-102.8900977,14z/data=!4m8!1m2!2m1!1sSilliman+Dog+Park!3m4!1s0x86f07d6786e685df:0xdb0031faa21fea25!8m2!3d30.8829331!4d-102.8900977"
Dog Park,https://www.playlewisville.com/parks/park-listings/dog-park,+1 972-219-5077,"1301 S Railroad St, Lewisville, TX 75057",Lewisville,75057,Texas,33.0306474,-96.9729969,https://lh3.googleusercontent.com/gps-cs-s/AC9h4nrijP05Qg6Rk30HEAoLoGqQ5nGmWQLnEipM7PE0eJUXraLJJlXkLXsVRgEcIF-Z0ttWT5ZPQj4j-XWxKFm72_Zw2AskFOseKTeRecU-Gs7_V-LZkndCxip84Ev9ozb_GqYWIu_7=w800-h500-k-no,"{""Sunday"": ""8AM-11PM"", ""Monday"": ""8AM-11PM"", ""Tuesday"": ""8AM-11PM"", ""Wednesday"": ""8AM-11PM"", ""Thursday"": ""Closed"", ""Friday"": ""8AM-11PM"", ""Saturday"": ""8AM-11PM""}",OPERATIONAL,,"https://www.google.com/maps/place/Dog+Park/@33.0306474,-96.9729969,14z/data=!4m8!1m2!2m1!1sDog+Park!3m4!1s0x864c2e502095660f:0x928acb93d4430b05!8m2!3d33.0306474!4d-96.9729969"
Dog Park,,,"731 E Vista Ridge Mall Dr, Lewisville, TX 75067",Lewisville,75067,Texas,32.9997607,-96.9689708,https://lh3.googleusercontent.com/gps-cs-s/AC9h4npmUCHT8kT2C2mCivS-UFoFsZyoMW4g-2nvTMJCkg7KR-NOokotA3afXg5duElDjNQQausXGrWtPBUatJAItDAYQYz-rCJwTuJbMHRNsW9W7SaUVsmPXPv43dX2m0-HO46KCZ0E=w800-h500-k-no,"{""Sunday"": ""Open 24 hours"", ""Monday"": ""Open 24 hours"", ""Tuesday"": ""Open 24 hours"", ""Wednesday"": ""Open 24 hours"", ""Thursday"": ""Open 24 hours"", ""Friday"": ""Open 24 hours"", ""Saturday"": ""Open 24 hours""}",OPERATIONAL,,"https://www.google.com/maps/place/Dog+Park/@32.999760699999996,-96.9689708,14z/data=!4m8!1m2!2m1!1sDog+Park!3m4!1s0x864c2ff42b1471b7:0x9605b3678bb8706c!8m2!3d32.999760699999996!4d-96.9689708"
Dog's Day Out,http://www.dogsdayouttexas.com/,+1 972-459-6690,"495 State Hwy 121 BYP #210, Lewisville, TX 75067",Lewisville,75067,Texas,32.9926596,-96.9774003,https://lh3.googleusercontent.com/gps-cs-s/AC9h4nrUF5ViaY8q4B4TKLQjvbUKjTgVaVUZyAKacKcRd9YC8UYtigbvTT89xDOEmi7YVX2DResbxybXmdOPS5HwQi9QNp0wIqUXC1S-qyyxj2dXaKYdV3t5iAzJVYAc0FxEKMsdVIAA=w800-h500-k-no,"{""Sunday"": ""10AM-12PM,4-6PM"", ""Monday"": ""7:30AM-6PM"", ""Tuesday"": ""7:30AM-6PM"", ""Wednesday"": ""7:30AM-6PM"", ""Thursday"": ""7:30AM-6PM"", ""Friday"": ""7:30AM-6PM"", ""Saturday"": ""8AM-6PM""}",OPERATIONAL,,"https://www.google.com/maps/place/Dog%27s+Day+Out/@32.992659599999996,-96.9774003,14z/data=!4m8!1m2!2m1!1sDog%27s+Day+Out!3m4!1s0x864c2ec30a397317:0x91a02e760184b94d!8m2!3d32.992659599999996!4d-96.9774003"
Gunter Sports Center,,,"1394 Pike Rd, Gunter, TX 75058",Gunter,75058,Texas,33.4773909,-96.7165657,https://lh3.googleusercontent.com/gps-cs-s/AC9h4no5_kWXBt7LdWELleZqtG6J1FnURmCv5SvvCEfgljWIkpnkGCDse0kMiW1soPrW78MPxNy4uDXquA0vklvXUnOyTmtLL17DYQvaEYSVz_AnLLJZa3alVq3_XPsMcwQSxgUX0-sBGLzt920=w800-h500-k-no,,OPERATIONAL,,"https://www.google.com/maps/place/Gunter+Sports+Center/@33.477390899999996,-96.71656569999999,14z/data=!4m8!1m2!2m1!1sGunter+Sports+Center!3m4!1s0x864c67c520bbff11:0x6185b09d8b1edc84!8m2!3d33.477390899999996!4d-96.71656569999999"
Paws Colinas Dog Park,http://lascolinas.org/paws,+1 972-721-2501,"1300 California Crossing Rd, Irving, TX 75039",Irving,75039,Texas,32.868346,-96.928394,https://lh3.googleusercontent.com/p/AF1QipNw07y1QnqALZjJUr3fa6gpdRtV9t4xC1At6RRn=w800-h500-k-no,,OPERATIONAL,,"https://www.google.com/maps/place/Paws+Colinas+Dog+Park/@32.868345999999995,-96.928394,14z/data=!4m8!1m2!2m1!1sPaws+Colinas+Dog+Park!3m4!1s0x864e835088f6ff9d:0xb1852329690a942e!8m2!3d32.868345999999995!4d-96.928394"
Irving Dog Park,https://www.cityofirving.org/facilities/facility/details/cityofirvingdogpark-114,+1 972-721-2256,"4140 Valley View Ln, Irving, TX 75038",Irving,75038,Texas,32.8625196,-97.0179415,https://lh3.googleusercontent.com/gps-cs-s/AC9h4nqsWstEAJ6v1v29BTzMLPGDjvGKrhPHm7h3BK_rvt986aCcp5zxV4MzI0qHKPECWAoY5VZq3Uh1c7DN8bOOHPO5Pb9uiTFKZ4Boasq9aKCEsdy6L-29PkVwIxglYEle0pNveF0dxg=w800-h500-k-no,"{""Sunday"": ""6:30AM-8:30PM"", ""Monday"": ""6:30AM-8:30PM"", ""Tuesday"": ""6:30AM-8:30PM"", ""Wednesday"": ""6:30AM-8:30PM"", ""Thursday"": ""6:30AM-8:30PM"", ""Friday"": ""6:30AM-8:30PM"", ""Saturday"": ""6:30AM-8:30PM""}",OPERATIONAL,,"https://www.google.com/maps/place/Irving+Dog+Park/@32.8625196,-97.01794149999999,14z/data=!4m8!1m2!2m1!1sIrving+Dog+Park!3m4!1s0x864e81ed740cb5f1:0x66cdc2c8f531aaa5!8m2!3d32.8625196!4d-97.01794149999999"
Elmwoof Dog Park,http://elmwoodna.org/elmwoof-donate#,,"Edgefield @, Berkley Ave NS, Dallas, TX 75224",Dallas,75224,Texas,32.7246955,-96.8443865,https://lh3.googleusercontent.com/gps-cs-s/AC9h4nrd0Ch1MnaIGzbm50yOHCFC-Ivt0S3RsZAqDlYq_z2x53tLkhtpsU706ygHn18ylFfGOfTn4z6Xc1VIozJLlvgRp6GGv2n-U43CvbWtq5SnrhvgKsv6tPpcdsAPCXaDW0kbZ6M=w800-h500-k-no,"{""Sunday"": ""Open 24 hours"", ""Monday"": ""Open 24 hours"", ""Tuesday"": ""Open 24 hours"", ""Wednesday"": ""Open 24 hours"", ""Thursday"": ""Open 24 hours"", ""Friday"": ""Open 24 hours"", ""Saturday"": ""Open 24 hours""}",OPERATIONAL,,"https://www.google.com/maps/place/Elmwoof+Dog+Park/@32.724695499999996,-96.8443865,14z/data=!4m8!1m2!2m1!1sElmwoof+Dog+Park!3m4!1s0x864e9bc2b18bcd4b:0x7a0f8797c4c5f793!8m2!3d32.724695499999996!4d-96.8443865"
Northwest Park Recreation Center,https://irvingtx.gov/northwest-park-rec,+1 972-721-2529,"2800 Cheyenne St, Irving, TX 75062",Irving,75062,Texas,32.84343,-97.0016066,https://lh3.googleusercontent.com/gps-cs-s/AC9h4nq45NgZhj_zG13Ep1f2dzvuQz0pG4UttHhUFNXJeMji6FmpYhGSozrTSFppdoAnEoXh_pYSZWt0WIAFZWwd-udTIq03beW2aMA7FLZjyKCaY261XQxdqAWtWoXhLOqKd50qQsDR=w800-h500-k-no,"{""Sunday"": ""Closed"", ""Monday"": ""9AM-9PM"", ""Tuesday"": ""9AM-9PM"", ""Wednesday"": ""9AM-9PM"", ""Thursday"": ""9AM-9PM"", ""Friday"": ""9AM-9PM"", ""Saturday"": ""9AM-5PM""}",OPERATIONAL,,"https://www.google.com/maps/place/Northwest+Park+Recreation+Center/@32.84343,-97.0016066,14z/data=!4m8!1m2!2m1!1sNorthwest+Park+Recreation+Center!3m4!1s0x864e822bfd950373:0xb96ae821c61e2d84!8m2!3d32.84343!4d-97.0016066"
Dogtopia of Las Colinas,https://www.dogtopia.com/texas-las-colinas/,+1 469-691-0213,"2460 Lacy Ln #120, Carrollton, TX 75006",Carrollton,75006,Texas,32.9184002,-96.9266349,https://lh3.googleusercontent.com/p/AF1QipOdHqk9kQchcv58g0lDg4gZuggzKhjznsqfl5bm=w800-h500-k-no,"{""Sunday"": ""9AM-5PM"", ""Monday"": ""6:30AM-7PM"", ""Tuesday"": ""6:30AM-7PM"", ""Wednesday"": ""6:30AM-7PM"", ""Thursday"": ""6:30AM-7PM"", ""Friday"": ""6:30AM-7PM"", ""Saturday"": ""9AM-5PM""}",OPERATIONAL,,"https://www.google.com/maps/place/Dogtopia+of+Las+Colinas/@32.9184002,-96.9266349,14z/data=!4m8!1m2!2m1!1sDogtopia+of+Las+Colinas!3m4!1s0x864c29e7ab008a89:0x61fac13635124d21!8m2!3d32.9184002!4d-96.9266349"
All Dogs Unleashed Dog Training Dallas,https://www.alldogsunleashed.com/?utm_source=GMBlistingLuna,+1 972-484-3647,"2401 Luna Rd, Carrollton, TX 75006",Carrollton,75006,Texas,32.9218255,-96.9247811,https://lh3.googleusercontent.com/p/AF1QipNgRB7qBBNaZ5NhZYZ9ytFp9qpYm4b4DkEyj0Uw=w800-h500-k-no,"{""Sunday"": ""10AM-3PM"", ""Monday"": ""8AM-6:30PM"", ""Tuesday"": ""8AM-6:30PM"", ""Wednesday"": ""8AM-6:30PM"", ""Thursday"": ""8AM-6:30PM"", ""Friday"": ""8AM-6:30PM"", ""Saturday"": ""10AM-3PM""}",OPERATIONAL,,"https://www.google.com/maps/place/All+Dogs+Unleashed+Dog+Training+Dallas/@32.9218255,-96.92478109999999,14z/data=!4m8!1m2!2m1!1sAll+Dogs+Unleashed+Dog+Training+Dallas!3m4!1s0x864c2111e178ef71:0xb5b8b250863ffb36!8m2!3d32.9218255!4d-96.92478109999999"
Barney Wood Bark Park,https://www.farmersbranchtx.gov/408/Barney-Wood-Bark-Park,+1 972-247-4607,"14090 Heartside Pl, Farmers Branch, TX 75234",Farmers Branch,75234,Texas,32.9382841,-96.8797337,https://lh3.googleusercontent.com/gps-cs-s/AC9h4npTqkdYaXtzAe-Oea4dhhpPk6JXUmrRziczEHHdTZE12ivTGLr3F8kHyVfCgeMhCCcdjvk4AzY_kF4NOmlhiBHaMNGiO2tPjqGX-FU7_TCj76GwQBg37HXscwFnvifHcdWtVjoImw=w800-h500-k-no,"{""Sunday"": ""6AM-10PM"", ""Monday"": ""Closed"", ""Tuesday"": ""6AM-10PM"", ""Wednesday"": ""6AM-10PM"", ""Thursday"": ""6AM-10PM"", ""Friday"": ""6AM-10PM"", ""Saturday"": ""6AM-10PM""}",OPERATIONAL,,"https://www.google.com/maps/place/Barney+Wood+Bark+Park/@32.9382841,-96.87973369999999,14z/data=!4m8!1m2!2m1!1sBarney+Wood+Bark+Park!3m4!1s0x864c2772b9c0cb21:0xc2c75e670a0ab87d!8m2!3d32.9382841!4d-96.87973369999999"
Briarhill dog park,http://www.highlandvillage.org/908/Dog-Park-at-Unity-Park,+1 972-317-6551,"2333 Briarhill Blvd, Lewisville, TX 75077",Lewisville,75077,Texas,33.077881,-97.065373,https://lh3.googleusercontent.com/gps-cs-s/AC9h4nrLcfPbLAZ-Yk1wPv2JoqKeQArgifGgl6SR7EVvW4bED2uxeTrVvNc0FQMk_zmLMUy_YPJpXKouH2Yeqr6O7YDxjJDaDWn0oln9Fu0CQB2eOZvpjiI83O_3z8YzWw18jV5zcmtQbg=w800-h500-k-no,"{""Sunday"": ""6AM-11PM"", ""Monday"": ""6AM-11PM"", ""Tuesday"": ""6AM-11PM"", ""Wednesday"": ""6AM-11PM"", ""Thursday"": ""Closed"", ""Friday"": ""6AM-11PM"", ""Saturday"": ""6AM-11PM""}",OPERATIONAL,,"https://www.google.com/maps/place/Briarhill+dog+park/@33.077881,-97.065373,14z/data=!4m8!1m2!2m1!1sBriarhill+dog+park!3m4!1s0x864c33cb05757f6b:0x63412b531662f305!8m2!3d33.077881!4d-97.065373"
Dogtopia of Highland Village,https://www.dogtopia.com/highland-village/,+1 972-264-1178,"1830 Justin Rd, Highland Village, TX 75077",Highland Village,75077,Texas,33.0722476,-97.0449123,https://lh3.googleusercontent.com/p/AF1QipPXoPNMuoZMhIOgHBaLVwVN_cljSjI857LdosQC=w800-h500-k-no,"{""Sunday"": ""8AM-5PM"", ""Monday"": ""6:30AM-7PM"", ""Tuesday"": ""6:30AM-7PM"", ""Wednesday"": ""6:30AM-7PM"", ""Thursday"": ""6:30AM-7PM"", ""Friday"": ""6:30AM-7PM"", ""Saturday"": ""8AM-5PM""}",OPERATIONAL,,"https://www.google.com/maps/place/Dogtopia+of+Highland+Village/@33.0722476,-97.0449123,14z/data=!4m8!1m2!2m1!1sDogtopia+of+Highland+Village!3m4!1s0x864c3263515cd6cb:0x576d6bc40a67bcfe!8m2!3d33.0722476!4d-97.0449123"
Little Elm Dog Park (Splash Zone),,,"425 Witt Rd, Little Elm, TX 75068",Little Elm,75068,Texas,33.1585909,-96.896048,https://lh3.googleusercontent.com/gps-cs-s/AC9h4nqf5A6rTu6-C3CzkzNjZGsam-Nqs_5SD8xMz8cL8aY5L-yxFON2MhKwh-GGTITtCJdVc5sptwtdwf7AwggUVclkwl36E_qCaIdfz8WoFC1tLse9HH6IFKaJanH0yg3gfT3SF6Ty=w800-h500-k-no,"{""Sunday"": ""7AM-8PM"", ""Monday"": ""7AM-8PM"", ""Tuesday"": ""7AM-8PM"", ""Wednesday"": ""7AM-8PM"", ""Thursday"": ""Closed"", ""Friday"": ""7AM-8PM"", ""Saturday"": ""7AM-8PM""}",OPERATIONAL,,"https://www.google.com/maps/place/Little+Elm+Dog+Park+%28Splash+Zone%29/@33.1585909,-96.896048,14z/data=!4m8!1m2!2m1!1sLittle+Elm+Dog+Park+%28Splash+Zone%29!3m4!1s0x864c395a89a0b539:0x8554933697e9d9f3!8m2!3d33.1585909!4d-96.896048"
Bonnie Wenk Park Dog Park,https://www.mckinneytexas.org/1121/Dog-Park,+1 972-547-7331,"2996 Virginia Pkwy, McKinney, TX 75071",McKinney,75071,Texas,33.1973533,-96.6625952,https://lh3.googleusercontent.com/gps-cs-s/AC9h4nqtpOr9s7Ryv7kWinscADFCKSrVteLEJtYh0N5dm28HQJMydoYCXnKiAKo6pPllOSmiZM2EBif7FN1lCYcBPhknlYKggQQ7Q84cAD2a3Q_xO6pFfti9oq7j5Dl3tNQFcsoBNg=w800-h500-k-no,"{""Sunday"": ""7AM-11PM"", ""Monday"": ""7AM-11PM"", ""Tuesday"": ""7AM-11PM"", ""Wednesday"": ""7AM-11PM"", ""Thursday"": ""7AM-11PM"", ""Friday"": ""7AM-11PM"", ""Saturday"": ""7AM-11PM""}",OPERATIONAL,,"https://www.google.com/maps/place/Bonnie+Wenk+Park+Dog+Park/@33.197353299999996,-96.6625952,14z/data=!4m8!1m2!2m1!1sBonnie+Wenk+Park+Dog+Park!3m4!1s0x864c138a159f38f1:0x2bdba0f74e2f8604!8m2!3d33.197353299999996!4d-96.6625952"
2nd Family Dogs,https://www.2ndfamilydogs.com/,+1 469-854-6380,"6780 State Hwy 121, McKinney, TX 75070",McKinney,75070,Texas,33.1377997,-96.6998976,https://lh3.googleusercontent.com/p/AF1QipPKVdBkQ2Q8_WTOpx4q4X778Kw610ZfXKmA354C=w800-h500-k-no,"{""Sunday"": ""9AM-5PM"", ""Monday"": ""7AM-7PM"", ""Tuesday"": ""7AM-7PM"", ""Wednesday"": ""7AM-7PM"", ""Thursday"": ""7AM-7PM"", ""Friday"": ""7AM-7PM"", ""Saturday"": ""9AM-5PM""}",OPERATIONAL,,"https://www.google.com/maps/place/2nd+Family+Dogs/@33.137799699999995,-96.6998976,14z/data=!4m8!1m2!2m1!1s2nd+Family+Dogs!3m4!1s0x864c16f0dfe15ed9:0x7275dfd7c2e9ff8a!8m2!3d33.137799699999995!4d-96.6998976"
Dogtopia of McKinney,https://www.dogtopia.com/mckinney,+1 972-954-2322,"8416 Stacy Rd, McKinney, TX 75070",McKinney,75070,Texas,33.1525462,-96.7236861,https://lh3.googleusercontent.com/p/AF1QipPZklNJoTe6v6-X4ijNNQTIoneSiCnaHxwwFG2S=w800-h500-k-no,"{""Sunday"": ""10AM-5PM"", ""Monday"": ""7AM-7PM"", ""Tuesday"": ""7AM-7PM"", ""Wednesday"": ""7AM-7PM"", ""Thursday"": ""7AM-7PM"", ""Friday"": ""7AM-7PM"", ""Saturday"": ""10AM-5PM""}",OPERATIONAL,,"https://www.google.com/maps/place/Dogtopia+of+McKinney/@33.152546199999996,-96.7236861,14z/data=!4m8!1m2!2m1!1sDogtopia+of+McKinney!3m4!1s0x864c17cf1b557789:0x5ed1b61e7431146d!8m2!3d33.152546199999996!4d-96.7236861"
Old Joe dog Park,https://www.mckinneymud1.com/,+1 469-243-0028,"8318 Oak Island Trl, McKinney, TX 75071",McKinney,75071,Texas,33.2843069,-96.6147405,https://lh3.googleusercontent.com/gps-cs-s/AC9h4nqsgPxax5iNOLPwgtY5jj9qLRIlB6ZsRpWPhfl3THPEtWZr0WQYSRVI7GkxXAhVbaIL2FZ4SroY2XbtricTL-uFrHPyhb4erAyEa7qc_en69xGQss7EVvLpKjFa-iasYj4pJ5I=w800-h500-k-no,"{""Sunday"": ""6AM-8PM"", ""Monday"": ""6AM-8PM"", ""Tuesday"": ""6AM-8PM"", ""Wednesday"": ""6AM-8PM"", ""Thursday"": ""6AM-8PM"", ""Friday"": ""6AM-8PM"", ""Saturday"": ""6AM-8PM""}",OPERATIONAL,,"https://www.google.com/maps/place/Old+Joe+dog+Park/@33.2843069,-96.6147405,14z/data=!4m8!1m2!2m1!1sOld+Joe+dog+Park!3m4!1s0x864c6ddabb1a4daf:0xa2086e7be34ceaf2!8m2!3d33.2843069!4d-96.6147405"
Bonnie Wenk Playgrounds,https://www.mckinneytexas.org/BonnieWenk,,"200 S Hardin Blvd, McKinney, TX 75071",McKinney,75071,Texas,33.1989566,-96.6622193,https://lh3.googleusercontent.com/gps-cs-s/AC9h4nrg1WHtl3RnYWdvpcsuRuaI7zy1aGSI3Gr_qIqit3CScK7CTq6hwhkqXnb029zblO4P_3B2s62E9z4HSXaZVeG47e_CcWfIxjScF1EZhCY-SZW8jp-iO3nVJWfOYFvPPsHfswl9=w800-h500-k-no,,OPERATIONAL,,"https://www.google.com/maps/place/Bonnie+Wenk+Playgrounds/@33.198956599999995,-96.66221929999999,14z/data=!4m8!1m2!2m1!1sBonnie+Wenk+Playgrounds!3m4!1s0x864c13e62aa1b16f:0xb22677cae0bb9d84!8m2!3d33.198956599999995!4d-96.66221929999999"
Bonnie Wenk All-Abilities Playground,https://www.mckinneytexas.org/BonnieWenk,+1 972-547-7480,"350 S Hardin Blvd, McKinney, TX 75071",McKinney,75071,Texas,33.2000195,-96.6642127,https://lh3.googleusercontent.com/gps-cs-s/AC9h4nrJVKrsSWGlE0O1dgGI3VCnNp0W_5FqZgXi0qbyRNqKJcN-SRag8rxNNizhO8GVQ2aPtfaV8VHyK1b8y4b-qUhqOX21H7F9ec7fxm5HDN1lLAnE7dX2Fc3fVXaXaPijfkflF-Y=w800-h500-k-no,,OPERATIONAL,,"https://www.google.com/maps/place/Bonnie+Wenk+All-Abilities+Playground/@33.200019499999996,-96.6642127,14z/data=!4m8!1m2!2m1!1sBonnie+Wenk+All-Abilities+Playground!3m4!1s0x864c15a5a295d59d:0x1973b0aea047a5db!8m2!3d33.200019499999996!4d-96.6642127"
Zoom Room Dog Training,https://zoomroom.com/location/mckinney/,+1 469-712-6659,"3180 Eldorado Pkwy STE 300, McKinney, TX 75070",McKinney,75070,Texas,33.1693355,-96.6660078,https://lh3.googleusercontent.com/gps-cs-s/AC9h4npY0cLwSgts0N-gG-4tFxGOC8jyCRA3RJPnAWYz28z_xc6doyrraqh7lMiax__RaDBWD6rseaktN9mU0ixvK256efrfnLO0j0kkxL3WSfMR60D9cRDHs1TFi-IyL422Svl6s0E=w800-h500-k-no,"{""Sunday"": ""9AM-6PM"", ""Monday"": ""Closed"", ""Tuesday"": ""11AM-8PM"", ""Wednesday"": ""11AM-8PM"", ""Thursday"": ""11AM-8PM"", ""Friday"": ""11AM-8PM"", ""Saturday"": ""9AM-6PM""}",OPERATIONAL,,"https://www.google.com/maps/place/Zoom+Room+Dog+Training/@33.169335499999995,-96.6660078,14z/data=!4m8!1m2!2m1!1sZoom+Room+Dog+Training!3m4!1s0x864c17d73f71ff41:0x89027b481faeda8a!8m2!3d33.169335499999995!4d-96.6660078"
Bark! ...the boutique hotel for dogs,http://barkhotelfordogs.com/,+1 972-398-0634,"2100 McKinney Ranch Pkwy, McKinney, TX 75070",McKinney,75070,Texas,33.1595408,-96.6486395,https://lh3.googleusercontent.com/p/AF1QipMHTJiosxKSzSHS1B4honk-UsnPuISEyXgcI-jp=w800-h500-k-no,"{""Sunday"": ""12-4PM"", ""Monday"": ""7AM-7PM"", ""Tuesday"": ""7AM-7PM"", ""Wednesday"": ""7AM-7PM"", ""Thursday"": ""7AM-7PM"", ""Friday"": ""7AM-7PM"", ""Saturday"": ""8AM-4PM""}",OPERATIONAL,,"https://www.google.com/maps/place/Bark%21+...the+boutique+hotel+for+dogs/@33.1595408,-96.6486395,14z/data=!4m8!1m2!2m1!1sBark%21+...the+boutique+hotel+for+dogs!3m4!1s0x864c1144bf54dc3d:0x1b0cd0e337b129f9!8m2!3d33.1595408!4d-96.6486395"
Finch Park Pickleball Court,https://www.mckinneytexas.org/859/Finch-Park,,"Park Finch Park, 700, 798 Willie St, McKinney, TX 75069",McKinney,75069,Texas,33.1896146,-96.6201436,https://lh3.googleusercontent.com/gps-cs-s/AC9h4npZrB4A7p12fmlcf1vGMRaEd6V0wAwApu-kZOlZ2e68iQDKpNHlX7fYWhHU60THdK8ReAKY13mxXnsIUjdg5RVgO6DCGbt1gunnXLFN8nFZFWQXMCYYSE8zVK-XPhkImvZAogx03w=w800-h500-k-no,,OPERATIONAL,,"https://www.google.com/maps/place/Finch+Park+Pickleball+Court/@33.1896146,-96.62014359999999,14z/data=!4m8!1m2!2m1!1sFinch+Park+Pickleball+Court!3m4!1s0x864c13226fd8f99d:0xf6f1e1d820554f7d!8m2!3d33.1896146!4d-96.62014359999999"
Finch Park Playground,https://www.mckinneytexas.org/859/Finch-Park,,"708 Willie St, McKinney, TX 75069",McKinney,75069,Texas,33.1910936,-96.619576,https://lh3.googleusercontent.com/gps-cs-s/AC9h4nry322VJtgcbE_j2trP487ZwDVFXyj5_9-F4oo9JKb2asGsoTQwIEeMCCGmh-BKb7zZY-iKO0Y4SGrIyRkTIEEZyUcMmnf1z4WmkFxO4mlgbcpkxaBItK8RwmKyywB7bR3LpremYw=w800-h500-k-no,,OPERATIONAL,,"https://www.google.com/maps/place/Finch+Park+Playground/@33.191093599999995,-96.619576,14z/data=!4m8!1m2!2m1!1sFinch+Park+Playground!3m4!1s0x864c13d94564ed71:0xb1d16fcf58fc7298!8m2!3d33.191093599999995!4d-96.619576"
Bonnie Wenk Park,https://www.mckinneytexas.org/1148/Bonnie-Wenk-Park,+1 972-547-7480,"2996 Virginia Pkwy, McKinney, TX 75071",McKinney,75071,Texas,33.1982361,-96.6620671,https://lh3.googleusercontent.com/gps-cs-s/AC9h4npSoj1cLFK47KJnfE6hFNk3ttSIehceMd6ZHxy7S1QXN_tYoT1Pqg2PdHRSmNaEicg1V80ZpbN6Bce7F9WSA6ipIMK9LT_7WC4CvYTbR1SmQABTFvA-ZAZSUSyER5WQDWhr5x6U=w800-h500-k-no,"{""Sunday"": ""5AM-11PM"", ""Monday"": ""5AM-12AM"", ""Tuesday"": ""5AM-11PM"", ""Wednesday"": ""5AM-11PM"", ""Thursday"": ""5AM-11PM"", ""Friday"": ""5AM-11PM"", ""Saturday"": ""5AM-11PM""}",OPERATIONAL,"Park with an amphitheater & fishing pond plus a dedicated splash area, car park & trail for dogs.","https://www.google.com/maps/place/Bonnie+Wenk+Park/@33.198236099999995,-96.6620671,14z/data=!4m8!1m2!2m1!1sBonnie+Wenk+Park!3m4!1s0x864c138a2b99a0af:0xf147271c30d30198!8m2!3d33.198236099999995!4d-96.6620671"
Rover Resort,http://roverresort.com/?utm_source=gmb,+1 214-833-7356,"4141 FM1461, McKinney, TX 75071",McKinney,75071,Texas,33.2605338,-96.6883914,https://lh3.googleusercontent.com/gps-cs-s/AC9h4npd26WvdAPDvpabMF8jDY2YR-fXdf9tuzhTjkDz5oc8ck2-QvoL49_Tn51YydUfv0g3DTO5GDTNFMrl39hpx10W3hILoYVDpAEKQ4lI1ERCxNUFEtVysi4wIOpdudl8iJ5Eh1-K=w800-h500-k-no,"{""Sunday"": ""Closed"", ""Monday"": ""8AM-6PM"", ""Tuesday"": ""8AM-6PM"", ""Wednesday"": ""8AM-6PM"", ""Thursday"": ""8AM-6PM"", ""Friday"": ""8AM-6PM"", ""Saturday"": ""8AM-12PM""}",OPERATIONAL,,"https://www.google.com/maps/place/Rover+Resort/@33.2605338,-96.6883914,14z/data=!4m8!1m2!2m1!1sRover+Resort!3m4!1s0x864c6b34c47e5b9f:0x16fb838a234b49dc!8m2!3d33.2605338!4d-96.6883914"
Paw Park,,,"Natural Springs Park, 1201 W White St, Anna, TX 75409",Anna,75409,Texas,33.342546,-96.5643465,https://lh3.googleusercontent.com/gps-cs-s/AC9h4nq-DDMh9BveRdsjgTPhkKwE3fGgigUlQZ7tH4v5B42LuMSa6fKKNNs0BRnUQ84WvjTghBZCkEqmWu_WdPGPDiMRVLVL5qqhkMeId1BQTkAOJKhkn5nW5cDF36TX9aYEfjmWzqLN_Q=w800-h500-k-no,,OPERATIONAL,,"https://www.google.com/maps/place/Paw+Park/@33.342546,-96.5643465,14z/data=!4m8!1m2!2m1!1sPaw+Park!3m4!1s0x864c730071c0ded7:0xf9115b134bf7c33f!8m2!3d33.342546!4d-96.5643465"
Fetch Me Later,https://www.fetchmelatermckinney.com/?utm_source=google,+1 972-562-9910,"1943 Private Rd 5312, McKinney, TX 75071",McKinney,75071,Texas,33.2175216,-96.7476959,https://lh3.googleusercontent.com/gps-cs-s/AC9h4npmrsCrrB9_-xT6UnLU2vKyEVpUYpWmVDxIEgNzUmGPQ8g5GavTkmh7A56m-Ub06jBVTJnxBruRcmKuwJtrE0InstMgQVoXHkwVejcZzEk7CUgKfiRl3wpueBDvRyJKMG8Zbl2A2KQo4RYD=w800-h500-k-no,"{""Sunday"": ""Closed"", ""Monday"": ""8AM-5:30PM"", ""Tuesday"": ""8AM-5:30PM"", ""Wednesday"": ""8AM-5:30PM"", ""Thursday"": ""8AM-5:30PM"", ""Friday"": ""8AM-5:30PM"", ""Saturday"": ""8AM-12PM""}",OPERATIONAL,,"https://www.google.com/maps/place/Fetch+Me+Later/@33.2175216,-96.7476959,14z/data=!4m8!1m2!2m1!1sFetch+Me+Later!3m4!1s0x864c157dc0f1440b:0x4aa757042e15c405!8m2!3d33.2175216!4d-96.7476959"
Castle Creek Pet Resort & Spa,http://www.castlecreekpetresort.com/,+1 214-491-6900,"4050 Virginia Pkwy, McKinney, TX 75071",McKinney,75071,Texas,33.1972101,-96.6731365,https://lh3.googleusercontent.com/p/AF1QipMQZvFbT-BvzICuKNZrDODe_I9TbLhGgbRanBvq=w800-h500-k-no,"{""Sunday"": ""Closed"", ""Monday"": ""8AM-12PM,2-6PM"", ""Tuesday"": ""8AM-12PM,2-6PM"", ""Wednesday"": ""8AM-12PM,2-6PM"", ""Thursday"": ""8AM-12PM,2-6PM"", ""Friday"": ""8AM-12PM,2-6PM"", ""Saturday"": ""10AM-12PM""}",OPERATIONAL,,"https://www.google.com/maps/place/Castle+Creek+Pet+Resort+%26+Spa/@33.1972101,-96.6731365,14z/data=!4m8!1m2!2m1!1sCastle+Creek+Pet+Resort+%26+Spa!3m4!1s0x864c1473c0ef9575:0xbdad011ff050967c!8m2!3d33.1972101!4d-96.6731365"
Princeton Dog Park,,,"500 W College Ave, Princeton, TX 75407",Princeton,75407,Texas,33.1840331,-96.5079151,https://lh3.googleusercontent.com/gps-cs-s/AC9h4npRDyrtSj-rQar5wqHTAuhhJhJ1sUKtN_qLA7cNoz-FS4yv_F51P9wygQoJGMgGDfWnM59xyYYv3oKO3kEenIdL9TaHUJRYgMipTODwsgGWuUGovCB32PtmygZ_j_y930M_7rSWjA=w800-h500-k-no,"{""Sunday"": ""7AM-9:30PM"", ""Monday"": ""7AM-9:30PM"", ""Tuesday"": ""7AM-9:30PM"", ""Wednesday"": ""7AM-9:30PM"", ""Thursday"": ""7AM-9:30PM"", ""Friday"": ""7AM-9:30PM"", ""Saturday"": ""7AM-11PM""}",OPERATIONAL,,"https://www.google.com/maps/place/Princeton+Dog+Park/@33.1840331,-96.50791509999999,14z/data=!4m8!1m2!2m1!1sPrinceton+Dog+Park!3m4!1s0x864c0d261cdcc25b:0xf43795f967afa96c!8m2!3d33.1840331!4d-96.50791509999999"
Woof Pack Stay & Play,https://www.woofpacktx.com/,+1 469-814-9802,"1151 W Parker Rd # 207, Plano, TX 75023",Plano,75023,Texas,33.0417684,-96.7170363,https://lh3.googleusercontent.com/p/AF1QipP3URq87Gf38c6iABmgnOABUSWavQ_QzmmpsY12=w800-h500-k-no,"{""Sunday"": ""Closed"", ""Monday"": ""6:30AM-6:30PM"", ""Tuesday"": ""6:30AM-6:30PM"", ""Wednesday"": ""6:30AM-6:30PM"", ""Thursday"": ""6:30AM-6:30PM"", ""Friday"": ""6:30AM-6:30PM"", ""Saturday"": ""Closed""}",OPERATIONAL,,"https://www.google.com/maps/place/Woof+Pack+Stay+%26+Play/@33.041768399999995,-96.71703629999999,14z/data=!4m8!1m2!2m1!1sWoof+Pack+Stay+%26+Play!3m4!1s0x864c19c3f2e9254b:0xe1364850eb858ca6!8m2!3d33.041768399999995!4d-96.71703629999999"
Dog Park | Bob Woodruff,https://www.plano.gov/1423/Dog-Park-at-Bob-Woodruff-Park,+1 972-210-2936,"2300 Shiloh Rd, Plano, TX 75074",Plano,75074,Texas,33.0297223,-96.664294,https://lh3.googleusercontent.com/gps-cs-s/AC9h4noOQJA-4E5IOcWj8qcXmkI8LGqdPxeWB_m3YJ1NxwLI1PdQvKy_TaAwFOVUkgDw4cVYB27Jnl9jjNKOj64_gqIy_iLCfZlwa4xj0s0K37iPPy62BQwgJxa6y0IPVV2LB0KYGf68_Q=w800-h500-k-no,"{""Sunday"": ""7AM-10:30PM"", ""Monday"": ""7AM-10:30PM"", ""Tuesday"": ""4-10:30PM"", ""Wednesday"": ""7AM-10:30PM"", ""Thursday"": ""7AM-10:30PM"", ""Friday"": ""7AM-10:30PM"", ""Saturday"": ""7AM-10:30PM""}",OPERATIONAL,,"https://www.google.com/maps/place/Dog+Park+%7C+Bob+Woodruff/@33.029722299999996,-96.664294,14z/data=!4m8!1m2!2m1!1sDog+Park+%7C+Bob+Woodruff!3m4!1s0x864c19ed75d0861f:0x2d724cdaf0d96d03!8m2!3d33.029722299999996!4d-96.664294"
Jack Carter Dog Park,https://www.plano.gov/1459/Dog-Park-at-Jack-Carter-Park,+1 972-210-2936,"2215 Pleasant Valley Dr, Plano, TX 75023",Plano,75023,Texas,33.0600851,-96.740224,https://lh3.googleusercontent.com/gps-cs-s/AC9h4nq3gd7-L_3MXldPAe1MZLckItDXYjDJ8D48KmPCvJ0rpKmjLj75LIAcK0vJfvsOn7w_Z1ulj3pNVcrSo8yDadIJy7CTXeNd7PYzl1T-sknBNdaF75dQSMRrN1mIFHTMXQ9665MArA=w800-h500-k-no,"{""Sunday"": ""6:30AM-10:30PM"", ""Monday"": ""6:30AM-10:30PM"", ""Tuesday"": ""6:30AM-10:30PM"", ""Wednesday"": ""6:30AM-10:30PM"", ""Thursday"": ""4-10:30PM"", ""Friday"": ""6:30AM-10:30PM"", ""Saturday"": ""6:30AM-10:30PM""}",OPERATIONAL,,"https://www.google.com/maps/place/Jack+Carter+Dog+Park/@33.0600851,-96.740224,14z/data=!4m8!1m2!2m1!1sJack+Carter+Dog+Park!3m4!1s0x864c180de317200b:0x51b1c361d636befb!8m2!3d33.0600851!4d-96.740224"
Dog Park at Windhaven Meadows Park,https://www.plano.gov/1515/Dog-Park-at-Windhaven-Meadows-Park,+1 972-210-2936,"5369 Spring Creek Pkwy, Plano, TX 75093",Plano,75093,Texas,33.0556184,-96.8070467,https://lh3.googleusercontent.com/gps-cs-s/AC9h4no7MxIBhMjFirzpDD-lWm0Snl3zXqc0INLcduwFbcv0O3VTzG6Mne5DctqtbhFeiTBIcDFYQCDk1w1wq3ubfvrxEWrdy53qNO3LcYAnn-efshZQwPwQo41_FmnFYFPYP7J7AJi0=w800-h500-k-no,"{""Sunday"": ""6AM-10:30PM"", ""Monday"": ""6AM-10:30PM"", ""Tuesday"": ""6AM-10:30PM"", ""Wednesday"": ""4-10:30PM"", ""Thursday"": ""6AM-10:30PM"", ""Friday"": ""6AM-10:30PM"", ""Saturday"": ""6AM-10:30PM""}",OPERATIONAL,,"https://www.google.com/maps/place/Dog+Park+at+Windhaven+Meadows+Park/@33.0556184,-96.8070467,14z/data=!4m8!1m2!2m1!1sDog+Park+at+Windhaven+Meadows+Park!3m4!1s0x864c238225aad1a9:0x639673032010f0e0!8m2!3d33.0556184!4d-96.8070467"
Doggie's Wonderland,http://www.doggieswonderland.com/,+1 972-954-1551,"460 Independence Pkwy, Plano, TX 75075",Plano,75075,Texas,33.0061925,-96.7492586,https://lh3.googleusercontent.com/p/AF1QipMJoSJuoPLXevQrjgAa6wwS1HT-3GH4JzIfK8T1=w800-h500-k-no,"{""Sunday"": ""9-10AM,4-5PM"", ""Monday"": ""7AM-7PM"", ""Tuesday"": ""7AM-7PM"", ""Wednesday"": ""7AM-7PM"", ""Thursday"": ""7AM-7PM"", ""Friday"": ""7AM-7PM"", ""Saturday"": ""9AM-5PM""}",OPERATIONAL,,"https://www.google.com/maps/place/Doggie%27s+Wonderland/@33.0061925,-96.74925859999999,14z/data=!4m8!1m2!2m1!1sDoggie%27s+Wonderland!3m4!1s0x864c18dcc7912b0d:0x6ee673fe4c994357!8m2!3d33.0061925!4d-96.74925859999999"
The Dog Stop - Plano (Central),https://thedogstop.com/locations/texas/plano/,+1 972-954-3068,"1937 W Parker Rd, Plano, TX 75023",Plano,75023,Texas,33.0430108,-96.7324232,https://lh3.googleusercontent.com/gps-cs-s/AC9h4noKR0IY2gcS9s9qSi1uHN7LMrXmN8kcCMwW_lET3LD6C76efGFNfb6sphjcDbOnMMbW7u0OsmFQs6xgwvAmmq9rSiR7miVZmbVwuWUWouHglPZSR3a7_LILmAKljWIWoqMWJJOc=w800-h500-k-no,"{""Sunday"": ""9AM-4PM"", ""Monday"": ""6:30AM-7PM"", ""Tuesday"": ""6:30AM-7PM"", ""Wednesday"": ""6:30AM-7PM"", ""Thursday"": ""6:30AM-7PM"", ""Friday"": ""6:30AM-7PM"", ""Saturday"": ""9AM-4PM""}",OPERATIONAL,,"https://www.google.com/maps/place/The+Dog+Stop+-+Plano+%28Central%29/@33.0430108,-96.7324232,14z/data=!4m8!1m2!2m1!1sThe+Dog+Stop+-+Plano+%28Central%29!3m4!1s0x864c19b98592d115:0x6c0f31819318e6af!8m2!3d33.0430108!4d-96.7324232"
Pet Paradise Plano Premier,https://www.petparadise.com/plano-premier.htm,+1 972-424-7387,"3365 Premier Dr, Plano, TX 75023",Plano,75023,Texas,33.0440192,-96.7063825,https://lh3.googleusercontent.com/p/AF1QipNFG04KmhkELZoB0M7iZVKiER4coYoZ1kHze53H=w800-h500-k-no,"{""Sunday"": ""9AM-5PM"", ""Monday"": ""6:30AM-7PM"", ""Tuesday"": ""6:30AM-7PM"", ""Wednesday"": ""6:30AM-7PM"", ""Thursday"": ""6:30AM-7PM"", ""Friday"": ""6:30AM-7PM"", ""Saturday"": ""9AM-5PM""}",OPERATIONAL,,"https://www.google.com/maps/place/Pet+Paradise+Plano+Premier/@33.0440192,-96.70638249999999,14z/data=!4m8!1m2!2m1!1sPet+Paradise+Plano+Premier!3m4!1s0x864c19ad4c39b739:0xf1ea773484ff8195!8m2!3d33.0440192!4d-96.70638249999999"
Dogtopia of Plano,https://www.dogtopia.com/texas-plano/,+1 972-752-8204,"1501 Preston Rd #600, Plano, TX 75093",Plano,75093,Texas,33.0190182,-96.7961882,https://lh3.googleusercontent.com/p/AF1QipPZBb6snJpSuFnfnZEXzXYOP0QwxR7Dsg9E4wI5=w800-h500-k-no,"{""Sunday"": ""10AM-5PM"", ""Monday"": ""7AM-7PM"", ""Tuesday"": ""7AM-7PM"", ""Wednesday"": ""7AM-7PM"", ""Thursday"": ""7AM-7PM"", ""Friday"": ""7AM-7PM"", ""Saturday"": ""10AM-5PM""}",OPERATIONAL,,"https://www.google.com/maps/place/Dogtopia+of+Plano/@33.0190182,-96.79618819999999,14z/data=!4m8!1m2!2m1!1sDogtopia+of+Plano!3m4!1s0x864c23ad936b83c5:0xd2d606297135dc81!8m2!3d33.0190182!4d-96.79618819999999"
Pet Paradise Plano Custer,https://www.petparadise.com/plano-custer.htm,+1 972-359-9822,"2280 Kathryn Ln, Plano, TX 75025",Plano,75025,Texas,33.1181489,-96.7349366,https://lh3.googleusercontent.com/gps-cs-s/AC9h4nq7hkIqu1tSKnQrWia9lClSKcfDeRvtaP0pkVYzAWLpuULHIfWsADDYOfK2LD-XOiBQBXcYUfemdgMILDVUWYvqksCJUvLTVnyOxaevymMl15uDLPK019j8rTLAV74u31DTFWdS=w800-h500-k-no,"{""Sunday"": ""9AM-5PM"", ""Monday"": ""6:30AM-7PM"", ""Tuesday"": ""6:30AM-7PM"", ""Wednesday"": ""6:30AM-7PM"", ""Thursday"": ""6:30AM-7PM"", ""Friday"": ""6:30AM-7PM"", ""Saturday"": ""9AM-5PM""}",OPERATIONAL,,"https://www.google.com/maps/place/Pet+Paradise+Plano+Custer/@33.1181489,-96.7349366,14z/data=!4m8!1m2!2m1!1sPet+Paradise+Plano+Custer!3m4!1s0x864c17cc46a6d239:0x6d93be1e56d1f475!8m2!3d33.1181489!4d-96.7349366"
The Rustic Bark,http://www.therusticbark.com/,+1 970-901-3044,"513 Highport Rd, Pottsboro, TX 75076",Pottsboro,75076,Texas,33.8308938,-96.6896371,https://lh3.googleusercontent.com/p/AF1QipNolpUxTAbBnPnlIGEVCv0lKppyXs2W8EypTZIL=w800-h500-k-no,,OPERATIONAL,,"https://www.google.com/maps/place/The+Rustic+Bark/@33.8308938,-96.6896371,14z/data=!4m8!1m2!2m1!1sThe+Rustic+Bark!3m4!1s0x864c93427f7c409d:0xa9bcca0f272cfa28!8m2!3d33.8308938!4d-96.6896371"
Prosper Dog Retreat,https://www.prosperdogretreat.com/?utm_source=gmb,+1 469-505-1202,"1331 N Coleman St, Prosper, TX 75078",Prosper,75078,Texas,33.2515734,-96.8025447,https://lh3.googleusercontent.com/gps-cs-s/AC9h4npTSS7dw8VW-VGZ87F2fTfKiexjvRmlB0rYfsisaNPBMpz3nT9G9YE7TggfaaPqi6t1Ua_IsLwY-QGDfFXo0o6k-V6iO0QpVGL3fXm84BgwVdkHguXltoVxgCDJac_WJ-ZCaiEF=w800-h500-k-no,"{""Sunday"": ""9AM-1PM"", ""Monday"": ""7AM-6:30PM"", ""Tuesday"": ""7AM-6:30PM"", ""Wednesday"": ""7AM-6:30PM"", ""Thursday"": ""7AM-6:30PM"", ""Friday"": ""7AM-6:30PM"", ""Saturday"": ""9AM-4PM""}",OPERATIONAL,,"https://www.google.com/maps/place/Prosper+Dog+Retreat/@33.2515734,-96.8025447,14z/data=!4m8!1m2!2m1!1sProsper+Dog+Retreat!3m4!1s0x864c3f7d4ec1c92b:0x6d75ad608d00f8ba!8m2!3d33.2515734!4d-96.8025447"
Bliss Pet Resort,http://www.blisspetresort.com/,+1 972-347-6249,"200 E First St, Prosper, TX 75078",Prosper,75078,Texas,33.2333274,-96.8007591,https://lh3.googleusercontent.com/p/AF1QipMtVy3JPexwlB-8jM1MHBlEWz-m4K1HKLJ-XTU-=w800-h500-k-no,"{""Sunday"": ""8-9AM,2-5PM"", ""Monday"": ""7AM-12:30PM,2-6:30PM"", ""Tuesday"": ""7AM-12:30PM,2-6:30PM"", ""Wednesday"": ""7AM-12:30PM,2-6:30PM"", ""Thursday"": ""7AM-12:30PM,2-6:30PM"", ""Friday"": ""7AM-12:30PM,2-6:30PM"", ""Saturday"": ""8-9AM,2-5PM""}",OPERATIONAL,,"https://www.google.com/maps/place/Bliss+Pet+Resort/@33.2333274,-96.8007591,14z/data=!4m8!1m2!2m1!1sBliss+Pet+Resort!3m4!1s0x864c3f7256d98c9f:0x1ae1d726b5f80748!8m2!3d33.2333274!4d-96.8007591"
Cortland Prairie Creek Dog Park,,,"6500 Alma Rd, Richardson, TX 75080",Richardson,75080,Texas,33.002863,-96.716251,https://streetviewpixels-pa.googleapis.com/v1/thumbnail?panoid=oZo9Wo4jbPMAh1ug33vAMA&cb_client=search.gws-prod.gps&w=800&h=500&yaw=94.81795&pitch=0&thumbfov=100,,OPERATIONAL,,"https://www.google.com/maps/place/Cortland+Prairie+Creek+Dog+Park/@33.002863,-96.716251,14z/data=!4m8!1m2!2m1!1sCortland+Prairie+Creek+Dog+Park!3m4!1s0x864c190016b51e0d:0xebb0bf6c2f0579ea!8m2!3d33.002863!4d-96.716251"
Bush Central Barkway,,+1 972-744-4301,"3851 N Central Expy, Plano, TX 75023",Plano,75023,Texas,33.045758,-96.699641,https://lh3.googleusercontent.com/gps-cs-s/AC9h4no3cdf1AALOk0I2clqiL6UtuSKN_qAgjIE1oLWbs2BEkd0y1OCcTbd_O38Zr5n7sdU8CIPBY4vOjBzrttCK3oqCUK-aNwpjkb4tGnmIlduhHGhiAq5oi8haCSKlJo9d799Rh7Js=w800-h500-k-no,"{""Sunday"": ""Closed"", ""Monday"": ""6:30AM-10:30PM"", ""Tuesday"": ""6:30AM-10:30PM"", ""Wednesday"": ""10AM-10:30PM"", ""Thursday"": ""6:30AM-10:30PM"", ""Friday"": ""6:30AM-10:30PM"", ""Saturday"": ""6:30AM-10:30PM""}",OPERATIONAL,,"https://www.google.com/maps/place/Bush+Central+Barkway/@33.045758,-96.699641,14z/data=!4m8!1m2!2m1!1sBush+Central+Barkway!3m4!1s0x864c18d8fd89a8db:0xa1304cf46f49fbe!8m2!3d33.045758!4d-96.699641"
Dogtopia of The Shire at CityLine,https://www.dogtopia.com/richardson-theshire-cityline/,+1 469-202-0787,"2121 Infocom Dr, Richardson, TX 75082",Richardson,75082,Texas,33.0008958,-96.6826498,https://lh3.googleusercontent.com/gps-cs-s/AC9h4nqxnC7Ap9NqyCNKwx_AFVLkzUDFRtcIs3TqHvWs90gJkPD2oEZFV9qFx3MzJa3zM6re8lDlo1U3XYQn_dVynvROFDjJIx-hTDTNzfRJtH7OpL7RMSlmOlpJ4Aq-kHN1BsJQzB_47g=w800-h500-k-no,"{""Sunday"": ""8-10AM,3-5PM"", ""Monday"": ""6:30AM-7PM"", ""Tuesday"": ""6:30AM-7PM"", ""Wednesday"": ""6:30AM-7PM"", ""Thursday"": ""6:30AM-7PM"", ""Friday"": ""6:30AM-7PM"", ""Saturday"": ""10AM-5PM""}",OPERATIONAL,,"https://www.google.com/maps/place/Dogtopia+of+The+Shire+at+CityLine/@33.000895799999995,-96.6826498,14z/data=!4m8!1m2!2m1!1sDogtopia+of+The+Shire+at+CityLine!3m4!1s0x864c195942cde14f:0x8ce139a2f1ebae34!8m2!3d33.000895799999995!4d-96.6826498"
Wagging Tail Dog Park,,,"5841 Keller Springs Rd, Dallas, TX 75248",Dallas,75248,Texas,32.9704881,-96.808134,https://lh3.googleusercontent.com/gps-cs-s/AC9h4nqeuSCm_hczu8v1KJkQt9T0CpHx2APVtzE4U_OlQfhxX4_SZXoiyOoo4ZQy6rkWYNhN0HOcm3EC4WAm5YB6GgZsfFmz2e60gZ-fPCo7wlI6QcogI78nNXl1fTBFrT1oNeqk92HKeQ=w800-h500-k-no,"{""Sunday"": ""5AM-11PM"", ""Monday"": ""Closed"", ""Tuesday"": ""5AM-11PM"", ""Wednesday"": ""5AM-11PM"", ""Thursday"": ""5AM-11PM"", ""Friday"": ""5AM-11PM"", ""Saturday"": ""5AM-11PM""}",OPERATIONAL,"This 7-acre dog park features an observation deck with waterfall views, plus a water fountain.","https://www.google.com/maps/place/Wagging+Tail+Dog+Park/@32.9704881,-96.808134,14z/data=!4m8!1m2!2m1!1sWagging+Tail+Dog+Park!3m4!1s0x864c2168e74de721:0x2ea81412ea0024c2!8m2!3d32.9704881!4d-96.808134"
Dog Haus Biergarten,http://richardson.doghaus.com/,+1 214-258-6867,"744 Central Expy Suite 210, Richardson, TX 75080",Richardson,75080,Texas,32.9430634,-96.7431686,https://lh3.googleusercontent.com/p/AF1QipNTBrKPfxWSqNTKHSxW5-Rz58lfzS0X11zMpUfq=w800-h500-k-no,"{""Sunday"": ""11AM-11PM"", ""Monday"": ""11AM-11PM"", ""Tuesday"": ""11AM-11PM"", ""Wednesday"": ""11AM-11PM"", ""Thursday"": ""11AM-11PM"", ""Friday"": ""11AM-11PM"", ""Saturday"": ""11AM-11PM""}",OPERATIONAL,"Huge, laid-back spot serving premium, handcrafted hot dogs & burgers, plus craft beer.","https://www.google.com/maps/place/Dog+Haus+Biergarten/@32.9430634,-96.74316859999999,14z/data=!4m8!1m2!2m1!1sDog+Haus+Biergarten!3m4!1s0x864c1f78bbad439d:0xb80be09f89908269!8m2!3d32.9430634!4d-96.74316859999999"
Central Dog Park,http://garlandtx.gov/,,"901 S Glenbrook Dr, Garland, TX 75040",Garland,75040,Texas,32.9050883,-96.6420572,https://lh3.googleusercontent.com/gps-cs-s/AC9h4nqyRC3quLzZzlw82mLHON5o89d3anfLJ8J52Vx649C_PepvW4jSIiYtRjzxSvmDPaAUdoIt8cjEnF3jxmV-7RFORYMQ3r3pcXRnMIO_E8IDfzKubb3o9A89HsyqjjJ3U2Y8AFk=w800-h500-k-no,,OPERATIONAL,,"https://www.google.com/maps/place/Central+Dog+Park/@32.905088299999996,-96.6420572,14z/data=!4m8!1m2!2m1!1sCentral+Dog+Park!3m4!1s0x864c1da535d876d3:0x4532d2e1c8ee86f3!8m2!3d32.905088299999996!4d-96.6420572"
Aloft Richardson,https://www.marriott.com/en-us/hotels/dallr-aloft-richardson/overview/?scid=f2ae0541-1279-4f24-b197-a979c79310b0,+1 972-234-4007,"1160 State St, Richardson, TX 75082",Richardson,75082,Texas,33.0009536,-96.7014605,https://lh3.googleusercontent.com/p/AF1QipP7y4ARmTcu4n8UrQdngJWIeBQrdAqCC3PjLDNb=w800-h500-k-no,,OPERATIONAL,"Relaxed quarters in a modern hotel featuring an outdoor pool, plus a hip lobby bar & a gym.","https://www.google.com/maps/place/Aloft+Richardson/@33.000953599999995,-96.7014605,14z/data=!4m8!1m2!2m1!1sAloft+Richardson!3m4!1s0x864c192606410cbb:0xac093d99a48fc2eb!8m2!3d33.000953599999995!4d-96.7014605"
Garland Dog Park,http://www.garlandtx.gov/2099/Dog-Park,+1 972-205-2750,"901 S Glenbrook Dr, Garland, TX 75040",Garland,75040,Texas,32.9051018,-96.6419424,https://lh3.googleusercontent.com/gps-cs-s/AC9h4nqDupScey6RCnJIoeWy7n1uOVdj-ZY8DQH91dSsYkM8wJww5B4JhL7GiYO4rI5aE5u1NAs0LZOwQLOlL8TvtAVwpTABF6oe5ZXOdS53vyjKTPKkzCrRNBNNDGQNegfLDUBr94tc=w800-h500-k-no,"{""Sunday"": ""6AM-9PM"", ""Monday"": ""6AM-9PM"", ""Tuesday"": ""6AM-9PM"", ""Wednesday"": ""4-9PM"", ""Thursday"": ""6AM-9PM"", ""Friday"": ""6AM-9PM"", ""Saturday"": ""6AM-9PM""}",OPERATIONAL,,"https://www.google.com/maps/place/Garland+Dog+Park/@32.9051018,-96.64194239999999,14z/data=!4m8!1m2!2m1!1sGarland+Dog+Park!3m4!1s0x864c1dfbfa201585:0xb801d65a02091e95!8m2!3d32.9051018!4d-96.64194239999999"
Wag Hotels - Richardson,https://www.waghotels.com/richardson/,+1 888-924-5463,"751 Central Expy, Richardson, TX 75080",Richardson,75080,Texas,32.9424946,-96.7408874,https://lh3.googleusercontent.com/gps-cs-s/AC9h4noLzPbbyak8pviKjq4eSORsV4i51kXMeliv4FZToFT-rFj6wxG27AnpwP2hzaQEOAukuEXxiUCgU7fPF0KK0D0Eq3OXhwi3Bjg7phS9DJ0pQNLe3wGorrv6LFVShgbllqyJqIRt=w800-h500-k-no,"{""Sunday"": ""Open 24 hours"", ""Monday"": ""Open 24 hours"", ""Tuesday"": ""Open 24 hours"", ""Wednesday"": ""Open 24 hours"", ""Thursday"": ""Open 24 hours"", ""Friday"": ""Open 24 hours"", ""Saturday"": ""Open 24 hours""}",OPERATIONAL,,"https://www.google.com/maps/place/Wag+Hotels+-+Richardson/@32.942494599999996,-96.74088739999999,14z/data=!4m8!1m2!2m1!1sWag+Hotels+-+Richardson!3m4!1s0x864c1f78793f8097:0x337a5daab4200864!8m2!3d32.942494599999996!4d-96.74088739999999"
Pooch Hotel,,+1 513-238-2093,"757 Central Expy, Richardson, TX 75080",Richardson,75080,Texas,32.9427329,-96.7413681,https://streetviewpixels-pa.googleapis.com/v1/thumbnail?panoid=btEjk0Tul0kg9vdgNhT68Q&cb_client=search.gws-prod.gps&w=800&h=500&yaw=299.93002&pitch=0&thumbfov=100,,OPERATIONAL,,"https://www.google.com/maps/place/Pooch+Hotel/@32.942732899999996,-96.7413681,14z/data=!4m8!1m2!2m1!1sPooch+Hotel!3m4!1s0x864c1f787d8782c9:0xd03d6239b9384c9c!8m2!3d32.942732899999996!4d-96.7413681"
"The Dog House , LLC",http://thedoghouserockwall.com/,+1 972-771-2230,"4050 State Hwy 205, Rockwall, TX 75087",Rockwall,75087,Texas,32.972806,-96.464936,https://lh3.googleusercontent.com/p/AF1QipP6NHV4BwOQ-7KEY301tg48ZXfHVzDKhSPh5eRR=w800-h500-k-no,"{""Sunday"": ""4-6PM"", ""Monday"": ""7AM-6PM"", ""Tuesday"": ""7AM-6PM"", ""Wednesday"": ""7AM-6PM"", ""Thursday"": ""7AM-6PM"", ""Friday"": ""7AM-6PM"", ""Saturday"": ""7AM-2PM""}",OPERATIONAL,,"https://www.google.com/maps/place/The+Dog+House+%2C+LLC/@32.972806,-96.464936,14z/data=!4m8!1m2!2m1!1sThe+Dog+House+%2C+LLC!3m4!1s0x864c0111426f5823:0xd408ec4b2e85ce1c!8m2!3d32.972806!4d-96.464936"
Canine & Co. Dog Resort,http://www.caninecoresort.com/,+1 469-653-0065,"1920 Alpha Dr, Rockwall, TX 75087",Rockwall,75087,Texas,32.9163153,-96.4450431,https://lh3.googleusercontent.com/p/AF1QipND4Ktg6cK79v1i2G7DqYJoh0lYatmKwli9wz_v=w800-h500-k-no,"{""Sunday"": ""8AM-2PM"", ""Monday"": ""7AM-7PM"", ""Tuesday"": ""7AM-7PM"", ""Wednesday"": ""7AM-7PM"", ""Thursday"": ""7AM-7PM"", ""Friday"": ""7AM-7PM"", ""Saturday"": ""8AM-4PM""}",OPERATIONAL,,"https://www.google.com/maps/place/Canine+%26+Co.+Dog+Resort/@32.9163153,-96.44504309999999,14z/data=!4m8!1m2!2m1!1sCanine+%26+Co.+Dog+Resort!3m4!1s0x864c01cc8831a31b:0xa747afebbb0b539f!8m2!3d32.9163153!4d-96.44504309999999"
Scentral Dog Park,,,"4601 Centennial Dr, Rowlett, TX 75088",Rowlett,75088,Texas,32.8981896,-96.5595359,https://lh3.googleusercontent.com/gps-cs-s/AC9h4nqYri-srJ14ABDtNoIOSWGa971ATwza5pBXnoHSK3iKbifdp4jRE4aWzHp_6_hS23-JIyHOA_445K235r66A2W-EBEPuTxA30xKAhKVUHxvK2annV7vcEaqAhquv7j_sNasP-I1ag=w800-h500-k-no,"{""Sunday"": ""Closed"", ""Monday"": ""6AM-9PM"", ""Tuesday"": ""6AM-11PM"", ""Wednesday"": ""6AM-11PM"", ""Thursday"": ""6AM-11PM"", ""Friday"": ""6AM-11PM"", ""Saturday"": ""6AM-11PM""}",OPERATIONAL,,"https://www.google.com/maps/place/Scentral+Dog+Park/@32.8981896,-96.5595359,14z/data=!4m8!1m2!2m1!1sScentral+Dog+Park!3m4!1s0x864c029a3c066e67:0xfdf353deca4067d5!8m2!3d32.8981896!4d-96.5595359"
Sherman Dog Park,https://shermanparks.com/sherman-dog-park/,,"1121 W Taylor St, Sherman, TX 75092",Sherman,75092,Texas,33.6550731,-96.6276865,https://streetviewpixels-pa.googleapis.com/v1/thumbnail?panoid=dgZ38lYBnYGPxcoyVaQJXA&cb_client=search.gws-prod.gps&w=800&h=500&yaw=53.63736&pitch=0&thumbfov=100,,OPERATIONAL,,"https://www.google.com/maps/place/Sherman+Dog+Park/@33.655073099999996,-96.6276865,14z/data=!4m8!1m2!2m1!1sSherman+Dog+Park!3m4!1s0x864c8900279c0d0f:0x57f796ca01b1d54d!8m2!3d33.655073099999996!4d-96.6276865"
Canine Republic,http://www.canine-republic.com/,+1 972-335-0093,"4900 McDermott Rd, Plano, TX 75024",Plano,75024,Texas,33.093772,-96.8007892,https://lh3.googleusercontent.com/p/AF1QipOIfGk-cZkIRLkQ42sm-fRN1yAcRI8VIspshQod=w800-h500-k-no,"{""Sunday"": ""9AM-2PM"", ""Monday"": ""6:30AM-7PM"", ""Tuesday"": ""6:30AM-7PM"", ""Wednesday"": ""6:30AM-7PM"", ""Thursday"": ""6:30AM-7PM"", ""Friday"": ""6:30AM-7PM"", ""Saturday"": ""9AM-4PM""}",OPERATIONAL,,"https://www.google.com/maps/place/Canine+Republic/@33.093772,-96.8007892,14z/data=!4m8!1m2!2m1!1sCanine+Republic!3m4!1s0x14e37def1ce6c549:0xd48f061960857084!8m2!3d33.093772!4d-96.8007892"
Cosmic Canine,https://www.cosmiccanine.com/,+1 972-596-5976,"1101 Ohio Dr #101, Plano, TX 75093",Plano,75093,Texas,33.0142731,-96.7872612,https://lh3.googleusercontent.com/gps-cs-s/AC9h4nohx01QmBeb-T9ZmFZyX0hetBANna_YhqsUfsS9RcraytoD-j940qG715TpTR1gTj3ebDuCgxNx716Pd_YDeGDD5GfAtMEKbUPGzHiaFCPYEJ5a_QPuWVoLGsShM1pEQhGkNbBrVg=w800-h500-k-no,"{""Sunday"": ""Closed"", ""Monday"": ""7AM-7PM"", ""Tuesday"": ""7AM-7PM"", ""Wednesday"": ""7AM-7PM"", ""Thursday"": ""7AM-7PM"", ""Friday"": ""7AM-7PM"", ""Saturday"": ""9AM-4PM""}",OPERATIONAL,,"https://www.google.com/maps/place/Cosmic+Canine/@33.0142731,-96.78726119999999,14z/data=!4m8!1m2!2m1!1sCosmic+Canine!3m4!1s0x864c2279d58565c7:0xea75daa5051e8e7f!8m2!3d33.0142731!4d-96.78726119999999"
The Shacks Dining & Dog Park,https://www.shacksaustinranch.com/,,"5800 Windhaven Pkwy, The Colony, TX 75056",The Colony,75056,Texas,33.0574867,-96.8617907,https://lh3.googleusercontent.com/gps-cs-s/AC9h4nqeqwS5srhpftBt87Nex8Xj18IHiYlqEgIndi9kmd4wcPRXpl3i4Y0-gVb0wYdMBE5oQETs-ECGeDWsSA2MesgUO1GiRZ1M66hGsMTWLCOIrrM52R0KedyANdYBb75eUipZquBH=w800-h500-k-no,"{""Sunday"": ""7AM-10PM"", ""Monday"": ""7AM-10PM"", ""Tuesday"": ""7AM-10PM"", ""Wednesday"": ""7AM-10PM"", ""Thursday"": ""7AM-10PM"", ""Friday"": ""7AM-10PM"", ""Saturday"": ""7AM-10PM""}",OPERATIONAL,Rustic spot featuring 6 eateries with a shared dog-friendly patio overlooking a 1-acre dog park.,"https://www.google.com/maps/place/The+Shacks+Dining+%26+Dog+Park/@33.0574867,-96.8617907,14z/data=!4m8!1m2!2m1!1sThe+Shacks+Dining+%26+Dog+Park!3m4!1s0x864c24c7972d6e95:0xdeeb3719083e3914!8m2!3d33.0574867!4d-96.8617907"
Doggie Daddy Daycare,,+1 832-377-7332,"1141 Bozman Rd building 1 suite 101, Wylie, TX 75098",Wylie,75098,Texas,32.9896941,-96.5198061,https://lh3.googleusercontent.com/gps-cs-s/AC9h4nrDhgxDwXSUGwC6R9cewid9oPpcMGrLOuaqyW3o1yNqRFw2PClV2y80Fh4lVP2os1Kl6xKmuWxFM-aasTsOaHx41cZEzTVVm2_c3SJd7ohBZRISJi0EEmK4CC0yFArIoFjcHfswRA=w800-h500-k-no,"{""Sunday"": ""Open 24 hours"", ""Monday"": ""Open 24 hours"", ""Tuesday"": ""Open 24 hours"", ""Wednesday"": ""Open 24 hours"", ""Thursday"": ""Open 24 hours"", ""Friday"": ""Open 24 hours"", ""Saturday"": ""Open 24 hours""}",OPERATIONAL,,"https://www.google.com/maps/place/Doggie+Daddy+Daycare/@32.9896941,-96.5198061,14z/data=!4m8!1m2!2m1!1sDoggie+Daddy+Daycare!3m4!1s0x864c03acbeb3dcf1:0x788f2e074801353b!8m2!3d32.9896941!4d-96.5198061"
Dogtopia of Coppell,https://www.dogtopia.com/dallas-fortworth-coppell/,+1 469-998-3888,"150 S Denton Tap Rd, Coppell, TX 75019",Coppell,75019,Texas,32.966886,-96.9926505,https://lh3.googleusercontent.com/gps-cs-s/AC9h4nqRs_D-Q8_7UbuRChZ6KpcaTOYyPU4uA1z3emCJjb54qktnHuq6202eX3Rlwyvg1n15VFGizJwOL8l-ntntzrifPXFjJbU7A_ByS2TnjglFbGobI-imJk_SrS-MbPMQT-BWCgE8z1dGNzD9=w800-h500-k-no,"{""Sunday"": ""9AM-5PM"", ""Monday"": ""7AM-7PM"", ""Tuesday"": ""7AM-7PM"", ""Wednesday"": ""7AM-7PM"", ""Thursday"": ""7AM-7PM"", ""Friday"": ""7AM-7PM"", ""Saturday"": ""9AM-5PM""}",OPERATIONAL,,"https://www.google.com/maps/place/Dogtopia+of+Coppell/@32.966885999999995,-96.9926505,14z/data=!4m8!1m2!2m1!1sDogtopia+of+Coppell!3m4!1s0x864c2928b06d3acb:0x6c2abe199bb71249!8m2!3d32.966885999999995!4d-96.9926505"
Bacon Dog Park at Cypress Waters,,,"Coppell, TX 75019",Coppell,75019,Texas,32.9359168,-96.9831826,https://lh3.googleusercontent.com/gps-cs-s/AC9h4nrZu3YPuzlzYNajCTZ_fy-0eKz-8ocB91INLHxjqY8x1M7VZd0MxrQBI4-qUNeJ1mdoCuJgjLX__bQrfmFH0Oi199cpRn9E_VMAI2rMIPP1QWt-VQxLimjJYqOAbZ-7X-iue3XcSQ=w800-h500-k-no,"{""Sunday"": ""7AM-9PM"", ""Monday"": ""7AM-9PM"", ""Tuesday"": ""7AM-9PM"", ""Wednesday"": ""7AM-9PM"", ""Thursday"": ""7AM-9PM"", ""Friday"": ""7AM-9PM"", ""Saturday"": ""7AM-9PM""}",OPERATIONAL,,"https://www.google.com/maps/place/Bacon+Dog+Park+at+Cypress+Waters/@32.9359168,-96.98318259999999,14z/data=!4m8!1m2!2m1!1sBacon+Dog+Park+at+Cypress+Waters!3m4!1s0x864c299f6a86f2d7:0x3f3b1676f711d6be!8m2!3d32.9359168!4d-96.98318259999999"
Meadows Dog Park,https://www.mfi.org/wilson-district/dog-park,+1 214-826-9431,"1100 Skiles St, Dallas, TX 75204",Dallas,75204,Texas,32.7906028,-96.7847673,https://lh3.googleusercontent.com/gps-cs-s/AC9h4nrp62Hn2FaUoLLC9vLvdU8BWSp_oDOhDQbYqCKF5qFv2TJ_DnwBKWJvkpjj0C6gKSkvenEz9zFZAv0UAaftUmrUYYMr2F_ig-hNYLZDVipsT19VE_XGtlCRKG0q6s-Bxkqh-tiwMw=w800-h500-k-no,"{""Sunday"": ""6AM-8PM"", ""Monday"": ""6AM-8PM"", ""Tuesday"": ""6AM-8PM"", ""Wednesday"": ""6AM-8PM"", ""Thursday"": ""6AM-8PM"", ""Friday"": ""6AM-8PM"", ""Saturday"": ""6AM-8PM""}",OPERATIONAL,,"https://www.google.com/maps/place/Meadows+Dog+Park/@32.7906028,-96.7847673,14z/data=!4m8!1m2!2m1!1sMeadows+Dog+Park!3m4!1s0x864e98db931f8123:0x4db7493397f87877!8m2!3d32.7906028!4d-96.7847673"
Urban Paws,http://www.urbanpawsdallas.com/,+1 214-748-8008,"2526 Elm St, Dallas, TX 75226",Dallas,75226,Texas,32.783593,-96.788089,https://lh3.googleusercontent.com/gps-cs-s/AC9h4noSjhOILd2Mo-MhWUJyWYQcIB1JmJm35XrAWRYHnK9vsVg6bgKZaRt7cggL01n5-HXuIpY50k5yBFvsczfhGHj9YXWhbyLLrDz_9WkkNJDXgwC5akAgY6vF4-KsIYlaa6eYCZr_=w800-h500-k-no,"{""Sunday"": ""11AM-4PM"", ""Monday"": ""7AM-7PM"", ""Tuesday"": ""7AM-7PM"", ""Wednesday"": ""7AM-7PM"", ""Thursday"": ""7AM-7PM"", ""Friday"": ""7AM-7PM"", ""Saturday"": ""11AM-4PM""}",OPERATIONAL,,"https://www.google.com/maps/place/Urban+Paws/@32.783592999999996,-96.788089,14z/data=!4m8!1m2!2m1!1sUrban+Paws!3m4!1s0x864e98de15c4294d:0xebace3388ca2a443!8m2!3d32.783592999999996!4d-96.788089"
The Village WAG - Exclusive For The Village Residents,,+1 214-772-9300,"8310 Southwestern Blvd, Dallas, TX 75206",Dallas,75206,Texas,32.8568951,-96.7584985,https://lh3.googleusercontent.com/gps-cs-s/AC9h4np6qileXIW6TUnMiI0hAE7o4ZcKgoTawlpmykpMPNlvFRfUz9D62RIHOnhyDiYz2UJraDyRim-LQ-Rfy-MLLPEKh2_jV91QqqLSEiSzOdLOzP_iVvhZlGvOSg_gtAeIUV6p=w800-h500-k-no,"{""Sunday"": ""6AM-10PM"", ""Monday"": ""6AM-10PM"", ""Tuesday"": ""6AM-10PM"", ""Wednesday"": ""6AM-10PM"", ""Thursday"": ""6AM-10PM"", ""Friday"": ""6AM-10PM"", ""Saturday"": ""6AM-10PM""}",OPERATIONAL,,"https://www.google.com/maps/place/The+Village+WAG+-+Exclusive+For+The+Village+Residents/@32.856895099999996,-96.7584985,14z/data=!4m8!1m2!2m1!1sThe+Village+WAG+-+Exclusive+For+The+Village+Residents!3m4!1s0x864e9f4c68d4708f:0x7b63f0d3e73e8b97!8m2!3d32.856895099999996!4d-96.7584985"
Central Commons Community Dog Park,https://centralcommons.org/central-commons-dog-park,+1 469-753-9007,"4711 Westside Dr, Dallas, TX 75209",Dallas,75209,Texas,32.8297599,-96.820483,https://lh3.googleusercontent.com/gps-cs-s/AC9h4nq1G1NNpWbK9JNBmBaZWxj9GTjhe-53EW4bvZv6KDp7jE9pkBINs8DoMVumAMoEq5MfOtOesRiofKTAJ74LiCdEBJMl5R77vlcM6cO82Uf2nxuT_3WqgFt3FfnH6sS3tuSB6KhR=w800-h500-k-no,"{""Sunday"": ""7AM-8PM"", ""Monday"": ""7AM-8PM"", ""Tuesday"": ""7AM-8PM"", ""Wednesday"": ""7AM-8PM"", ""Thursday"": ""7AM-8PM"", ""Friday"": ""7AM-8PM"", ""Saturday"": ""7AM-8PM""}",OPERATIONAL,,"https://www.google.com/maps/place/Central+Commons+Community+Dog+Park/@32.8297599,-96.820483,14z/data=!4m8!1m2!2m1!1sCentral+Commons+Community+Dog+Park!3m4!1s0x864e9e96eae2a07f:0x97f9678c01d0a72f!8m2!3d32.8297599!4d-96.820483"
Dogtopia of Park Lane,https://www.dogtopia.com/dallas-park-lane/,+1 214-281-8282,"8060 Park Ln Suite 126, Dallas, TX 75231",Dallas,75231,Texas,32.8698139,-96.7683248,https://lh3.googleusercontent.com/p/AF1QipOhC2XbttHzq0v7dbzXR1yD3LlSHIuAsssJTMJy=w800-h500-k-no,"{""Sunday"": ""10AM-5PM"", ""Monday"": ""7AM-7PM"", ""Tuesday"": ""7AM-7PM"", ""Wednesday"": ""7AM-7PM"", ""Thursday"": ""7AM-7PM"", ""Friday"": ""7AM-7PM"", ""Saturday"": ""10AM-5PM""}",OPERATIONAL,,"https://www.google.com/maps/place/Dogtopia+of+Park+Lane/@32.8698139,-96.7683248,14z/data=!4m8!1m2!2m1!1sDogtopia+of+Park+Lane!3m4!1s0x864e9fb01f58cd25:0xf35b1f692fae98b0!8m2!3d32.8698139!4d-96.7683248"
Barking Hound Village Central,https://www.bhvtexas.com/,+1 469-941-4242,"5605 Dyer St, Dallas, TX 75206",Dallas,75206,Texas,32.8433755,-96.7723853,https://lh3.googleusercontent.com/p/AF1QipNIdeWznA4FOuPhQ0VypA_1LHjvIMZQAdRQPF8t=w800-h500-k-no,"{""Sunday"": ""2-7PM"", ""Monday"": ""7:30AM-8PM"", ""Tuesday"": ""7:30AM-8PM"", ""Wednesday"": ""7:30AM-8PM"", ""Thursday"": ""7:30AM-8PM"", ""Friday"": ""7:30AM-8PM"", ""Saturday"": ""8AM-2PM""}",OPERATIONAL,,"https://www.google.com/maps/place/Barking+Hound+Village+Central/@32.8433755,-96.7723853,14z/data=!4m8!1m2!2m1!1sBarking+Hound+Village+Central!3m4!1s0x864e9f0ce99e9abd:0x9db9fbb416edef95!8m2!3d32.8433755!4d-96.7723853"
The Dallas Dog Palace,http://www.dallasdogpalace.com/,+1 469-547-1957,"3909 Eastside Ave, Dallas, TX 75226",Dallas,75226,Texas,32.7864746,-96.7721859,https://lh3.googleusercontent.com/gps-cs-s/AC9h4nrHDu2zblUUaGbbj2nGPumgVfQMX6n8gOSOSNb5c3QBZ4xH3lrtuJ0C6w5QlunjxnuInxrFzqW3B8sMSXFpad2iCexhEA4HVXKrTa7WCk1VIx6CrnrId54fjhokUYpUqgwEM2OI=w800-h500-k-no,"{""Sunday"": ""7AM-5PM"", ""Monday"": ""7AM-7PM"", ""Tuesday"": ""7AM-7PM"", ""Wednesday"": ""7AM-7PM"", ""Thursday"": ""7AM-7PM"", ""Friday"": ""7AM-7PM"", ""Saturday"": ""7AM-5PM""}",OPERATIONAL,,"https://www.google.com/maps/place/The+Dallas+Dog+Palace/@32.7864746,-96.7721859,14z/data=!4m8!1m2!2m1!1sThe+Dallas+Dog+Palace!3m4!1s0x864e99552864c0cb:0x5abac3d921b3b185!8m2!3d32.7864746!4d-96.7721859"
Barking Hound Village Lake Highlands,http://www.bhvtexas.com/,+1 214-890-9778,"7610 Greenville Ave, Dallas, TX 75231",Dallas,75231,Texas,32.887161,-96.757271,https://lh3.googleusercontent.com/gps-cs-s/AC9h4nrgAnzgsyq1fuUAju9FkCe6ZQyUt9T4_Racol7J7gmnZf1v9A33o4EgYmY2EyuUbhvjKQBNVE8Y8iake4-f_jdybUwuJESMnb9FgESsxLIru-6qZ1arx9b-i8InpupYm9GGKXE=w800-h500-k-no,"{""Sunday"": ""2-7PM"", ""Monday"": ""7:30AM-8PM"", ""Tuesday"": ""7:30AM-8PM"", ""Wednesday"": ""7:30AM-8PM"", ""Thursday"": ""7:30AM-8PM"", ""Friday"": ""7:30AM-8PM"", ""Saturday"": ""8AM-2PM""}",OPERATIONAL,,"https://www.google.com/maps/place/Barking+Hound+Village+Lake+Highlands/@32.887161,-96.75727099999999,14z/data=!4m8!1m2!2m1!1sBarking+Hound+Village+Lake+Highlands!3m4!1s0x864e9ff01463340f:0x1894a9df22b6477a!8m2!3d32.887161!4d-96.75727099999999"
Crockett Dog Park,https://www.dallasparks.org/facilities/facility/details/Crockett-Dog-Park-831,,"321 N Carroll Ave, Dallas, TX 75246",Dallas,75246,Texas,32.7933507,-96.7703552,https://lh3.googleusercontent.com/gps-cs-s/AC9h4nrzWujPNVA1Qu4z5geyDbqq0SU5_pk9aFAAvRl63cPgpPZW4rl62kTZ74fg_W9peF0MPGgkDkf7w5S89m_dRl7xgCe9T4r0ThTx97YgsbcT1EllnbJ4kE3KC4tjlYgihPMe--cT=w800-h500-k-no,"{""Sunday"": ""5AM-11PM"", ""Monday"": ""Closed"", ""Tuesday"": ""5AM-11PM"", ""Wednesday"": ""5AM-11PM"", ""Thursday"": ""5AM-11PM"", ""Friday"": ""5AM-11PM"", ""Saturday"": ""5AM-11PM""}",OPERATIONAL,,"https://www.google.com/maps/place/Crockett+Dog+Park/@32.7933507,-96.7703552,14z/data=!4m8!1m2!2m1!1sCrockett+Dog+Park!3m4!1s0x864e9946ca34e0c9:0xcc4022e6ee632944!8m2!3d32.7933507!4d-96.7703552"
Wag'n Bone Dog Grooming & Day Care - The Village Dallas,https://www.thevillagedallas.com/wagn-bone/,+1 469-659-6380,"5670 Village Glen Dr STE 130, Dallas, TX 75206",Dallas,75206,Texas,32.8595068,-96.7623792,https://lh3.googleusercontent.com/gps-cs-s/AC9h4nrO44mXtN06N3elKLEWi-02Ima0-HHb6toobaw2gvJwBN8JIOAQmkbWJm44I8X_fCpLCP7OZf56NqeSB7oBvInbwbSVMHTa2NZJ9qaB036Y28zFrDe9iffNmM1axxM0ErBmpR_0aQ=w800-h500-k-no,"{""Sunday"": ""Closed"", ""Monday"": ""7AM-6PM"", ""Tuesday"": ""7AM-6PM"", ""Wednesday"": ""7AM-6PM"", ""Thursday"": ""7AM-6PM"", ""Friday"": ""7AM-6PM"", ""Saturday"": ""9AM-6PM""}",OPERATIONAL,,"https://www.google.com/maps/place/Wag%27n+Bone+Dog+Grooming+%26+Day+Care+-+The+Village+Dallas/@32.8595068,-96.7623792,14z/data=!4m8!1m2!2m1!1sWag%27n+Bone+Dog+Grooming+%26+Day+Care+-+The+Village+Dallas!3m4!1s0x864e9fccaeab3a39:0x62025125fd676d81!8m2!3d32.8595068!4d-96.7623792"
Paw Lofts,https://www.pawlofts.com/?utm_source=googlemb,+1 214-396-9693,"1359 Medical District Dr, Dallas, TX 75207",Dallas,75207,Texas,32.8050227,-96.8418197,https://lh3.googleusercontent.com/p/AF1QipNY1eYIIiZxH8zzZPQ7O0qGhc7tfGscslvXZHNl=w800-h500-k-no,"{""Sunday"": ""8-11AM,2-5PM"", ""Monday"": ""6AM-7PM"", ""Tuesday"": ""6AM-7PM"", ""Wednesday"": ""6AM-7PM"", ""Thursday"": ""6AM-7PM"", ""Friday"": ""6AM-7PM"", ""Saturday"": ""8-11AM,2-5PM""}",OPERATIONAL,,"https://www.google.com/maps/place/Paw+Lofts/@32.805022699999995,-96.8418197,14z/data=!4m8!1m2!2m1!1sPaw+Lofts!3m4!1s0x864e9c06e076be67:0x8b2f44063c234099!8m2!3d32.805022699999995!4d-96.8418197"
Pierre's Dog House,https://www.pierresdoghouse.com/,+1 972-913-4221,"6822 Maple Ave, Dallas, TX 75209",Dallas,75209,Texas,32.8307184,-96.8469574,https://lh3.googleusercontent.com/gps-cs-s/AC9h4np8G6FNW8_gEQzLTYH6duQSLvbIy-nXDC9P-PYokAHlMVckrLD_QOtD-21SQldvbeILGTq26ai6mdz_LhKHd_DDGTeozse9zZ2kp3A8PBMbwK8pRYPoX9GMJEiGyMRPuKGaBKoF=w800-h500-k-no,"{""Sunday"": ""7AM-7PM"", ""Monday"": ""7AM-7PM"", ""Tuesday"": ""7AM-7PM"", ""Wednesday"": ""7AM-7PM"", ""Thursday"": ""7AM-7PM"", ""Friday"": ""7AM-7PM"", ""Saturday"": ""7AM-7PM""}",OPERATIONAL,,"https://www.google.com/maps/place/Pierre%27s+Dog+House/@32.830718399999995,-96.8469574,14z/data=!4m8!1m2!2m1!1sPierre%27s+Dog+House!3m4!1s0x864e9e7c282ace6b:0x9aebb4c290ff7a5b!8m2!3d32.830718399999995!4d-96.8469574"
Dallas Dog Daycare and Boarding,http://www.dallasdogsdaycare.com/,+1 214-210-6373,"2739 Bachman Dr, Dallas, TX 75220",Dallas,75220,Texas,32.8542848,-96.871582,https://lh3.googleusercontent.com/gps-cs-s/AC9h4no-OIpHWHlZeKAI-VVJ6gv9jLBrNMTleHme7YkvzB35ziuSekFH64O36OAwAjLfNqrpd3oyYn_PnJ5XYNeCgQ5bp_gkAO4jIclh6DyfB_LpWkU4bfd4QZSN9gOMICTUdFu-bo3Y=w800-h500-k-no,"{""Sunday"": ""7AM-7PM"", ""Monday"": ""7AM-7PM"", ""Tuesday"": ""7AM-7PM"", ""Wednesday"": ""7AM-7PM"", ""Thursday"": ""7AM-7PM"", ""Friday"": ""7AM-7PM"", ""Saturday"": ""7AM-7PM""}",OPERATIONAL,,"https://www.google.com/maps/place/Dallas+Dog+Daycare+and+Boarding/@32.8542848,-96.87158199999999,14z/data=!4m8!1m2!2m1!1sDallas+Dog+Daycare+and+Boarding!3m4!1s0x864e9d04bdbeede7:0xd9d9abc762b4e043!8m2!3d32.8542848!4d-96.87158199999999"
Underdog Kennels,https://underdog-kennels.com/,+1 214-267-2275,"7129 Harry Hines Blvd, Dallas, TX 75235",Dallas,75235,Texas,32.8270403,-96.8564466,https://lh3.googleusercontent.com/p/AF1QipOQN94O9Mi7Bha-t29FdkWw2TgYC5jt_TE_e7wd=w800-h500-k-no,"{""Sunday"": ""3-7PM"", ""Monday"": ""7-11AM,3-7PM"", ""Tuesday"": ""7-11AM,3-7PM"", ""Wednesday"": ""7-11AM,3-7PM"", ""Thursday"": ""7-11AM,3-7PM"", ""Friday"": ""7-11AM,3-7PM"", ""Saturday"": ""8-10AM""}",OPERATIONAL,,"https://www.google.com/maps/place/Underdog+Kennels/@32.8270403,-96.8564466,14z/data=!4m8!1m2!2m1!1sUnderdog+Kennels!3m4!1s0x864e9c3f76ed3e8d:0xd29f85624f2aaa4!8m2!3d32.8270403!4d-96.8564466"
Camp Bow Wow Dallas High Five,https://www.campbowwow.com/dallas-high-five/,+1 844-976-3992,"13730 Floyd Cir, Dallas, TX 75243",Dallas,75243,Texas,32.9329962,-96.7479216,https://lh3.googleusercontent.com/p/AF1QipNcLMO45wsw8bJzPacbwGLBRNJK2zB0jZpb0UhO=w800-h500-k-no,"{""Sunday"": ""8-11AM,4-7PM"", ""Monday"": ""7AM-7PM"", ""Tuesday"": ""7AM-7PM"", ""Wednesday"": ""7AM-7PM"", ""Thursday"": ""7AM-7PM"", ""Friday"": ""7AM-7PM"", ""Saturday"": ""8AM-7PM""}",OPERATIONAL,,"https://www.google.com/maps/place/Camp+Bow+Wow+Dallas+High+Five/@32.9329962,-96.7479216,14z/data=!4m8!1m2!2m1!1sCamp+Bow+Wow+Dallas+High+Five!3m4!1s0x864c1f87a179429b:0x5872010e07b43a53!8m2!3d32.9329962!4d-96.7479216"
Parkhill Dog Park,https://www.dallasparks.org/facilities/facility/details/parkhilldogpark-834,+1 214-614-6711,"4800 Meadowcreek Dr, Dallas, TX 75248",Dallas,75248,Texas,32.971599,-96.7888442,https://lh3.googleusercontent.com/gps-cs-s/AC9h4np3DQIKWhhX3BsoHfPeAlRfhSV4EXhigt9-oo_gc1O6zUB4jAwbSZAA-lsLiUNHPcTIQ3Z1kRBHs_-106ZTPX-yoREuDiIpDdiAqujeZXXcL0JZgkgeIhugy9j9tuLqJkyQy4Rxa9SH39CO=w800-h500-k-no,"{""Sunday"": ""5AM-11PM"", ""Monday"": ""5AM-11PM"", ""Tuesday"": ""Closed"", ""Wednesday"": ""5AM-11PM"", ""Thursday"": ""5AM-11PM"", ""Friday"": ""5AM-11PM"", ""Saturday"": ""5AM-11PM""}",OPERATIONAL,,"https://www.google.com/maps/place/Parkhill+Dog+Park/@32.971599,-96.7888442,14z/data=!4m8!1m2!2m1!1sParkhill+Dog+Park!3m4!1s0x864c2149d071a3bb:0x1c69ed0a217f4a5!8m2!3d32.971599!4d-96.7888442"
The Yard Dog,https://www.theyarddog.com/?utm_source=gmb,+1 214-427-4412,"15003 Inwood Rd, Addison, TX 75001",Addison,75001,Texas,32.9517025,-96.8304027,https://lh3.googleusercontent.com/p/AF1QipMsM2vjS4mbOseQCoz-mXHIcGWK6OXrwMaowEcv=w800-h500-k-no,"{""Sunday"": ""8AM-5PM"", ""Monday"": ""7AM-7PM"", ""Tuesday"": ""7AM-7PM"", ""Wednesday"": ""7AM-7PM"", ""Thursday"": ""7AM-7PM"", ""Friday"": ""7AM-7PM"", ""Saturday"": ""8AM-5PM""}",OPERATIONAL,,"https://www.google.com/maps/place/The+Yard+Dog/@32.951702499999996,-96.8304027,14z/data=!4m8!1m2!2m1!1sThe+Yard+Dog!3m4!1s0x864c217fc31aa737:0x52a40edca3769a6!8m2!3d32.951702499999996!4d-96.8304027"
The Dog Depot at Heritage Park,https://www.gainesville.tx.us/Facilities/Facility/Details/The-Dog-Depot-at-Heritage-Park-24,+1 940-668-4530,"601 E California St, Gainesville, TX 76240",Gainesville,76240,Texas,33.6254718,-97.1401617,https://lh3.googleusercontent.com/gps-cs-s/AC9h4npwKZQuZE85ko2emE_uk_3F4KoldtTQPD3oJFCxza5U5krBS5DkMLTsqHD2B3GbiFpOfmXcPrGxbKCtZbg5OPFfYnY3esfIfHnmQJC98g6aRynjB2VorfNponl7-IjBmd4Xp36Fj2yYOX0X=w800-h500-k-no,"{""Sunday"": ""7AM-9PM"", ""Monday"": ""7AM-9PM"", ""Tuesday"": ""7AM-9PM"", ""Wednesday"": ""7AM-9PM"", ""Thursday"": ""7AM-9PM"", ""Friday"": ""7AM-9PM"", ""Saturday"": ""7AM-9PM""}",OPERATIONAL,,"https://www.google.com/maps/place/The+Dog+Depot+at+Heritage+Park/@33.6254718,-97.1401617,14z/data=!4m8!1m2!2m1!1sThe+Dog+Depot+at+Heritage+Park!3m4!1s0x864d00f9f2cbe043:0x923a0f2ed0f60499!8m2!3d33.6254718!4d-97.1401617"
Harvest Bark Park - Big Dogs,,,"1750 Old Justin Rd, Argyle, TX 76226",Argyle,76226,Texas,33.1212883,-97.2303909,https://lh3.googleusercontent.com/gps-cs-s/AC9h4nrO8TRDtl2P4Z6JfGpeI7SWoMV4qaDql3G4KZiap1s0ht0ejgfzsTq5ciHElNB5UcyW-mEZVuc-EfMtDENAHMigRw_k3Q7-oP7PupBj8svlTYSyaExEcFWPIoMQZddFr0ki5iIciw=w800-h500-k-no,,OPERATIONAL,,"https://www.google.com/maps/place/Harvest+Bark+Park+-+Big+Dogs/@33.121288299999996,-97.23039089999999,14z/data=!4m8!1m2!2m1!1sHarvest+Bark+Park+-+Big+Dogs!3m4!1s0x864dcf536cc929b7:0x143e815d3f1fe70!8m2!3d33.121288299999996!4d-97.23039089999999"
North Lakes Dog Park,https://www.cityofdenton.com/facilities/facility/details/North-Lakes-Dog-Park-1,+1 940-349-7275,"808 W Windsor Dr, Denton, TX 76207",Denton,76207,Texas,33.2447442,-97.1463838,https://lh3.googleusercontent.com/gps-cs-s/AC9h4nrlaUnpVI43M6gMFdhojJ05wEmHD1-zMNC007cLupQGNDCdXHYz-f5lFwHBFB7lbjJADP_OP7mFiqMOovr3zPFa93zAXr33kmToc7ZZ_B9Vse9mki_IyT-gkvuKsRFl40wJSXrT=w800-h500-k-no,"{""Sunday"": ""7AM-10PM"", ""Monday"": ""7AM-10PM"", ""Tuesday"": ""7AM-10PM"", ""Wednesday"": ""7AM-10PM"", ""Thursday"": ""7AM-10PM"", ""Friday"": ""7AM-10PM"", ""Saturday"": ""7AM-10PM""}",OPERATIONAL,"Dog park in north Denton with three large runs and one for special events. The park faces Elm St., however parking is off of Windsor Dr.","https://www.google.com/maps/place/North+Lakes+Dog+Park/@33.2447442,-97.1463838,14z/data=!4m8!1m2!2m1!1sNorth+Lakes+Dog+Park!3m4!1s0x864db5d8eb603001:0x4b1526f88648b1e0!8m2!3d33.2447442!4d-97.1463838"
The Point Sportsplex,https://www.thepointsportsplex.com/,+1 940-202-9182,"1145 Jc Ln Building #3, Pilot Point, TX 76258",Pilot Point,76258,Texas,33.4170907,-96.9341829,https://lh3.googleusercontent.com/p/AF1QipPFX1ySnbVpmWkb85w3-QVjVn2yK41wGcBn8q9K=w800-h500-k-no,,OPERATIONAL,"As a multi-purpose sports facility located in the heart of Pilot Point, TX, we're committed to providing a hub for our community to play, compete, train, and gather. We offer basketball, volleyball, and pickleball.","https://www.google.com/maps/place/The+Point+Sportsplex/@33.417090699999996,-96.9341829,14z/data=!4m8!1m2!2m1!1sThe+Point+Sportsplex!3m4!1s0x864c4f06bafbd5c9:0x69ef1002f7e98d9c!8m2!3d33.417090699999996!4d-96.9341829"
Net's Happy Pets,http://www.netshappypets.com/,+1 214-450-6596,"3904 Chase Rd, Ponder, TX 76259",Ponder,76259,Texas,33.1606056,-97.2555277,https://lh3.googleusercontent.com/p/AF1QipM-9m7bLh696MafVv6qzpy8TTDoGbdscksVZQSe=w800-h500-k-no,"{""Sunday"": ""Closed"", ""Monday"": ""8AM-7PM"", ""Tuesday"": ""8AM-7PM"", ""Wednesday"": ""8AM-7PM"", ""Thursday"": ""8AM-7PM"", ""Friday"": ""8AM-7PM"", ""Saturday"": ""8AM-7PM""}",OPERATIONAL,,"https://www.google.com/maps/place/Net%27s+Happy+Pets/@33.1606056,-97.2555277,14z/data=!4m8!1m2!2m1!1sNet%27s+Happy+Pets!3m4!1s0x864dc8981226ad1f:0xc89b78aba754fad3!8m2!3d33.1606056!4d-97.2555277"
Canyon Falls Dog Park,https://www.canyonfallstx.com/blog/posts-by-date/2018/january/pooch-park-hay-barn-now-open-in-canyon-falls/,,"555 Westbridge Dr, Northlake, TX 76262",Northlake,76262,Texas,33.0671169,-97.2201947,https://lh3.googleusercontent.com/gps-cs-s/AC9h4nq-PBx_gAaH66wNjWfyaFebVpFb3LSXn1Ro9kEPE38kpOY6hk8q-AOx-TECsveHudEtDVNf7o2gPUrdHrJvZda2e6qAzVwPp1fCcbaGTIJ22dn_3WLnLLXNnX1RL44bTV1t9tL5sw=w800-h500-k-no,"{""Sunday"": ""Open 24 hours"", ""Monday"": ""Open 24 hours"", ""Tuesday"": ""Open 24 hours"", ""Wednesday"": ""Open 24 hours"", ""Thursday"": ""Open 24 hours"", ""Friday"": ""Open 24 hours"", ""Saturday"": ""Open 24 hours""}",OPERATIONAL,,"https://www.google.com/maps/place/Canyon+Falls+Dog+Park/@33.0671169,-97.2201947,14z/data=!4m8!1m2!2m1!1sCanyon+Falls+Dog+Park!3m4!1s0x864dce349bad5f63:0xe55c5eb909001587!8m2!3d33.0671169!4d-97.2201947"
Wiggly Field Dog Park,https://www.cityofdenton.com/facilities/facility/details/Wiggly-Field-Dog-Park-2,+1 940-349-7275,"1760 E Ryan Rd, Denton, TX 76210",Denton,76210,Texas,33.1560199,-97.1162361,https://lh3.googleusercontent.com/gps-cs-s/AC9h4nr-wcQR2oCRghxMUjYeFDIsfNGngMCmLxDZQXJ576Ho72qNF4gm-iVnUfE_FoAdflNFV7P4CkIPrqtYNbiJsgh47-2LTKmFi7eaagmEdnTdT9ujyE-q41srW6mqKng__41xIzoD=w800-h500-k-no,"{""Sunday"": ""6AM-7:45PM"", ""Monday"": ""6AM-7:45PM"", ""Tuesday"": ""6AM-7:45PM"", ""Wednesday"": ""3-8PM"", ""Thursday"": ""6AM-7:45PM"", ""Friday"": ""6AM-7:45PM"", ""Saturday"": ""6AM-7:45PM""}",OPERATIONAL,,"https://www.google.com/maps/place/Wiggly+Field+Dog+Park/@33.1560199,-97.1162361,14z/data=!4m8!1m2!2m1!1sWiggly+Field+Dog+Park!3m4!1s0x864dcb67b5be04ff:0x102a68b43aa571b!8m2!3d33.1560199!4d-97.1162361"
Freedom Dog Park,https://trophyclub.org/471/Freedom-Dog-Park,+1 682-831-4603,"2675 Trophy Park Dr, Roanoke, TX 76262",Roanoke,76262,Texas,33.0161891,-97.1823061,https://lh3.googleusercontent.com/gps-cs-s/AC9h4npYSCkFo_dkv-c2L2wW1pWr6IkQHiml0oUiuGzXdfJBCqRc-LeONY0L0Mz989110BTH5VxTUu2jUk3Uox9WTY07RK_gr441R2ld9S_klnJBhgvZLPTS1GokiVgwmaExj6qPlDZU=w800-h500-k-no,"{""Sunday"": ""6AM-8PM"", ""Monday"": ""6AM-8PM"", ""Tuesday"": ""6AM-8PM"", ""Wednesday"": ""6AM-8PM"", ""Thursday"": ""Closed"", ""Friday"": ""6AM-8PM"", ""Saturday"": ""6AM-8PM""}",OPERATIONAL,,"https://www.google.com/maps/place/Freedom+Dog+Park/@33.0161891,-97.18230609999999,14z/data=!4m8!1m2!2m1!1sFreedom+Dog+Park!3m4!1s0x864dd1865367b0c1:0xcac47d2c5a21471b!8m2!3d33.0161891!4d-97.18230609999999"
Dogtopia of Roanoke,https://www.dogtopia.com/roanoke/,+1 817-837-9915,"216 TX-114, Roanoke, TX 76262",Roanoke,76262,Texas,33.00833,-97.2212336,https://lh3.googleusercontent.com/gps-cs-s/AC9h4nrW84ggTIMOLfxvpiSldPc4_B_AP0oJGYDqs_D8AmgKq0bezgzFuwBFW-Xu0VGfuL71U9PCtBgIHRWvSCvu89pTXl_isoFfc4IHnPyOzDWce9h-CLatXcPJPSMH1ElLa0ZhjhNsxQ=w800-h500-k-no,"{""Sunday"": ""2-4PM"", ""Monday"": ""7AM-7PM"", ""Tuesday"": ""7AM-7PM"", ""Wednesday"": ""7AM-7PM"", ""Thursday"": ""7AM-7PM"", ""Friday"": ""7AM-7PM"", ""Saturday"": ""9AM-5PM""}",OPERATIONAL,,"https://www.google.com/maps/place/Dogtopia+of+Roanoke/@33.00833,-97.22123359999999,14z/data=!4m8!1m2!2m1!1sDogtopia+of+Roanoke!3m4!1s0x864dd14f3e524d67:0xd617bca96afe7c5a!8m2!3d33.00833!4d-97.22123359999999"
Tilley's Playground,http://tilleysplayground.com/,+1 940-233-3693,"213 Wade Rd, Sunset, TX 76270",Sunset,76270,Texas,33.4580034,-97.7718337,https://lh3.googleusercontent.com/p/AF1QipNFWoQ9Zl-BzBaNASIvQZMG3hMFtXCFIHINIuT-=w800-h500-k-no,"{""Sunday"": ""Closed"", ""Monday"": ""8AM-5PM"", ""Tuesday"": ""8AM-5PM"", ""Wednesday"": ""8AM-5PM"", ""Thursday"": ""8AM-5PM"", ""Friday"": ""8AM-5PM"", ""Saturday"": ""Closed""}",OPERATIONAL,,"https://www.google.com/maps/place/Tilley%27s+Playground/@33.458003399999996,-97.7718337,14z/data=!4m8!1m2!2m1!1sTilley%27s+Playground!3m4!1s0x864d81503ddea10d:0xa574f4933728d502!8m2!3d33.458003399999996!4d-97.7718337"
Dog Park at Love's Travel Stops,https://www.loves.com/dogparks,+1 940-766-6098,"1124 Central E Fwy, Wichita Falls, TX 76301",Wichita Falls,76301,Texas,33.8871524,-98.4688007,,"{""Sunday"": ""Open 24 hours"", ""Monday"": ""Open 24 hours"", ""Tuesday"": ""Open 24 hours"", ""Wednesday"": ""Open 24 hours"", ""Thursday"": ""Open 24 hours"", ""Friday"": ""Open 24 hours"", ""Saturday"": ""Open 24 hours""}",OPERATIONAL,,"https://www.google.com/maps/place/Dog+Park+at+Love%27s+Travel+Stops/@33.8871524,-98.46880069999999,14z/data=!4m8!1m2!2m1!1sDog+Park+at+Love%27s+Travel+Stops!3m4!1s0x8652dfa7973ccf8d:0xad67b5b8e7fcb9db!8m2!3d33.8871524!4d-98.46880069999999"
Wichita Falls Dog Park,http://www.wichitafallstx.gov/index.aspx?NID=1431,,"5205 Fairway Blvd, Wichita Falls, TX 76310",Wichita Falls,76310,Texas,33.8496334,-98.5602577,https://lh3.googleusercontent.com/gps-cs-s/AC9h4nqVzaOPe4-swsG22gkRXF7Tp-xgBQ9rj0DSOCwYNmxXFxK1WbdJvGOKo1BscHEiYNGRuysEfzwi4rgiwAshNMjQcdPEsZ2GfW4BVVZmFM1u7d86kfP5Ao70ncTov_ujy25KMN-t=w800-h500-k-no,"{""Sunday"": ""8AM-9PM"", ""Monday"": ""8AM-9PM"", ""Tuesday"": ""8AM-9PM"", ""Wednesday"": ""8AM-9PM"", ""Thursday"": ""8AM-9PM"", ""Friday"": ""8AM-9PM"", ""Saturday"": ""8AM-9PM""}",OPERATIONAL,,"https://www.google.com/maps/place/Wichita+Falls+Dog+Park/@33.8496334,-98.5602577,14z/data=!4m8!1m2!2m1!1sWichita+Falls+Dog+Park!3m4!1s0x86531f4f7d3a01e7:0x8bf3d38719d4cd92!8m2!3d33.8496334!4d-98.5602577"
Kiwanis Park,http://kiwanis-dog-park-wichita-falls.poi.place/,,"4649 Stanford Ave, Wichita Falls, TX 76308",Wichita Falls,76308,Texas,33.8611319,-98.5556719,https://lh3.googleusercontent.com/gps-cs-s/AC9h4nrH2kj8ll_dsm3PltOm0PU5o4Gzsz4JAUGlVTxDz_Io5O8PNRe5vEELBWo4VzURPVlYF3kh3w1k2js1adbeDrSxE0ONi8CUQHab0-Cz4o0sAYwdDSKSm3-EM348OMReTjJUIFbvgA=w800-h500-k-no,"{""Sunday"": ""8AM-10PM"", ""Monday"": ""8AM-10PM"", ""Tuesday"": ""8AM-10PM"", ""Wednesday"": ""8AM-10PM"", ""Thursday"": ""8AM-10PM"", ""Friday"": ""8AM-10PM"", ""Saturday"": ""8AM-10PM""}",OPERATIONAL,,"https://www.google.com/maps/place/Kiwanis+Park/@33.8611319,-98.5556719,14z/data=!4m8!1m2!2m1!1sKiwanis+Park!3m4!1s0x865321e401eeb4b5:0xd00e63ce577baabb!8m2!3d33.8611319!4d-98.5556719"
Denise's Puppy Luvin' Resort,http://www.facebook.com/DenisesPLR,+1 940-613-5268,"5201 Ditto Ln, Wichita Falls, TX 76302",Wichita Falls,76302,Texas,33.8479415,-98.4915847,https://lh3.googleusercontent.com/gps-cs-s/AC9h4nqDSSp-Va5bBKzfyUKno2CQM-b1rWBao-InUlaC463DDxqW3W1XqzkLQig-BAoHUQdoyJgDk_77r2XexfVpMLsiKtZaSmEg7bKvAQrjqq989ms29vd7JXjKs1E51skz1LBhO2xO=w800-h500-k-no,"{""Sunday"": ""8AM-6PM"", ""Monday"": ""8AM-6PM"", ""Tuesday"": ""8AM-6PM"", ""Wednesday"": ""8AM-6PM"", ""Thursday"": ""8AM-6PM"", ""Friday"": ""8AM-6PM"", ""Saturday"": ""8AM-6PM""}",OPERATIONAL,,"https://www.google.com/maps/place/Denise%27s+Puppy+Luvin%27+Resort/@33.8479415,-98.49158469999999,14z/data=!4m8!1m2!2m1!1sDenise%27s+Puppy+Luvin%27+Resort!3m4!1s0x86531faddc73df89:0x80ca443e5521383e!8m2!3d33.8479415!4d-98.49158469999999"
DJ2 Private Dog Park,https://www.sniffspot.com/listings/lubbock-tx/dj2-1-acre-fully-fenced-private-dog-park-in-lubbock-147865,+1 409-781-9525,"4623 E County Rd 6000, Lubbock, TX 79403",Lubbock,79403,Texas,33.6802074,-101.772828,https://lh3.googleusercontent.com/p/AF1QipPDezyxpe-Grgv48JJrboPFvogPvALR_IIlGPX2=w800-h500-k-no,"{""Sunday"": ""6AM-11PM"", ""Monday"": ""6AM-11PM"", ""Tuesday"": ""6-11AM"", ""Wednesday"": ""6AM-11PM"", ""Thursday"": ""6AM-11PM"", ""Friday"": ""6AM-11PM"", ""Saturday"": ""6AM-11PM""}",OPERATIONAL,"A fully fenced 1 acre Fun and Fabulous Place where your awesome four legged family member/s and yourself can enjoy peace, tranquility and excitement with an agility course, man-made tunnels, digging area, and a authentic 1958 Fire Hydrant.","https://www.google.com/maps/place/DJ2+Private+Dog+Park/@33.6802074,-101.77282799999999,14z/data=!4m8!1m2!2m1!1sDJ2+Private+Dog+Park!3m4!1s0x86fe17d2f1479509:0xa6c05f65ba53de2a!8m2!3d33.6802074!4d-101.77282799999999"
Shallowater Dog Park,,,"301 Avenue Q, Shallowater, TX 79363",Shallowater,79363,Texas,33.6816,-101.9847674,https://streetviewpixels-pa.googleapis.com/v1/thumbnail?panoid=PWSVI0GRePIMnDlIilpHZQ&cb_client=search.gws-prod.gps&w=800&h=500&yaw=269.343&pitch=0&thumbfov=100,,OPERATIONAL,,"https://www.google.com/maps/place/Shallowater+Dog+Park/@33.681599999999996,-101.9847674,14z/data=!4m8!1m2!2m1!1sShallowater+Dog+Park!3m4!1s0x86fe09073c10c98f:0xc05d59dfbec800d9!8m2!3d33.681599999999996!4d-101.9847674"
McAlister Dog Park,https://ci.lubbock.tx.us/departments/parks-recreation/parks/dog-parks,+1 806-775-2687,"Milwaukee, Lubbock, TX 79401",Lubbock,79401,Texas,33.5487036,-101.9462914,https://lh3.googleusercontent.com/gps-cs-s/AC9h4npDQL_Io0nCl8YmmA-I5x0M61vZwrHbv7HACF_cJdo55mDpXBbfUzrCWgrIfZpxNRLid8ytqRAA_MgdWl7NlqPgh4fX4dt3i-yPWWslxBkW4jtKPDgo42vggkSuQZIPMI0XM7Aw=w800-h500-k-no,,OPERATIONAL,,"https://www.google.com/maps/place/McAlister+Dog+Park/@33.548703599999996,-101.94629139999999,14z/data=!4m8!1m2!2m1!1sMcAlister+Dog+Park!3m4!1s0x86fe737e8ffb87ed:0xb2500a8d6a8b9039!8m2!3d33.548703599999996!4d-101.94629139999999"
Preston Manor Private Dog Park,,,"711 N 7th St, Wolfforth, TX 79382",Wolfforth,79382,Texas,33.5288633,-102.0002514,https://lh3.googleusercontent.com/gps-cs-s/AC9h4noOM1u4y7xZ-rCrjH3x9KKslwKFUlmqFfFMyqLXxD7C1xvwC_lgtgzbF-lMmnDGJzv85zQ6FAg2mB5loq0XkC1vWGZyhJmxyAu0A61X_cwbv0L4U2z4SzkNYqlkiwu1WecXiit16Q=w800-h500-k-no,,OPERATIONAL,,"https://www.google.com/maps/place/Preston+Manor+Private+Dog+Park/@33.5288633,-102.0002514,14z/data=!4m8!1m2!2m1!1sPreston+Manor+Private+Dog+Park!3m4!1s0x86fe756eaa615a39:0x6258433367ad827f!8m2!3d33.5288633!4d-102.0002514"
Private Dog Park Lubbock,,,"Oakridge Ave, Lubbock, TX 79407",Lubbock,79407,Texas,33.5669392,-101.9614962,https://lh3.googleusercontent.com/gps-cs-s/AC9h4nr2SUdd8pSCzc8fushDWbOcRMz751llN3FGxbTTPMkLQpmtKnv9pN5G1xTTrizQxKQr68n92KtlJoIVgLXns5Kr0nDiekK949WyO05b_-94YRWYgfawsnyoM0FWq1qbh-FzpGw=w800-h500-k-no,"{""Sunday"": ""7AM-10PM"", ""Monday"": ""7AM-10PM"", ""Tuesday"": ""7AM-10PM"", ""Wednesday"": ""7AM-10PM"", ""Thursday"": ""7AM-10PM"", ""Friday"": ""7AM-10PM"", ""Saturday"": ""7AM-10PM""}",OPERATIONAL,,"https://www.google.com/maps/place/Private+Dog+Park+Lubbock/@33.5669392,-101.9614962,14z/data=!4m8!1m2!2m1!1sPrivate+Dog+Park+Lubbock!3m4!1s0x86fe734bc6d8e317:0x37fc3a6d346d9914!8m2!3d33.5669392!4d-101.9614962"
MacKenzie Canyon Run Dog Park,,,"Cesar East Chavez Dr, Lubbock, TX 79401",Lubbock,79401,Texas,33.5931282,-101.8370022,https://lh3.googleusercontent.com/gps-cs-s/AC9h4noT1eHzqCxQY4wtaqt3FKEYHlwFc0CNPCktyG-7Xws2NHfxlCN6rRVFbCNA_Gcs3hGimLk62Uex0Iin7X3oiqfndG4pEPMSTD6N8uozRYlQooXZREChIxp9lcsGAQVnMdpLY_0v=w800-h500-k-no,"{""Sunday"": ""6AM-10PM"", ""Monday"": ""12-10PM"", ""Tuesday"": ""6AM-10PM"", ""Wednesday"": ""6AM-10PM"", ""Thursday"": ""6AM-10PM"", ""Friday"": ""6AM-10PM"", ""Saturday"": ""6AM-10PM""}",OPERATIONAL,,"https://www.google.com/maps/place/MacKenzie+Canyon+Run+Dog+Park/@33.593128199999995,-101.8370022,14z/data=!4m8!1m2!2m1!1sMacKenzie+Canyon+Run+Dog+Park!3m4!1s0x86fe132f47a56ddf:0x302c868bb2fed3bd!8m2!3d33.593128199999995!4d-101.8370022"
Prairie Dog Town,https://ci.lubbock.tx.us/departments/parks-recreation/parks/prairie-dog-town,+1 806-775-2673,"MacKenzie Park Rd, Lubbock, TX 79401",Lubbock,79401,Texas,33.5987766,-101.8331522,https://lh3.googleusercontent.com/gps-cs-s/AC9h4nqnZvupNQJnKhR9Y0SjzXZkjhjkA1ySXd2bLPjLg1W-bePK-EZRQlp4JLyML5ZPWRQ-70f9e1MOu1dtjY4C5w0rZmpbzeSiR2lDKNrbBKhLVkt5gIqEnEn771D6ab7WC5krdRMdJg=w800-h500-k-no,"{""Sunday"": ""5AM-12AM"", ""Monday"": ""5AM-12AM"", ""Tuesday"": ""5AM-12AM"", ""Wednesday"": ""5AM-12AM"", ""Thursday"": ""5AM-12AM"", ""Friday"": ""5AM-12AM"", ""Saturday"": ""5AM-12AM""}",OPERATIONAL,Attraction at Mackenzie Park featuring prairie dogs & interpretive signage since 1935.,"https://www.google.com/maps/place/Prairie+Dog+Town/@33.5987766,-101.8331522,14z/data=!4m8!1m2!2m1!1sPrairie+Dog+Town!3m4!1s0x86fe13259977f1d3:0x2bc4d131b4af2aab!8m2!3d33.5987766!4d-101.8331522"
Lubbock Indoor Pickleball,https://www.liplbk.com/,+1 806-589-0488,"1001 S Loop 289 #110, Lubbock, TX 79423",Lubbock,79423,Texas,33.5277371,-101.8467609,https://lh3.googleusercontent.com/p/AF1QipMCMKLiDGfLwImlr6_wBfDsBxGZfAM24P0IJhWi=w800-h500-k-no,"{""Sunday"": ""10AM-10PM"", ""Monday"": ""8AM-10PM"", ""Tuesday"": ""8AM-10PM"", ""Wednesday"": ""8AM-10PM"", ""Thursday"": ""8AM-10PM"", ""Friday"": ""8AM-12AM"", ""Saturday"": ""8AM-12AM""}",OPERATIONAL,,"https://www.google.com/maps/place/Lubbock+Indoor+Pickleball/@33.527737099999996,-101.84676089999999,14z/data=!4m8!1m2!2m1!1sLubbock+Indoor+Pickleball!3m4!1s0x86fe6dfd844250bf:0x470254f53c3a7095!8m2!3d33.527737099999996!4d-101.84676089999999"
Dog Park at Love's Travel Stops,https://www.loves.com/dogparks,+1 254-647-3700,"6950 I-20, Ranger, TX 76470",Ranger,76470,Texas,32.4420625,-98.6951607,https://lh3.googleusercontent.com/gps-cs-s/AC9h4nqpEyciazkK9azEuhwzoG_G3Q_HeM72Ic8jW3HweetfOa9HXedZjOtoHmiV0CpDvWAu9q1TnBLxxIUZ79bf7JxL6qVm2XwmzPT44rTAnoOX_VVwnhyxUsflYfUN2fCr3cAyN6iM=w800-h500-k-no,"{""Sunday"": ""Open 24 hours"", ""Monday"": ""Open 24 hours"", ""Tuesday"": ""Open 24 hours"", ""Wednesday"": ""Open 24 hours"", ""Thursday"": ""Open 24 hours"", ""Friday"": ""Open 24 hours"", ""Saturday"": ""Open 24 hours""}",OPERATIONAL,,"https://www.google.com/maps/place/Dog+Park+at+Love%27s+Travel+Stops/@32.4420625,-98.6951607,14z/data=!4m8!1m2!2m1!1sDog+Park+at+Love%27s+Travel+Stops!3m4!1s0x86516d855ed700ed:0xa9f77d18dd070cb3!8m2!3d32.4420625!4d-98.6951607"
Graham Dog Park,,,"200 TX-67, Graham, TX 76450",Graham,76450,Texas,33.1110576,-98.5959073,https://lh3.googleusercontent.com/gps-cs-s/AC9h4nplBwIk2a7-IxNSy3PvCac4GGhjgeoASyIv44TdwCGaSV7niQxCDCQG4SP9u8QAS3KpnqLylvAtgCIlZMy6I94jgz_xQR5gLmYwqx-4_QCBcz63OfWkpW2uu8oixg_2qo_piSjv=w800-h500-k-no,,OPERATIONAL,,"https://www.google.com/maps/place/Graham+Dog+Park/@33.111057599999995,-98.5959073,14z/data=!4m8!1m2!2m1!1sGraham+Dog+Park!3m4!1s0x8653c9007105030b:0xa6302ed3bdecfd61!8m2!3d33.111057599999995!4d-98.5959073"
Lions Park Dog Park,,,"Lions Park Dr, Temple, TX 76502",Temple,76502,Texas,31.0622676,-97.404297,https://lh3.googleusercontent.com/gps-cs-s/AC9h4nqDPCPErI2-_AZu-ilcN2Ks1JCgJVGW3lwbtd0yKpDwp53eTI2R-_JWuczX6yzF0aheDiz1GyB3bX72FITFiNhKdMczQGElqhJD_TlvY3e4m9N3pZAyPwDlYw91dwwPAVbLl7g=w800-h500-k-no,"{""Sunday"": ""9AM-1:30PM"", ""Monday"": ""5AM-8PM"", ""Tuesday"": ""5AM-8PM"", ""Wednesday"": ""5AM-8PM"", ""Thursday"": ""5AM-8PM"", ""Friday"": ""5AM-8PM"", ""Saturday"": ""7AM-4:30PM""}",OPERATIONAL,,"https://www.google.com/maps/place/Lions+Park+Dog+Park/@31.0622676,-97.404297,14z/data=!4m8!1m2!2m1!1sLions+Park+Dog+Park!3m4!1s0x86456ada98120305:0x8cf3d17c2cdb4e2!8m2!3d31.0622676!4d-97.404297"
Heritage Park Dog Park,,,"100 Park Ave, Belton, TX 76513",Belton,76513,Texas,31.0703088,-97.4426797,https://lh3.googleusercontent.com/gps-cs-s/AC9h4npb7PxN5CzC6BkwjnY1L2JUwJwvKshsUSW8ffUz9yzdAIJ3cYqQoja4ewpPsS-EWxUSe6y_AZcmc9bRNSstDz4YqEa9WD3159FQjeSkjOs4DwVXtG68zJOzT9sntjp8anIOXJI-LA=w800-h500-k-no,,OPERATIONAL,,"https://www.google.com/maps/place/Heritage+Park+Dog+Park/@31.0703088,-97.4426797,14z/data=!4m8!1m2!2m1!1sHeritage+Park+Dog+Park!3m4!1s0x86454182934d6cd7:0xd969f278593e7a44!8m2!3d31.0703088!4d-97.4426797"
Red Barn Dog Ranch,http://redbarndogranch.com/,+1 512-591-4229,"7650 FM1105, Jarrell, TX 76537",Jarrell,76537,Texas,30.7618107,-97.5981455,https://lh3.googleusercontent.com/p/AF1QipOHwfIShBikZwh_nYaCn_HUbs-pySlqEcDzzicP=w800-h500-k-no,"{""Sunday"": ""4-6PM"", ""Monday"": ""7AM-6PM"", ""Tuesday"": ""7AM-6PM"", ""Wednesday"": ""7AM-6PM"", ""Thursday"": ""7AM-6PM"", ""Friday"": ""7AM-6PM"", ""Saturday"": ""7AM-6PM""}",OPERATIONAL,"Red Barn Dog Ranch is a family and veteran-owned all-breed dog boarding and day care serving Jarrell, Georgetown, Killeen, Round Round Rock and surrounding areas. Follow Red Barn Dog Ranch at Instagram red_barn_dog_ranch","https://www.google.com/maps/place/Red+Barn+Dog+Ranch/@30.761810699999998,-97.5981455,14z/data=!4m8!1m2!2m1!1sRed+Barn+Dog+Ranch!3m4!1s0x864527bac23e30db:0xe6931e93afaa16c2!8m2!3d30.761810699999998!4d-97.5981455"
Bed and Biscuit Dog Boarding,https://www.bedandbiscuitdogboarding.com/?utm_source=google,+1 254-499-8170,"730 Co Rd 222, Kempner, TX 76539",Kempner,76539,Texas,31.0110688,-97.9227722,https://lh3.googleusercontent.com/gps-cs-s/AC9h4nrjhCqLUewQ6_gVKU_sbTRKqQD6ne7XBeyQvcFL_rN2xpoLL0kBi0LhKEtt8nb34x2SsQzkh4qHtfwt54ENoedP3LANhGEfV9jYfbk0I10HPO0xLKhprrB6f5y91MnggXzGz2We-w=w800-h500-k-no,"{""Sunday"": ""1-5PM"", ""Monday"": ""7:30AM-8PM"", ""Tuesday"": ""7:30AM-8PM"", ""Wednesday"": ""7:30AM-8PM"", ""Thursday"": ""7:30AM-8PM"", ""Friday"": ""7:30AM-8PM"", ""Saturday"": ""7:30AM-5PM""}",OPERATIONAL,,"https://www.google.com/maps/place/Bed+and+Biscuit+Dog+Boarding/@31.0110688,-97.9227722,14z/data=!4m8!1m2!2m1!1sBed+and+Biscuit+Dog+Boarding!3m4!1s0x865ac9cbbdfc2f81:0x5259b9d723c3e690!8m2!3d31.0110688!4d-97.9227722"
Raising Cane's dog park,https://www.copperascovetx.gov/parks/,,"1206 W Avenue B, Copperas Cove, TX 76522",Copperas Cove,76522,Texas,31.1348802,-97.9147237,https://lh3.googleusercontent.com/gps-cs-s/AC9h4nqhhfa1ydA4Q76XWaCHgH-fthdLSZpQamdCWTskCbJfJfMmvx2t1NSoMBbwWNgHuZsHorzWIeXUuXFh5L0K-QkQM5S605oge1sMsYBkKqiG1SKIQOtXhNENULrL5g6clFYgDTbq=w800-h500-k-no,,OPERATIONAL,,"https://www.google.com/maps/place/Raising+Cane%27s+dog+park/@31.134880199999998,-97.9147237,14z/data=!4m8!1m2!2m1!1sRaising+Cane%27s+dog+park!3m4!1s0x865ab1c1ec14fbe5:0x2cac7f6796f9b60!8m2!3d31.134880199999998!4d-97.9147237"
Fort Hood Dog Park,,,"Fort Cavazos, TX 76544",Fort Cavazos,76544,Texas,31.1466169,-97.8064268,https://lh3.googleusercontent.com/gps-cs-s/AC9h4nqyxrepl_HBVDc7ju1Dyh1r0MpHAmk4Rz4yY8lWlIKtyqGCyLM2SyGRuIX0fAitaZZitQtj5d7T--OJQ-YSHGUbpu11OHvpi_BfgLc3dIP6CLcImycE2-7Y2izdQfL5yevkFqDU=w800-h500-k-no,"{""Sunday"": ""Open 24 hours"", ""Monday"": ""Open 24 hours"", ""Tuesday"": ""Open 24 hours"", ""Wednesday"": ""Open 24 hours"", ""Thursday"": ""Open 24 hours"", ""Friday"": ""Open 24 hours"", ""Saturday"": ""Open 24 hours""}",OPERATIONAL,,"https://www.google.com/maps/place/Fort+Hood+Dog+Park/@31.146616899999998,-97.8064268,14z/data=!4m8!1m2!2m1!1sFort+Hood+Dog+Park!3m4!1s0x865ab33dfbb24e8d:0x5fea3810d90948f3!8m2!3d31.146616899999998!4d-97.8064268"
Purser Family Park,http://www.ci.harker-heights.tx.us/index.php/parks-a-facilities/purser-family-park,+1 254-953-5657,"100 Mountain Lion Rd, Harker Heights, TX 76548",Harker Heights,76548,Texas,31.0601171,-97.6764602,https://lh3.googleusercontent.com/gps-cs-s/AC9h4noXSGIFY-PTOAFXv5yCnPPpTRmyB-bSdaUROBToSNj_9u2D_7qan1m3TdSaW7LUG4bGv4Ut4KjH0NViXdYa2NMLIxuPUzFlONEEr56PWU8H-Dn96PeIPyqjSDk8MbNv6qwBM-LJ=w800-h500-k-no,"{""Sunday"": ""5AM-11PM"", ""Monday"": ""5AM-11PM"", ""Tuesday"": ""5AM-11PM"", ""Wednesday"": ""5AM-11PM"", ""Thursday"": ""5AM-11PM"", ""Friday"": ""5AM-11PM"", ""Saturday"": ""5AM-11PM""}",OPERATIONAL,"Recreation spot offering picnic shelters, a walking/jogging trail, kids' playground & dog park.","https://www.google.com/maps/place/Purser+Family+Park/@31.0601171,-97.6764602,14z/data=!4m8!1m2!2m1!1sPurser+Family+Park!3m4!1s0x8645499566105591:0x68a6fe2bf58a8078!8m2!3d31.0601171!4d-97.6764602"
Animal House Hotel,https://www.animalhousehotel.com/,+1 254-291-5510,"7488 US-190, Lampasas, TX 76550",Lampasas,76550,Texas,31.0556827,-98.0660281,https://lh3.googleusercontent.com/p/AF1QipNjG2S4fNlMkqizmFoH4LiaM2kd6ryRf2z09AJb=w800-h500-k-no,"{""Sunday"": ""8AM-5PM"", ""Monday"": ""7AM-7PM"", ""Tuesday"": ""7AM-7PM"", ""Wednesday"": ""7AM-5PM"", ""Thursday"": ""7AM-7PM"", ""Friday"": ""7AM-7PM"", ""Saturday"": ""8AM-5PM""}",OPERATIONAL,"Family owned Luxury Dog & Cat Boarding and Daycare facilities located on our beautiful 10 acre farm. We are conveniently located on Hwy 190 between Kempner and Lampasas. Our goal is to make sure every pet in our care is happy, healthy, and loved . Guest have large climate controlled private suites with access to their own private yards with covered patios.","https://www.google.com/maps/place/Animal+House+Hotel/@31.0556827,-98.0660281,14z/data=!4m8!1m2!2m1!1sAnimal+House+Hotel!3m4!1s0x865abff748b66c7f:0x2ca06422639d9e31!8m2!3d31.0556827!4d-98.0660281"
Garden of Eden Pet Resort,http://gardenofedenpetresort.com/,+1 254-760-2514,"239 Esta Ln, Moody, TX 76557",Moody,76557,Texas,31.317127,-97.301275,https://lh3.googleusercontent.com/p/AF1QipPWSJ3fDXzlUYkLhFjehF-vcmzDAO_B0xZ1jX_e=w800-h500-k-no,"{""Sunday"": ""8AM-12PM"", ""Monday"": ""8AM-12PM"", ""Tuesday"": ""8AM-12PM"", ""Wednesday"": ""8AM-12PM"", ""Thursday"": ""8AM-12PM"", ""Friday"": ""8AM-12PM"", ""Saturday"": ""8AM-12PM""}",OPERATIONAL,"Boarding & Grooming in- Moody Texas.
Climate controlled cabins, large enough for you to enter with your dog, and personal yards.
We have someone on site at all times.","https://www.google.com/maps/place/Garden+of+Eden+Pet+Resort/@31.317127,-97.30127499999999,14z/data=!4m8!1m2!2m1!1sGarden+of+Eden+Pet+Resort!3m4!1s0x8645648f6ee86b9b:0x4afa99907d071af5!8m2!3d31.317127!4d-97.30127499999999"
"OYO Hotel - Segovia Lodge, Junction TX",https://www.oyorooms.com/us/263210/?utm_source=GMB,+1 325-261-9342,"311 S Segovia Access Rd, Junction, TX 76849",Junction,76849,Texas,30.4154799,-99.6701299,https://lh3.googleusercontent.com/p/AF1QipOci9toMdm2bExXhkux_ZdUd2T7EE_HAdk_h7fv=w800-h500-k-no,,OPERATIONAL,,"https://www.google.com/maps/place/OYO+Hotel+-+Segovia+Lodge%2C+Junction+TX/@30.415479899999998,-99.67012989999999,14z/data=!4m8!1m2!2m1!1sOYO+Hotel+-+Segovia+Lodge%2C+Junction+TX!3m4!1s0x86590f1184297945:0xeb4ff5c75180da63!8m2!3d30.415479899999998!4d-99.67012989999999"
The Canine Resort & Daycare,http://www.canineresortdaycare.com/,+1 325-651-6223,"1530 Fairview School Rd, San Angelo, TX 76904",San Angelo,76904,Texas,31.3919601,-100.4177398,https://lh3.googleusercontent.com/p/AF1QipNyKV1r8PAXe3g4t7I9pj5NtQv5bpVStNaQK6Y0=w800-h500-k-no,"{""Sunday"": ""Closed"", ""Monday"": ""7:30AM-5:30PM"", ""Tuesday"": ""7:30AM-5:30PM"", ""Wednesday"": ""7:30AM-5:30PM"", ""Thursday"": ""7:30AM-5:30PM"", ""Friday"": ""7:30AM-5:30PM"", ""Saturday"": ""8AM-12PM""}",OPERATIONAL,,"https://www.google.com/maps/place/The+Canine+Resort+%26+Daycare/@31.3919601,-100.41773979999999,14z/data=!4m8!1m2!2m1!1sThe+Canine+Resort+%26+Daycare!3m4!1s0x8657efe759a9f7b1:0x9e8010745ad5c33d!8m2!3d31.3919601!4d-100.41773979999999"
Great Northern Dog Park,https://www.austintexas.gov/department/leash-areas,,"7099 Great Northern Blvd, Austin, TX 78757",Austin,78757,Texas,30.3521521,-97.7470991,https://lh3.googleusercontent.com/gps-cs-s/AC9h4nqTWttmsoZ6iLMsiXod5KHRqosAXu_-jer6B7mH0Bi3QEI7-Qi2aFTvVOS6Cee-XVMhwaOe3Zx2uUSeUTMIA0renckAUuMPKIocTlHPekskkPNZdDdS2rdZbf2JcdiuwtGLRcwo=w800-h500-k-no,,OPERATIONAL,"Large off-leash dog area featuring walking paths, a retention pond & grassy open areas.","https://www.google.com/maps/place/Great+Northern+Dog+Park/@30.352152099999998,-97.7470991,14z/data=!4m8!1m2!2m1!1sGreat+Northern+Dog+Park!3m4!1s0x8644cb0680450537:0x4e0cbaed43e7b575!8m2!3d30.352152099999998!4d-97.7470991"
Dogtopia of Austin,http://www.dogtopia.com/austin/,+1 512-369-3647,"2105 Ranch Rd 620 S #101, Lakeway, TX 78734",Lakeway,78734,Texas,30.3421779,-97.9657843,https://lh3.googleusercontent.com/p/AF1QipMU1vr-x_48GGuG5pPoM1N6SBZyKT4CVS6H7sNU=w800-h500-k-no,"{""Sunday"": ""11AM-2PM"", ""Monday"": ""7AM-7PM"", ""Tuesday"": ""7AM-7PM"", ""Wednesday"": ""7AM-7PM"", ""Thursday"": ""7AM-7PM"", ""Friday"": ""7AM-7PM"", ""Saturday"": ""10AM-5PM""}",OPERATIONAL,,"https://www.google.com/maps/place/Dogtopia+of+Austin/@30.3421779,-97.9657843,14z/data=!4m8!1m2!2m1!1sDogtopia+of+Austin!3m4!1s0x865b39d086876b9d:0xb9f04531e5e30c64!8m2!3d30.3421779!4d-97.9657843"
Zoomies Play 'n Stay,http://zoomiestx.com/,+1 512-815-8846,"14707 Fitzhugh Rd Building E, Austin, TX 78736",Austin,78736,Texas,30.2426942,-98.0208234,https://lh3.googleusercontent.com/p/AF1QipNt2EnYJsNMlTID_Vxi8JPSnxZ8fHtw3mYY_1B0=w800-h500-k-no,"{""Sunday"": ""10AM-12PM,3-5PM"", ""Monday"": ""7AM-12PM,3-6:30PM"", ""Tuesday"": ""7AM-12PM,3-6:30PM"", ""Wednesday"": ""7AM-12PM,3-6:30PM"", ""Thursday"": ""7AM-12PM,3-6:30PM"", ""Friday"": ""7AM-12PM,3-6:30PM"", ""Saturday"": ""8AM-12PM,3-6PM""}",OPERATIONAL,,"https://www.google.com/maps/place/Zoomies+Play+%27n+Stay/@30.2426942,-98.0208234,14z/data=!4m8!1m2!2m1!1sZoomies+Play+%27n+Stay!3m4!1s0x865b4711828a8b0d:0xb587d90a51cdf2d9!8m2!3d30.2426942!4d-98.0208234"
Happy Mailman Dog Retreat,http://www.happymailmandogs.com/,+1 512-301-2359,"8850 US-290, Austin, TX 78736",Austin,78736,Texas,30.2337306,-97.9204693,https://lh3.googleusercontent.com/p/AF1QipOCncJNpgKO_1y_O67-8KRnTbK4edp1rtvg0iSt=w800-h500-k-no,"{""Sunday"": ""4-6:30PM"", ""Monday"": ""7-10AM,4-7PM"", ""Tuesday"": ""7-10AM,4-7PM"", ""Wednesday"": ""7-10AM,4-7PM"", ""Thursday"": ""7-10AM,4-7PM"", ""Friday"": ""7-10AM,4-7PM"", ""Saturday"": ""8-10AM,4-6PM""}",OPERATIONAL,,"https://www.google.com/maps/place/Happy+Mailman+Dog+Retreat/@30.233730599999998,-97.9204693,14z/data=!4m8!1m2!2m1!1sHappy+Mailman+Dog+Retreat!3m4!1s0x865b48fc8801d879:0xe7cb613595683385!8m2!3d30.233730599999998!4d-97.9204693"
City of Bee Cave Dog Park,,,"City of Bee Cave Central Park, 13676 Bee Cave Pkwy, Bee Cave, TX 78738",Bee Cave,78738,Texas,30.3108792,-97.9519752,https://lh3.googleusercontent.com/gps-cs-s/AC9h4nrJXptus0lNWPm6MhJtlTwPGArQTzW18viklSp5UO6kUngm9wLzdviGJlvLGgmgmT_9afc2tX3kDZOZo2H8-Z51HgT7ddoqhQzxc7gcjgHK_VAjShkgQzFc5xcbxNfu2LQeTC4=w800-h500-k-no,,OPERATIONAL,,"https://www.google.com/maps/place/City+of+Bee+Cave+Dog+Park/@30.3108792,-97.95197519999999,14z/data=!4m8!1m2!2m1!1sCity+of+Bee+Cave+Dog+Park!3m4!1s0x865b379cc437cccf:0x8982a31f20959c73!8m2!3d30.3108792!4d-97.95197519999999"
Pups & Pals Pet Lounge,https://pupsandpalspetlounge.com/,+1 512-897-8755,"8701 S 1st St Bldg. 3, Austin, TX 78748",Austin,78748,Texas,30.175976,-97.7971552,https://lh3.googleusercontent.com/p/AF1QipNnb581CWgjG68inhlNJYkZGy4SU6rdTL4wv3La=w800-h500-k-no,"{""Sunday"": ""9AM-6PM"", ""Monday"": ""7AM-7PM"", ""Tuesday"": ""7AM-7PM"", ""Wednesday"": ""7AM-7PM"", ""Thursday"": ""7AM-7PM"", ""Friday"": ""7AM-7PM"", ""Saturday"": ""9AM-6PM""}",OPERATIONAL,,"https://www.google.com/maps/place/Pups+%26+Pals+Pet+Lounge/@30.175976,-97.79715519999999,14z/data=!4m8!1m2!2m1!1sPups+%26+Pals+Pet+Lounge!3m4!1s0x865b4cc673ba7121:0x7a750ce052359d30!8m2!3d30.175976!4d-97.79715519999999"
Zoom Room Dog Training,http://zoomroom.com/southatx,+1 737-484-8989,"5300 S MoPac Expy #504, Austin, TX 78749",Austin,78749,Texas,30.234814,-97.8265279,https://lh3.googleusercontent.com/p/AF1QipNpSIUfwSSJDiMiM7gvQNYitVzYOBSa9IV4amVd=w800-h500-k-no,"{""Sunday"": ""9AM-8PM"", ""Monday"": ""3-9PM"", ""Tuesday"": ""4-9PM"", ""Wednesday"": ""2-9PM"", ""Thursday"": ""1-9PM"", ""Friday"": ""12-9PM"", ""Saturday"": ""9AM-5PM""}",OPERATIONAL,,"https://www.google.com/maps/place/Zoom+Room+Dog+Training/@30.234814,-97.8265279,14z/data=!4m8!1m2!2m1!1sZoom+Room+Dog+Training!3m4!1s0x865b4b997532bc43:0xf9cbbfa810a6cd66!8m2!3d30.234814!4d-97.8265279"
Foxy Roxys Doggy Day Out,https://www.foxyroxysatx.com/,+1 512-487-2660,"2103 W Slaughter Ln, Austin, TX 78748",Austin,78748,Texas,30.1731959,-97.8261511,https://lh3.googleusercontent.com/p/AF1QipMvzE3sWJ2gT0lJLbjJEFoOgTbjwtHf4IAjBJch=w800-h500-k-no,"{""Sunday"": ""9AM-6PM"", ""Monday"": ""8AM-7PM"", ""Tuesday"": ""8AM-7PM"", ""Wednesday"": ""8AM-7PM"", ""Thursday"": ""8AM-7PM"", ""Friday"": ""8AM-7PM"", ""Saturday"": ""8AM-6PM""}",OPERATIONAL,,"https://www.google.com/maps/place/Foxy+Roxys+Doggy+Day+Out/@30.1731959,-97.82615109999999,14z/data=!4m8!1m2!2m1!1sFoxy+Roxys+Doggy+Day+Out!3m4!1s0x865b4cf680a202b3:0xe4ba34cbd3bc423c!8m2!3d30.1731959!4d-97.82615109999999"
Lucky's Paw Playhouse,https://luckyspawplayhouse.com/,+1 512-291-3433,"16776 Fitzhugh Rd, Dripping Springs, TX 78620",Dripping Springs,78620,Texas,30.2496647,-98.0560232,https://lh3.googleusercontent.com/p/AF1QipO5rZewTzkxMlB3nGLssNKvCBQ7LpL3vqgSrQPw=w800-h500-k-no,"{""Sunday"": ""3-5PM"", ""Monday"": ""7:30AM-6:30PM"", ""Tuesday"": ""7:30AM-6:30PM"", ""Wednesday"": ""7:30AM-6:30PM"", ""Thursday"": ""7:30AM-6:30PM"", ""Friday"": ""7:30AM-6:30PM"", ""Saturday"": ""9AM-5PM""}",OPERATIONAL,,"https://www.google.com/maps/place/Lucky%27s+Paw+Playhouse/@30.2496647,-98.0560232,14z/data=!4m8!1m2!2m1!1sLucky%27s+Paw+Playhouse!3m4!1s0x865b41cf89a60819:0x152e45624012a62a!8m2!3d30.2496647!4d-98.0560232"
Dog Camp Pet Resort,https://www.dogcamp.net/,+1 512-858-9227,"20200 Ranch to Market Rd 150, Driftwood, TX 78619",Driftwood,78619,Texas,30.1462275,-98.0499657,https://lh3.googleusercontent.com/gps-cs-s/AC9h4npAVLrtqLM_Ah4RBTRVlPjYnO-k1yORaIMTgASbFAEWI8eTj2FT6F12tlgUDczJvbx2IZc1zhd_FdoSJDQ3cBff--prJN990ssH1AcSi2n9EtXcDQryQzo9j7QJIEjSiVs_qBrXcA=w800-h500-k-no,"{""Sunday"": ""3-6PM"", ""Monday"": ""7:30AM-12PM,2-6:30PM"", ""Tuesday"": ""7:30AM-12PM,2-6:30PM"", ""Wednesday"": ""7:30AM-12PM,2-6:30PM"", ""Thursday"": ""7:30AM-12PM,2-6:30PM"", ""Friday"": ""7:30AM-12PM,2-6:30PM"", ""Saturday"": ""9AM-12PM""}",OPERATIONAL,,"https://www.google.com/maps/place/Dog+Camp+Pet+Resort/@30.1462275,-98.0499657,14z/data=!4m8!1m2!2m1!1sDog+Camp+Pet+Resort!3m4!1s0x865b43810928cd8f:0x9c800e58ed32cf30!8m2!3d30.1462275!4d-98.0499657"
Stay-N-Play Pet Ranch,http://www.staynplaypetranch.com/,+1 512-894-7387,"2500 US-290, Dripping Springs, TX 78620",Dripping Springs,78620,Texas,30.1942779,-98.0493273,https://lh3.googleusercontent.com/p/AF1QipMH18asdOtrOkp35QYPuyFi7GoXb8Z9aEEAD1Xp=w800-h500-k-no,"{""Sunday"": ""2-5PM"", ""Monday"": ""7:30AM-5PM"", ""Tuesday"": ""7:30AM-5PM"", ""Wednesday"": ""7:30AM-5PM"", ""Thursday"": ""7:30AM-5PM"", ""Friday"": ""7:30AM-5PM"", ""Saturday"": ""8:30AM-3PM""}",OPERATIONAL,,"https://www.google.com/maps/place/Stay-N-Play+Pet+Ranch/@30.1942779,-98.0493273,14z/data=!4m8!1m2!2m1!1sStay-N-Play+Pet+Ranch!3m4!1s0x865b4154846079f5:0x31de6e68ab6bd93a!8m2!3d30.1942779!4d-98.0493273"
D Pet Hotels Austin,https://austin.dpethotels.com/?utm_source=GMBlisting,+1 737-339-8578,"7101 State Hwy 71, Austin, TX 78735",Austin,78735,Texas,30.2345409,-97.8780243,https://lh3.googleusercontent.com/p/AF1QipNo-HEwzRQ6maFvq68sqfAuEORZDGRrf0qCrAW5=w800-h500-k-no,"{""Sunday"": ""7AM-7PM"", ""Monday"": ""7AM-7PM"", ""Tuesday"": ""7AM-7PM"", ""Wednesday"": ""7AM-7PM"", ""Thursday"": ""7AM-7PM"", ""Friday"": ""7AM-7PM"", ""Saturday"": ""7AM-7PM""}",OPERATIONAL,,"https://www.google.com/maps/place/D+Pet+Hotels+Austin/@30.2345409,-97.87802429999999,14z/data=!4m8!1m2!2m1!1sD+Pet+Hotels+Austin!3m4!1s0x865b497ca05f5d09:0xa79de8c38e9fc3df!8m2!3d30.2345409!4d-97.87802429999999"
Easton Bark,https://eastonparkwiki.com/wiki/easton-bark-dog-park/,,"7600 Solari Dr, Austin, TX 78744",Austin,78744,Texas,30.1555201,-97.7197268,https://lh3.googleusercontent.com/gps-cs-s/AC9h4no_45bGRp-xwxl5lRCqqLrGrOGzdjJ1p964KJBNXEhvPKNT5HNbvdSW81Bmx6O5EtRjGQ7gyxT0-TVQQCnxPXWC_UTDtLKFD7EzFvvkeIc7fh0_MWnl8ccGmOL3wEPNBy_aR60=w800-h500-k-no,,OPERATIONAL,,"https://www.google.com/maps/place/Easton+Bark/@30.1555201,-97.71972679999999,14z/data=!4m8!1m2!2m1!1sEaston+Bark!3m4!1s0x8644b399b36fe60b:0x48890aeca5a51e0!8m2!3d30.1555201!4d-97.71972679999999"
Yard Bar,http://yardbar.com/,+1 512-900-3773,"6700 Burnet Rd, Austin, TX 78757",Austin,78757,Texas,30.3430544,-97.7391559,https://lh3.googleusercontent.com/gps-cs-s/AC9h4nrv4I2jLWecVZ0TNcJEecTYK41PhBmUqrtDVSIJFYu5DV6AF235sQvLbFos0GJCNveoDRb8TLn4lQFonGgO-IUoMKiZl546sZ9C7phztgFl4Nn7TLqOy0BMPWH-1aQDOXxZ7JDB=w800-h500-k-no,"{""Sunday"": ""11AM-9PM"", ""Monday"": ""11AM-9PM"", ""Tuesday"": ""11AM-9PM"", ""Wednesday"": ""11AM-9PM"", ""Thursday"": ""11AM-9PM"", ""Friday"": ""11AM-9PM"", ""Saturday"": ""11AM-9PM""}",OPERATIONAL,"Sandwiches, cocktails & pet treats served from a cool snack stand with picnic tables & a dog park.","https://www.google.com/maps/place/Yard+Bar/@30.3430544,-97.7391559,14z/data=!4m8!1m2!2m1!1sYard+Bar!3m4!1s0x8644ca551dd4d6b3:0xb22be2fbd95a608d!8m2!3d30.3430544!4d-97.7391559"
Zoom Room Dog Training,https://zoomroom.com/location/austin/,+1 512-371-1223,"7739 Northcross Dr H, Austin, TX 78757",Austin,78757,Texas,30.3557036,-97.7360617,https://lh3.googleusercontent.com/gps-cs-s/AC9h4npWZbK02a-DiotHqXsir3bUmLDISqu34pVZcRcQW_vTMCKXIB1CbE2DIzUDzJQ_gIqPZSFpiFxo0cGXNqS1RtVc3B1MelHP_dwkyethLF7WFDNpaSVis4EpkQ54r6OlQRI6Jd1JUQ=w800-h500-k-no,"{""Sunday"": ""9AM-5PM"", ""Monday"": ""4-8PM"", ""Tuesday"": ""1-9PM"", ""Wednesday"": ""9AM-9PM"", ""Thursday"": ""1-9PM"", ""Friday"": ""12-7PM"", ""Saturday"": ""9AM-8PM""}",OPERATIONAL,,"https://www.google.com/maps/place/Zoom+Room+Dog+Training/@30.3557036,-97.7360617,14z/data=!4m8!1m2!2m1!1sZoom+Room+Dog+Training!3m4!1s0x8644cba8b54b931d:0xbbfa81e2bfb7f568!8m2!3d30.3557036!4d-97.7360617"
Dogtopia of Crestview,https://www.dogtopia.com/crestview/,+1 512-580-4880,"7301 Burnet Rd Suite 110, Austin, TX 78757",Austin,78757,Texas,30.3483818,-97.7344183,https://lh3.googleusercontent.com/p/AF1QipN7ZG6AtI2xX2-dW5TuY_e3fKjNoKozC3dT56CU=w800-h500-k-no,"{""Sunday"": ""2-5PM"", ""Monday"": ""7AM-7PM"", ""Tuesday"": ""7AM-7PM"", ""Wednesday"": ""7AM-7PM"", ""Thursday"": ""7AM-7PM"", ""Friday"": ""7AM-7PM"", ""Saturday"": ""9AM-5PM""}",OPERATIONAL,,"https://www.google.com/maps/place/Dogtopia+of+Crestview/@30.3483818,-97.7344183,14z/data=!4m8!1m2!2m1!1sDogtopia+of+Crestview!3m4!1s0x8644cbd9719e50e5:0x2b4cfa81b0d81fd3!8m2!3d30.3483818!4d-97.7344183"
Shoal Creek Greenbelt,http://www.austintexas.gov/page/park-directory,+1 512-974-6700,"2600 N Lamar Blvd, Austin, TX 78705",Austin,78705,Texas,30.2921776,-97.7506211,https://lh3.googleusercontent.com/gps-cs-s/AC9h4nonHCkW28OJM8Dmbi6uPhYuQ97FIYpHfdnzyXDgLYJi2XXd9aeFPjQbLqfLfFa9PRSlrPifOtvHnYj98Vv1MjjoB_sFDNdwvGbjKbRxcxCZGyAMQhWUBzXy8v0OJx6rUR3CTBk=w800-h500-k-no,"{""Sunday"": ""5AM-10PM"", ""Monday"": ""5AM-10PM"", ""Tuesday"": ""5AM-10PM"", ""Wednesday"": ""5AM-10PM"", ""Thursday"": ""5AM-10PM"", ""Friday"": ""5AM-10PM"", ""Saturday"": ""5AM-10PM""}",OPERATIONAL,"A ribbon of a park spanning nearly 81 acres, which include shady trails & a dog park.","https://www.google.com/maps/place/Shoal+Creek+Greenbelt/@30.2921776,-97.75062109999999,14z/data=!4m8!1m2!2m1!1sShoal+Creek+Greenbelt!3m4!1s0x8644b57cf46f6bd5:0x8130dc2af98241dd!8m2!3d30.2921776!4d-97.75062109999999"
Dog Park at Love's Travel Stops,https://www.loves.com/dogparks,+1 903-417-6056,"2486 US-82, New Boston, TX 75570",New Boston,75570,Texas,33.4727394,-94.4617599,https://streetviewpixels-pa.googleapis.com/v1/thumbnail?panoid=iAZLR90vEUcgLInPSIWcEg&cb_client=search.gws-prod.gps&w=800&h=500&yaw=187.76122&pitch=0&thumbfov=100,"{""Sunday"": ""Open 24 hours"", ""Monday"": ""Open 24 hours"", ""Tuesday"": ""Open 24 hours"", ""Wednesday"": ""Open 24 hours"", ""Thursday"": ""Open 24 hours"", ""Friday"": ""Open 24 hours"", ""Saturday"": ""Open 24 hours""}",OPERATIONAL,,"https://www.google.com/maps/place/Dog+Park+at+Love%27s+Travel+Stops/@33.4727394,-94.46175989999999,14z/data=!4m8!1m2!2m1!1sDog+Park+at+Love%27s+Travel+Stops!3m4!1s0x8635b30034ee7f31:0xf4edc09214227aa3!8m2!3d33.4727394!4d-94.46175989999999"
Dog Park at Love’s Travel Stops,https://www.loves.com/dogparks,+1 903-796-1385,"22406 US-59, Queen City, TX 75572",Queen City,75572,Texas,33.2622962,-94.1522842,https://streetviewpixels-pa.googleapis.com/v1/thumbnail?panoid=aBQt14Dw1WqYK-HdWstR3A&cb_client=search.gws-prod.gps&w=800&h=500&yaw=263.3324&pitch=0&thumbfov=100,"{""Sunday"": ""Open 24 hours"", ""Monday"": ""Open 24 hours"", ""Tuesday"": ""Open 24 hours"", ""Wednesday"": ""Open 24 hours"", ""Thursday"": ""Open 24 hours"", ""Friday"": ""Open 24 hours"", ""Saturday"": ""Open 24 hours""}",OPERATIONAL,,"https://www.google.com/maps/place/Dog+Park+at+Love%E2%80%99s+Travel+Stops/@33.2622962,-94.1522842,14z/data=!4m8!1m2!2m1!1sDog+Park+at+Love%E2%80%99s+Travel+Stops!3m4!1s0x86343b0072ddfbd7:0x783fb85309986fbf!8m2!3d33.2622962!4d-94.1522842"
The Red Woof Inn,,+1 870-648-7498,"5501 N Kings Hwy, Texarkana, TX 75503",Texarkana,75503,Texas,33.4667263,-94.1410266,https://lh3.googleusercontent.com/p/AF1QipNo5fiKUwYlHRvLwBXmV3xs7dFdSkdRmdwKsvzM=w800-h500-k-no,"{""Sunday"": ""Closed"", ""Monday"": ""Closed"", ""Tuesday"": ""10AM-5:30PM"", ""Wednesday"": ""10AM-5:30PM"", ""Thursday"": ""10AM-5:30PM"", ""Friday"": ""10AM-5:30PM"", ""Saturday"": ""10AM-2PM""}",OPERATIONAL,,"https://www.google.com/maps/place/The+Red+Woof+Inn/@33.4667263,-94.14102659999999,14z/data=!4m8!1m2!2m1!1sThe+Red+Woof+Inn!3m4!1s0x863443e6d3a743d7:0xb4cd1fcfc81895a1!8m2!3d33.4667263!4d-94.14102659999999"
Hounds Inn Lounge,https://houndsinnlounge.com/,+1 903-405-2209,"1300 Spring Hill Rd, Longview, TX 75605",Longview,75605,Texas,32.5530592,-94.7712478,https://lh3.googleusercontent.com/gps-cs-s/AC9h4npPmPwZSPVgS7SCUL9YgNCkTxcvc1_AX_jt_UBVhTt68DScG_7sU5_B70KMvNGj50gJm732CvGp_WF8__4zD60Vy9p-PC6aMqhpGv40JhwC8t0S67ZoTkLygR5KR0O4OILTAUzUFA=w800-h500-k-no,"{""Sunday"": ""Open 24 hours"", ""Monday"": ""Open 24 hours"", ""Tuesday"": ""Open 24 hours"", ""Wednesday"": ""Open 24 hours"", ""Thursday"": ""Open 24 hours"", ""Friday"": ""Open 24 hours"", ""Saturday"": ""Open 24 hours""}",OPERATIONAL,,"https://www.google.com/maps/place/Hounds+Inn+Lounge/@32.5530592,-94.7712478,14z/data=!4m8!1m2!2m1!1sHounds+Inn+Lounge!3m4!1s0x86363f504da92a37:0xd51986c9f7f55657!8m2!3d32.5530592!4d-94.7712478"
Stragent Dog Park (On Paul Boorman Trail),https://www.longviewtexas.gov/4107/Stragent-Dog-Park,+1 903-237-1270,"121 Summers Dr, Longview, TX 75604",Longview,75604,Texas,32.5359324,-94.7633606,https://lh3.googleusercontent.com/gps-cs-s/AC9h4nqSG-ZYTotnQUArNy8xQ-jAEt9Jjg08DMJR2q9CK8XjaROkTptY-aac5uW1jqpE_g3_P_s-zriqKf4Yr2-2ghziqwz1Q5CMizuckCX0m7s26kiQpM6m3WamkROB2lM4qFooyhCv=w800-h500-k-no,"{""Sunday"": ""6:30AM-9PM"", ""Monday"": ""6:30AM-9PM"", ""Tuesday"": ""6:30AM-9PM"", ""Wednesday"": ""6:30AM-9PM"", ""Thursday"": ""6:30AM-9PM"", ""Friday"": ""6:30AM-9PM"", ""Saturday"": ""6:30AM-9PM""}",OPERATIONAL,,"https://www.google.com/maps/place/Stragent+Dog+Park+%28On+Paul+Boorman+Trail%29/@32.5359324,-94.7633606,14z/data=!4m8!1m2!2m1!1sStragent+Dog+Park+%28On+Paul+Boorman+Trail%29!3m4!1s0x863638d47c50308f:0x1a015cd2fb5d0a9c!8m2!3d32.5359324!4d-94.7633606"
Dog Park at Love's Travel Stops,https://www.loves.com/dogparks,+1 903-690-8152,"975 E Sabine St, Carthage, TX 75633",Carthage,75633,Texas,32.1610295,-94.319853,,"{""Sunday"": ""Open 24 hours"", ""Monday"": ""Open 24 hours"", ""Tuesday"": ""Open 24 hours"", ""Wednesday"": ""Open 24 hours"", ""Thursday"": ""Open 24 hours"", ""Friday"": ""Open 24 hours"", ""Saturday"": ""Open 24 hours""}",OPERATIONAL,,"https://www.google.com/maps/place/Dog+Park+at+Love%27s+Travel+Stops/@32.1610295,-94.319853,14z/data=!4m8!1m2!2m1!1sDog+Park+at+Love%27s+Travel+Stops!3m4!1s0x8637074d0069b777:0x6a1d8f197f2e1c75!8m2!3d32.1610295!4d-94.319853"
Ken Bennett Pavilion,,+1 903-845-2196,"112 N Center St, Gladewater, TX 75647",Gladewater,75647,Texas,32.5343519,-94.9430991,https://lh3.googleusercontent.com/gps-cs-s/AC9h4nrx6xRUH3-gzoRvRwZx6tZyExa5KEclE0A8lmaYUWds98ZoQ7RXOhde2ncF_1qe6ebas-5Bz1s_I8OddQbHEhicLaKmyXB6fRz-5qFzfr1JUabJVS7eJ0S4I0ZdX-v-FY8e9cHz=w800-h500-k-no,"{""Sunday"": ""Open 24 hours"", ""Monday"": ""Open 24 hours"", ""Tuesday"": ""Open 24 hours"", ""Wednesday"": ""Open 24 hours"", ""Thursday"": ""Open 24 hours"", ""Friday"": ""Open 24 hours"", ""Saturday"": ""Open 24 hours""}",OPERATIONAL,,"https://www.google.com/maps/place/Ken+Bennett+Pavilion/@32.5343519,-94.9430991,14z/data=!4m8!1m2!2m1!1sKen+Bennett+Pavilion!3m4!1s0x8636238650bc0d9f:0xc973dc0e86564c7a!8m2!3d32.5343519!4d-94.9430991"
Bark Avenue Grooming,https://www.facebook.com/Bark-Avenue-Grooming-109488707982781/,+1 903-601-1753,"206 E 1st, Hughes Springs, TX 75656",Hughes Springs,75656,Texas,32.9983659,-94.6304068,https://lh3.googleusercontent.com/p/AF1QipO2uf3MUuulNpb7fOmUwTHFee0_8K0DeU23iY6o=w800-h500-k-no,"{""Sunday"": ""Closed"", ""Monday"": ""8AM-4PM"", ""Tuesday"": ""8AM-4PM"", ""Wednesday"": ""8AM-4PM"", ""Thursday"": ""8AM-4PM"", ""Friday"": ""8AM-4PM"", ""Saturday"": ""Closed""}",OPERATIONAL,Dog and Cat Grooming,"https://www.google.com/maps/place/Bark+Avenue+Grooming/@32.998365899999996,-94.63040679999999,14z/data=!4m8!1m2!2m1!1sBark+Avenue+Grooming!3m4!1s0x8635d9c9dbc81cf1:0xf0c10be82b37182f!8m2!3d32.998365899999996!4d-94.63040679999999"
Uncertain Lodge and Inn,http://uncertainlodge.com/,+1 903-789-3292,"5181 Cypress Dr E, Karnack, TX 75661",Karnack,75661,Texas,32.706472,-94.1182575,https://lh3.googleusercontent.com/gps-cs-s/AC9h4nrdBlkQzdwRB8jgJWVrZsr7-jAzqsXo7c5mOPSGM94lQx6gVOEKYJamVZeypoeVHT5VdxAhe22aF3uvJ2ony-fg3d7Ji0eDNP4I4r5HMUsaxN9IChMwu8gNqbGOjstollj8IEWsYw=w800-h500-k-no,,OPERATIONAL,,"https://www.google.com/maps/place/Uncertain+Lodge+and+Inn/@32.706472,-94.1182575,14z/data=!4m8!1m2!2m1!1sUncertain+Lodge+and+Inn!3m4!1s0x86369528dfdd6b57:0xb21609d67a359959!8m2!3d32.706472!4d-94.1182575"
Petz Mania,http://petzmania.net/,+1 214-731-6605,"3585 Timberglen Rd, Dallas, TX 75287",Dallas,75287,Texas,33.0034255,-96.8580357,https://lh3.googleusercontent.com/gps-cs-s/AC9h4nrBi1_7SUTt77SCdoo-eEymYVmVjm2Is3azCYvCMnUCzrbDat6HJ3mgwd6YCq9gA_3pC9LNz9fSCD0sY8tyewQcQzCd7UqU_9ILJy_Xzsw1nE3jG_Xk_iaIsSJuR9z4nOkCwfY=w800-h500-k-no,"{""Sunday"": ""Closed"", ""Monday"": ""7AM-7PM"", ""Tuesday"": ""7AM-7PM"", ""Wednesday"": ""7AM-7PM"", ""Thursday"": ""7AM-7PM"", ""Friday"": ""7AM-7PM"", ""Saturday"": ""7:30AM-7PM""}",OPERATIONAL,,"https://www.google.com/maps/place/Petz+Mania/@33.0034255,-96.8580357,14z/data=!4m8!1m2!2m1!1sPetz+Mania!3m4!1s0x864c244074f4cbb3:0xe3fd4fc5fd114742!8m2!3d33.0034255!4d-96.8580357"
Down to Play,https://www.downtoplay.com/,+1 214-484-7258,"6464 Northwest Hwy Suite 138, Dallas, TX 75214",Dallas,75214,Texas,32.8576344,-96.7533963,https://lh3.googleusercontent.com/p/AF1QipOx4jOVuW5noS5YRBX53Z699JOW7L5Do3iHl-3z=w800-h500-k-no,"{""Sunday"": ""9AM-7PM"", ""Monday"": ""9AM-7PM"", ""Tuesday"": ""9AM-7PM"", ""Wednesday"": ""9AM-7PM"", ""Thursday"": ""9AM-7PM"", ""Friday"": ""9AM-7PM"", ""Saturday"": ""9AM-7PM""}",OPERATIONAL,,"https://www.google.com/maps/place/Down+to+Play/@32.8576344,-96.75339629999999,14z/data=!4m8!1m2!2m1!1sDown+to+Play!3m4!1s0x864e9f9d4db68d1b:0xb2cb3c276c123941!8m2!3d32.8576344!4d-96.75339629999999"
Vishal Bhagat Dog Park,http://vishal-park.keeq.io/,,"Corpus Christi, TX 78401",Corpus Christi,78401,Texas,27.7841155,-97.3943722,https://lh3.googleusercontent.com/gps-cs-s/AC9h4noZXtCl_ff7jPc6V7Kxc-X_NCI_Gc9qyogG13iTGHIATsAouVz5k0xGLUczpLR5zAoD1r28SanqkebpZH52VkfdjvQTFYRoFCfnZKi8fqAMVrr3DZtzgEuMEH9svRU0vMmov0Ju=w800-h500-k-no,"{""Sunday"": ""6AM-12AM"", ""Monday"": ""6AM-12AM"", ""Tuesday"": ""6AM-12AM"", ""Wednesday"": ""6AM-12AM"", ""Thursday"": ""6AM-12AM"", ""Friday"": ""6AM-12AM"", ""Saturday"": ""6AM-12AM""}",OPERATIONAL,,"https://www.google.com/maps/place/Vishal+Bhagat+Dog+Park/@27.7841155,-97.39437219999999,14z/data=!4m8!1m2!2m1!1sVishal+Bhagat+Dog+Park!3m4!1s0x86685ef872e1c569:0xbdb7f90900154aff!8m2!3d27.7841155!4d-97.39437219999999"
MWR Dog Park,,,"11001 D St, Corpus Christi, TX 78418",Corpus Christi,78418,Texas,27.6887777,-97.2595486,https://lh3.googleusercontent.com/gps-cs-s/AC9h4np2qPKQzJFkNIb_OHQMr4tQBspd0Mg51WSxm5vPnU_bdQplHC7JJm_ytSzta3vnxzjq8xzHSp6v7XflsE0bb2SThlp9_C7RAtWRp4iriHdQX93_ROMQQ_G58A0G1IsWpT6wb5VTaQ=w800-h500-k-no,"{""Sunday"": ""7AM-6PM"", ""Monday"": ""7AM-6PM"", ""Tuesday"": ""7AM-6PM"", ""Wednesday"": ""7AM-6PM"", ""Thursday"": ""7AM-6PM"", ""Friday"": ""7AM-6PM"", ""Saturday"": ""7AM-6PM""}",OPERATIONAL,,"https://www.google.com/maps/place/MWR+Dog+Park/@27.6887777,-97.2595486,14z/data=!4m8!1m2!2m1!1sMWR+Dog+Park!3m4!1s0x8668f9005441ece3:0xcd29b06b303a9a27!8m2!3d27.6887777!4d-97.2595486"
Bill Witt Dog Park,,,"7718 Dalmation Dr, Corpus Christi, TX 78414",Corpus Christi,78414,Texas,27.6499801,-97.3756217,https://lh3.googleusercontent.com/gps-cs-s/AC9h4nqkUCbrmx77TNs0SvnbAQYOaoitVworhKsfEMigbNB3_Ak0VqRymwFApIBQyw6WaZk_8m4sVnc6Z4oVXj-gJ7er3yhkCkUec993s5WhJzpopy0T-qgbO2lwnCCzMlWcACuwQiqBrQ=w800-h500-k-no,"{""Sunday"": ""6AM-10PM"", ""Monday"": ""Closed"", ""Tuesday"": ""7:30AM-10PM"", ""Wednesday"": ""6AM-10PM"", ""Thursday"": ""6AM-10PM"", ""Friday"": ""6AM-10PM"", ""Saturday"": ""6AM-10PM""}",OPERATIONAL,,"https://www.google.com/maps/place/Bill+Witt+Dog+Park/@27.6499801,-97.3756217,14z/data=!4m8!1m2!2m1!1sBill+Witt+Dog+Park!3m4!1s0x8668f5657a1d1f07:0x8561fe884bca5e2c!8m2!3d27.6499801!4d-97.3756217"
Tiny Adventures,https://www.tinyadventurescorpuschristi.com/,+1 361-257-1016,"4050 Weber Rd, Corpus Christi, TX 78411",Corpus Christi,78411,Texas,27.7375354,-97.388302,https://lh3.googleusercontent.com/p/AF1QipOoWBUibLS8lyiSBx4Wa5dUEt5xWA0JInYaO5u-=w800-h500-k-no,"{""Sunday"": ""Closed"", ""Monday"": ""Closed"", ""Tuesday"": ""11AM-7PM"", ""Wednesday"": ""9AM-12PM"", ""Thursday"": ""11AM-7PM"", ""Friday"": ""11AM-2:30PM"", ""Saturday"": ""Closed""}",OPERATIONAL,,"https://www.google.com/maps/place/Tiny+Adventures/@27.7375354,-97.388302,14z/data=!4m8!1m2!2m1!1sTiny+Adventures!3m4!1s0x86685f66ad498347:0xb3d4d7a2adc386ad!8m2!3d27.7375354!4d-97.388302"
Barkaritaville Pet Resort,http://www.barkaritavillepetresort.com/,+1 361-814-2275,"6617 Jefferson St, Corpus Christi, TX 78413",Corpus Christi,78413,Texas,27.7001401,-97.4173079,https://lh3.googleusercontent.com/gps-cs-s/AC9h4npdvUMW0V-2Byyc125ncuyRMqY_5jHZ5ocf3qNNiCx9SN3S_JCg4Hr0M8pcU6ltBzX3XNkCuzdnXHa9IGikR4AgcehJ0YWAr1LJ-6x5udtZ3sgPnE4mBSZLyOPynuUSXWujaLkd=w800-h500-k-no,"{""Sunday"": ""Closed"", ""Monday"": ""7:30AM-6PM"", ""Tuesday"": ""7:30AM-6PM"", ""Wednesday"": ""7:30AM-6PM"", ""Thursday"": ""7:30AM-6PM"", ""Friday"": ""7:30AM-6PM"", ""Saturday"": ""8AM-5PM""}",OPERATIONAL,,"https://www.google.com/maps/place/Barkaritaville+Pet+Resort/@27.7001401,-97.4173079,14z/data=!4m8!1m2!2m1!1sBarkaritaville+Pet+Resort!3m4!1s0x8668f53fd6b90989:0xf42a6810fc02b28b!8m2!3d27.7001401!4d-97.4173079"
Pooch Pad,http://www.pooch-pad.com/,+1 361-334-7387,"5502 Burnham Dr D, Corpus Christi, TX 78413",Corpus Christi,78413,Texas,27.696814,-97.3786499,https://lh3.googleusercontent.com/gps-cs-s/AC9h4nry2RwcpbcDI-26LRB3oR2Stx1cLavn07ybrXX_WOPvghOdIUDbLNjDtlciCWls-TAdqsCCGE0lbLDc3trYgiP8GZBELErxJEZGtbtdvPGchszOE0hTq1qRs0wvXhgCpAO0kD7RCw=w800-h500-k-no,"{""Sunday"": ""9:30AM-6PM"", ""Monday"": ""7:30AM-6PM"", ""Tuesday"": ""7:30AM-6PM"", ""Wednesday"": ""7:30AM-6PM"", ""Thursday"": ""7:30AM-6PM"", ""Friday"": ""7:30AM-6PM"", ""Saturday"": ""9:30AM-6PM""}",OPERATIONAL,,"https://www.google.com/maps/place/Pooch+Pad/@27.696814,-97.3786499,14z/data=!4m8!1m2!2m1!1sPooch+Pad!3m4!1s0x8668f5b97d59667b:0x2f54582cc9fcc030!8m2!3d27.696814!4d-97.3786499"
Lindale Recreation Center,https://register.ccparkandrec.com/CourseActivities.aspx?id=24,+1 361-855-0392,"3135 Swantner Dr, Corpus Christi, TX 78404",Corpus Christi,78404,Texas,27.7547397,-97.3963599,https://lh3.googleusercontent.com/gps-cs-s/AC9h4nrWtpaIamSop5Sm0p7c1WPhU3JEQjQrkrEcNbsoHIx0eMlaVEZAmp_phwBkXtPsP7Wg2QgJUVlKZJCcyml7tBhO7EnUwEMF4bbOolXxIdqJ96AU4DLJjLKahyCM8aV_aM7ftcZF=w800-h500-k-no,,OPERATIONAL,,"https://www.google.com/maps/place/Lindale+Recreation+Center/@27.7547397,-97.3963599,14z/data=!4m8!1m2!2m1!1sLindale+Recreation+Center!3m4!1s0x86685fa0ead0b3d1:0xd422b81f997c4709!8m2!3d27.7547397!4d-97.3963599"
Kids Wonderland,https://kidswonderland.net/mcallen/,+1 956-929-3106,"8016 N 10th St, McAllen, TX 78504",McAllen,78504,Texas,26.2760275,-98.2149697,https://lh3.googleusercontent.com/gps-cs-s/AC9h4noo1fxHQEjR4-1yA6e9fG0_0FW3w6FdMwGR4vmWR3j04rFvEmEllD_BtXqoNVv5kAkpWDCkMzkRcElmxng1YvS2cPN2l8BdZ2YsWQz0jCPgft4cJuQxTRE7iRbk0xHF1foc9IY=w800-h500-k-no,"{""Sunday"": ""11AM-7PM"", ""Monday"": ""11AM-8PM"", ""Tuesday"": ""11AM-8PM"", ""Wednesday"": ""11AM-8PM"", ""Thursday"": ""11AM-8PM"", ""Friday"": ""11AM-8PM"", ""Saturday"": ""10AM-9PM""}",OPERATIONAL,,"https://www.google.com/maps/place/Kids+Wonderland/@26.276027499999998,-98.2149697,14z/data=!4m8!1m2!2m1!1sKids+Wonderland!3m4!1s0x8665a12220d17fe9:0x9b51676d34ab7a35!8m2!3d26.276027499999998!4d-98.2149697"
Sensory Palace,https://www.tiktok.com/@sensorypalace_/video/7265438291585944874,+1 956-331-6840,"4901 W Expy 83 STE 120, McAllen, TX 78503",McAllen,78503,Texas,26.1947856,-98.2778727,https://lh3.googleusercontent.com/p/AF1QipPVie7mAR095_Kzc4-jUDJ2fNJAdbb9tIKIh2Qf=w800-h500-k-no,"{""Sunday"": ""12-8PM"", ""Monday"": ""Closed"", ""Tuesday"": ""1-8PM"", ""Wednesday"": ""1-8PM"", ""Thursday"": ""1-8PM"", ""Friday"": ""1-8PM"", ""Saturday"": ""12-8PM""}",OPERATIONAL,,"https://www.google.com/maps/place/Sensory+Palace/@26.1947856,-98.27787269999999,14z/data=!4m8!1m2!2m1!1sSensory+Palace!3m4!1s0x8665a76f34c34fc3:0xbee6cff66d40afaa!8m2!3d26.1947856!4d-98.27787269999999"
LudoPlay Indoor Playground,,+1 956-627-3502,"6500 N 10th St Suite M, McAllen, TX 78504",McAllen,78504,Texas,26.2612552,-98.2193903,https://lh3.googleusercontent.com/gps-cs-s/AC9h4nqoz5-jk26koN6NdWNNyZL-lJTkijOMwsPuy9Ygic3MCZnEklmqgUj4tjrwYk976QUwLAH6OLNorXb_ux-O4YdFveTJJyCIgcwxFk3U1YqfcTG980nN7vv6emjCDX5xtuXFBFo=w800-h500-k-no,"{""Sunday"": ""Closed"", ""Monday"": ""10AM-5PM"", ""Tuesday"": ""10AM-5PM"", ""Wednesday"": ""10AM-5PM"", ""Thursday"": ""10AM-5PM"", ""Friday"": ""10AM-5PM"", ""Saturday"": ""Closed""}",OPERATIONAL,,"https://www.google.com/maps/place/LudoPlay+Indoor+Playground/@26.261255199999997,-98.2193903,14z/data=!4m8!1m2!2m1!1sLudoPlay+Indoor+Playground!3m4!1s0x8665a159a63c5fe1:0xdbd18b8931a5e182!8m2!3d26.261255199999997!4d-98.2193903"
"Lucky Dog Spa, LLC",http://lucky-dogspa.com/,+1 956-515-8256,"4701 Buddy Owens Blvd, McAllen, TX 78504",McAllen,78504,Texas,26.2506176,-98.2655955,https://lh3.googleusercontent.com/p/AF1QipM9M3sChIbbi1F2vXDoGH3g4Okp1XWOcVAv95No=w800-h500-k-no,"{""Sunday"": ""Closed"", ""Monday"": ""Closed"", ""Tuesday"": ""9AM-5PM"", ""Wednesday"": ""9AM-5PM"", ""Thursday"": ""9AM-5PM"", ""Friday"": ""9AM-5PM"", ""Saturday"": ""8AM-5PM""}",OPERATIONAL,,"https://www.google.com/maps/place/Lucky+Dog+Spa%2C+LLC/@26.250617599999998,-98.26559549999999,14z/data=!4m8!1m2!2m1!1sLucky+Dog+Spa%2C+LLC!3m4!1s0x8665a7b027dd4a3d:0xcadae71b5d413a6!8m2!3d26.250617599999998!4d-98.26559549999999"
Doggie Day Spa & Pet Hotel,,+1 956-687-4120,"6401 N 10th St, McAllen, TX 78504",McAllen,78504,Texas,26.2606072,-98.220682,https://lh3.googleusercontent.com/p/AF1QipOmg6yORNWQfuC9mNDUS1hS5b9huHpVm3xalU-Z=w800-h500-k-no,"{""Sunday"": ""Closed"", ""Monday"": ""8:30AM-5PM"", ""Tuesday"": ""8:30AM-5PM"", ""Wednesday"": ""8:30AM-5PM"", ""Thursday"": ""8:30AM-5PM"", ""Friday"": ""8:30AM-5PM"", ""Saturday"": ""8:30AM-5PM""}",OPERATIONAL,,"https://www.google.com/maps/place/Doggie+Day+Spa+%26+Pet+Hotel/@26.2606072,-98.220682,14z/data=!4m8!1m2!2m1!1sDoggie+Day+Spa+%26+Pet+Hotel!3m4!1s0x8665a14ca14bb577:0x29cbfcee519a67a0!8m2!3d26.2606072!4d-98.220682"
Redmore Dog Park,,,"Park, 2843 Sweet St, Brownsville, TX 78521",Brownsville,78521,Texas,25.9451798,-97.47396,https://lh3.googleusercontent.com/gps-cs-s/AC9h4noQbWB9Ir9hhey6TzSQ06Mw-6FbS5mcHndey0YF8NYAQiQRBVVqDNPT5Z4cn8-dE7mOniF5bJbEIZbtgFW21VFQdVCC5oWxEXzHIFXo2xSngfHQM5kxu9ALubBl2m7QqODWFNU=w800-h500-k-no,"{""Sunday"": ""6AM-9PM"", ""Monday"": ""6AM-9PM"", ""Tuesday"": ""6AM-9PM"", ""Wednesday"": ""6AM-9PM"", ""Thursday"": ""6AM-9PM"", ""Friday"": ""6AM-9PM"", ""Saturday"": ""6AM-9PM""}",OPERATIONAL,,"https://www.google.com/maps/place/Redmore+Dog+Park/@25.9451798,-97.47395999999999,14z/data=!4m8!1m2!2m1!1sRedmore+Dog+Park!3m4!1s0x866f97dee2fdfc79:0x268d3a45ae428a3b!8m2!3d25.9451798!4d-97.47395999999999"
Dog Park,,,"11523 Monserrat Ln, Conroe, TX 77304",Conroe,77304,Texas,30.3717975,-95.5343744,https://streetviewpixels-pa.googleapis.com/v1/thumbnail?panoid=XEkmfbZXzcQfhby1GKpcXw&cb_client=search.gws-prod.gps&w=800&h=500&yaw=202.02034&pitch=0&thumbfov=100,,OPERATIONAL,,"https://www.google.com/maps/place/Dog+Park/@30.3717975,-95.53437439999999,14z/data=!4m8!1m2!2m1!1sDog+Park!3m4!1s0x86473d001637127b:0x534aae9bd63484c!8m2!3d30.3717975!4d-95.53437439999999"
dog park,,,"630 Avenue M, Huntsville, TX 77320",Huntsville,77320,Texas,30.7294451,-95.5540076,https://lh3.googleusercontent.com/gps-cs-s/AC9h4nrWt2yrviw7HyQF3M8-fGWo1pWgEvv8lsibNvKWMKNOboBSr7rENYRAk5VVfUiDwAAyoVzKXX8fpYGJvhVVKI27302_s_1HSHjCHr_Q89_CB4PXsstJQOox3smdSK7BNruk58td=w800-h500-k-no,,OPERATIONAL,,"https://www.google.com/maps/place/dog+park/@30.7294451,-95.55400759999999,14z/data=!4m8!1m2!2m1!1sdog+park!3m4!1s0x86470988dd466199:0xe84ed0e38276dbd4!8m2!3d30.7294451!4d-95.55400759999999"
Dog's Day Inn Pet Resort,https://www.mydogsdayinn.net/locations/kingwood-location/,+1 281-359-3790,"1831 Northpark Dr, Kingwood, TX 77339",Kingwood,77339,Texas,30.069042,-95.2259989,https://lh3.googleusercontent.com/p/AF1QipNK-pi-JBUCpz2UdSe2Smqvxm8iaghtzp2wKxf5=w800-h500-k-no,"{""Sunday"": ""10AM-4AM"", ""Monday"": ""7AM-6PM"", ""Tuesday"": ""7AM-6PM"", ""Wednesday"": ""7AM-6PM"", ""Thursday"": ""7AM-6PM"", ""Friday"": ""7AM-6PM"", ""Saturday"": ""8AM-5PM""}",OPERATIONAL,"Pet Boarding facility with dog grooming, training, and Daycare","https://www.google.com/maps/place/Dog%27s+Day+Inn+Pet+Resort/@30.069042,-95.2259989,14z/data=!4m8!1m2!2m1!1sDog%27s+Day+Inn+Pet+Resort!3m4!1s0x864752a78c01c29d:0x52ae8802118da478!8m2!3d30.069042!4d-95.2259989"
GBA Pet Service LLC,,+1 936-433-2369,"662 Windham Ranch Rd #8413, Goodrich, TX 77335",Goodrich,77335,Texas,30.621516,-94.9382743,https://lh3.googleusercontent.com/gps-cs-s/AC9h4nqGqow7ZjmwZejKtydH8UvuL0gCoUyckRYGt6_HYuekl6vL6oHg80nvJ0TT5X2pIXWHLEF490bARBfP5lhrrkfrZTzJXxlE6M-af3N4cZwjzDgedkCQKXCD4hWGJcUMyXDoZqNz=w800-h500-k-no,,OPERATIONAL,Boarding,"https://www.google.com/maps/place/GBA+Pet+Service+LLC/@30.621516,-94.93827429999999,14z/data=!4m8!1m2!2m1!1sGBA+Pet+Service+LLC!3m4!1s0x863884d457768149:0x285048c4579f6841!8m2!3d30.621516!4d-94.93827429999999"
Dog Park at Atascocita Park,http://www.hcp2.com/,,"17250 W Lake Houston Pkwy, Atascocita, TX 77346",Atascocita,77346,Texas,29.9738752,-95.170946,https://lh3.googleusercontent.com/gps-cs-s/AC9h4noIqvpOPNE4duM9nWedjIJ_azW2lLN9tNp8BTTfTgJhg5_gXdj-ZHAcr_HzkqXUbAEHAZkPBkl_qiNGxnMtBSCKBcbsLwqqr9T9_P1vfXjLOPDFl4K3HkQ8PMF25OWBLRA5dbY9=w800-h500-k-no,"{""Sunday"": ""7AM-8PM"", ""Monday"": ""7AM-8PM"", ""Tuesday"": ""7AM-8PM"", ""Wednesday"": ""7AM-8PM"", ""Thursday"": ""7AM-8PM"", ""Friday"": ""7AM-8PM"", ""Saturday"": ""7AM-8PM""}",OPERATIONAL,,"https://www.google.com/maps/place/Dog+Park+at+Atascocita+Park/@29.9738752,-95.170946,14z/data=!4m8!1m2!2m1!1sDog+Park+at+Atascocita+Park!3m4!1s0x8640ad2400666533:0xaf81fd5393697747!8m2!3d29.9738752!4d-95.170946"
IT May Park,https://www.pct3.com/Explore/Parks,,"L T May Park, 25744-25746 Scott Rd, Huffman, TX 77336",Huffman,77336,Texas,30.0562795,-95.0624716,https://lh3.googleusercontent.com/gps-cs-s/AC9h4nq__PLhEXeXPQ16Pl-mgLStqWFgXmwhxhMYpb1Ih9Falti5wQOBfyMWFytRVXtwGnhzHXxqnszUKgaZN8HgLqu8vZ0l8iV2Dtw4SfJUfZEdRRWHsDeJx1ElcQfZfWDiWXQT3GM=w800-h500-k-no,,OPERATIONAL,,"https://www.google.com/maps/place/IT+May+Park/@30.0562795,-95.0624716,14z/data=!4m8!1m2!2m1!1sIT+May+Park!3m4!1s0x8640abadb6c5784b:0x278942d6b258403a!8m2!3d30.0562795!4d-95.0624716"
Dog's Day Inn Pet Resort,https://www.mydogsdayinn.net/locations/atascocita-location/,+1 281-441-4300,"5123 Atascocita Road, Humble, TX 77346",Humble,77346,Texas,29.9870488,-95.198634,https://lh3.googleusercontent.com/gps-cs-s/AC9h4npVBU8PQCwwlYGyFd4i8G81t3CZKHA-LoZwB3Jpo8ka9XrsdyJdcAvX72XCL8BgzD4nxhoa-ytmCbYRGWJLb5sxbw75FjSpfw_pEtL_pNiiwvkeaIAcvC7-0OmVdMbL2YTAwgW-=w800-h500-k-no,"{""Sunday"": ""10AM-3PM"", ""Monday"": ""7AM-6PM"", ""Tuesday"": ""7AM-6PM"", ""Wednesday"": ""7AM-6PM"", ""Thursday"": ""7AM-6PM"", ""Friday"": ""7AM-6PM"", ""Saturday"": ""8AM-5PM""}",OPERATIONAL,,"https://www.google.com/maps/place/Dog%27s+Day+Inn+Pet+Resort/@29.9870488,-95.198634,14z/data=!4m8!1m2!2m1!1sDog%27s+Day+Inn+Pet+Resort!3m4!1s0x8640adc763306b0d:0x959e8b28f8e9d509!8m2!3d29.9870488!4d-95.198634"
Dogtopia of Atascocita,https://www.dogtopia.com/houston-atascocita/,+1 281-417-4622,"7140 Farm to Market 1960 Rd E, Humble, TX 77346",Humble,77346,Texas,29.9967928,-95.1695287,https://lh3.googleusercontent.com/p/AF1QipMgR1Wd29AnkKq8vCFzocwCMIUReGZTvPK4j_pP=w800-h500-k-no,"{""Sunday"": ""10AM-2PM"", ""Monday"": ""7AM-7PM"", ""Tuesday"": ""7AM-7PM"", ""Wednesday"": ""7AM-7PM"", ""Thursday"": ""7AM-7PM"", ""Friday"": ""7AM-7PM"", ""Saturday"": ""9AM-5PM""}",OPERATIONAL,,"https://www.google.com/maps/place/Dogtopia+of+Atascocita/@29.996792799999998,-95.1695287,14z/data=!4m8!1m2!2m1!1sDogtopia+of+Atascocita!3m4!1s0x8640ad2d90098e4d:0x639f5dec4d790f7b!8m2!3d29.996792799999998!4d-95.1695287"
Walden Dog Park and Walking Trail,,,"18406 Mariner Pl, Humble, TX 77346",Humble,77346,Texas,29.9841962,-95.1459357,https://lh3.googleusercontent.com/gps-cs-s/AC9h4npqIIJcNFvPVUTAud9T9TUWmUejGhkLzwjha2VEY5tUqlmFg1vaKkNeExaYKkAIMDnnb6LmMUlSJaE16JYMG8DA4sKuNPyVG9zVZlj3OUW0jCStpjdk7ouDkDA4GQ_D2lJcOf8=w800-h500-k-no,"{""Sunday"": ""7AM-8PM"", ""Monday"": ""7AM-8PM"", ""Tuesday"": ""7AM-8PM"", ""Wednesday"": ""7AM-8PM"", ""Thursday"": ""7AM-8PM"", ""Friday"": ""7AM-8PM"", ""Saturday"": ""7AM-8PM""}",OPERATIONAL,,"https://www.google.com/maps/place/Walden+Dog+Park+and+Walking+Trail/@29.9841962,-95.1459357,14z/data=!4m8!1m2!2m1!1sWalden+Dog+Park+and+Walking+Trail!3m4!1s0x8640ac0bd2f1ff8d:0xe05094098bcda979!8m2!3d29.9841962!4d-95.1459357"
Luckey Dogs Food Shakk,https://order.online/business/luckey-dogs-food-shack-11218214,+1 936-967-8808,"707 FM2457, Livingston, TX 77351",Livingston,77351,Texas,30.7388321,-95.0206774,https://lh3.googleusercontent.com/gps-cs-s/AC9h4nq0nZdUJFunzKKwDH2nKn1MufzvaZcLfPLmRD-i_7WVda0s6eW83EYZBd4xUglMyvIvsw96OFrq36KE5MEQlmZhOL-YT-MbsyDpp__mYLOAbBnuGUxZTRfnDhcPPzj8RnfkX6ug2w=w800-h500-k-no,"{""Sunday"": ""Closed"", ""Monday"": ""Closed"", ""Tuesday"": ""11AM-6PM"", ""Wednesday"": ""11AM-6PM"", ""Thursday"": ""11AM-6PM"", ""Friday"": ""11AM-6PM"", ""Saturday"": ""11AM-6PM""}",OPERATIONAL,"Just a little of what we serve. Hand Dipped all Beef Corndogs, Grilled All Beef HotDogs/ Chili Dogs, Fresh Cut Fries, Homemade Burgers (the way your grandma use to make them), Frito Pie made with Delicious Homemade Chili, Cool Crisp Salad with all the trimmings, Nacho Supreme, and much more. We like to say we're ""Carnival style food with a homemade flair, that won't break your wallet"". Daily Lunch Specials, but full menu served all day.","https://www.google.com/maps/place/Luckey+Dogs+Food+Shakk/@30.7388321,-95.0206774,14z/data=!4m8!1m2!2m1!1sLuckey+Dogs+Food+Shakk!3m4!1s0x8638815781f6c4ad:0x546ec604da94ba06!8m2!3d30.7388321!4d-95.0206774"
Dogtopia of The Woodlands West,https://www.dogtopia.com/thewoodlandswest/,+1 832-862-6882,"6622 Durango Creek Dr, Magnolia, TX 77354",Magnolia,77354,Texas,30.2317287,-95.5680677,https://lh3.googleusercontent.com/p/AF1QipPTsyBA7Cj_0VgzT_LnfTTDSzmrK1nFvJ5gtGdu=w800-h500-k-no,"{""Sunday"": ""12-4PM"", ""Monday"": ""6:30AM-7PM"", ""Tuesday"": ""6:30AM-7PM"", ""Wednesday"": ""6:30AM-7PM"", ""Thursday"": ""6:30AM-7PM"", ""Friday"": ""6:30AM-7PM"", ""Saturday"": ""8AM-4PM""}",OPERATIONAL,,"https://www.google.com/maps/place/Dogtopia+of+The+Woodlands+West/@30.231728699999998,-95.5680677,14z/data=!4m8!1m2!2m1!1sDogtopia+of+The+Woodlands+West!3m4!1s0x8647259bc1da9527:0xfd02d17eabcce29a!8m2!3d30.231728699999998!4d-95.5680677"
Texas Doghouse - The Woodlands,http://www.texasdoghouse.com/,+1 281-259-8672,"8905 West Ln, Magnolia, TX 77354",Magnolia,77354,Texas,30.1958447,-95.5943147,https://lh3.googleusercontent.com/p/AF1QipO8VjMLWBrAozr2Sig32BkWrE-rGSZ5Rtyl8Re8=w800-h500-k-no,"{""Sunday"": ""5-6PM"", ""Monday"": ""6:30-11AM,4-7:30PM"", ""Tuesday"": ""6:30-11AM,4-7:30PM"", ""Wednesday"": ""6:30-11AM,4-7:30PM"", ""Thursday"": ""6:30-11AM,4-7:30PM"", ""Friday"": ""6:30-11AM,4-7:30PM"", ""Saturday"": ""8-11AM,5-7PM""}",OPERATIONAL,,"https://www.google.com/maps/place/Texas+Doghouse+-+The+Woodlands/@30.1958447,-95.5943147,14z/data=!4m8!1m2!2m1!1sTexas+Doghouse+-+The+Woodlands!3m4!1s0x86472fe584bae98d:0x94e0ec62732a0046!8m2!3d30.1958447!4d-95.5943147"
Enchanted Tails,,+1 832-897-3022,"15511 Sycamore Hill, Magnolia, TX 77355",Magnolia,77355,Texas,30.1325712,-95.7081629,,,OPERATIONAL,,"https://www.google.com/maps/place/Enchanted+Tails/@30.132571199999997,-95.70816289999999,14z/data=!4m8!1m2!2m1!1sEnchanted+Tails!3m4!1s0x8647294373c8d9f1:0xbcd591998d86c6a3!8m2!3d30.132571199999997!4d-95.70816289999999"
Dog Gone Fun Agility LLC,http://doggonefunagility.com/,+1 936-827-1612,"26310 Dobbin-Huffsmith Rd, Magnolia, TX 77354",Magnolia,77354,Texas,30.1412806,-95.6002157,https://lh3.googleusercontent.com/p/AF1QipP5RBAllDZgCp6oYE0rQJDjF3onUIWjOOJWHUR_=w800-h500-k-no,"{""Sunday"": ""9AM-5PM"", ""Monday"": ""10AM-9PM"", ""Tuesday"": ""10AM-9PM"", ""Wednesday"": ""10AM-9PM"", ""Thursday"": ""10AM-9PM"", ""Friday"": ""9AM-5PM"", ""Saturday"": ""9AM-5PM""}",OPERATIONAL,,"https://www.google.com/maps/place/Dog+Gone+Fun+Agility+LLC/@30.141280599999998,-95.60021569999999,14z/data=!4m8!1m2!2m1!1sDog+Gone+Fun+Agility+LLC!3m4!1s0x864732a01bc3cb83:0x9b52d2346d792167!8m2!3d30.141280599999998!4d-95.60021569999999"
Mary Ellen Yost Memorial Dog Park,,,"600 Onalaska Loop, Onalaska, TX 77360",Onalaska,77360,Texas,30.8353322,-95.1182082,https://lh3.googleusercontent.com/gps-cs-s/AC9h4nqovTh56RzjC-sZbQKroJbbQYJ7KftwIgPMlGQRL0oL5noe8vwOFuVfX6u7kOz3rzqlc2gUoMH0ev_cTNYLlBnElMSiasisi3ZxgcqSpyZtgW86n6O-2r66NyyiFfLzegRc5fuz=w800-h500-k-no,,OPERATIONAL,,"https://www.google.com/maps/place/Mary+Ellen+Yost+Memorial+Dog+Park/@30.8353322,-95.1182082,14z/data=!4m8!1m2!2m1!1sMary+Ellen+Yost+Memorial+Dog+Park!3m4!1s0x864781d8751d69b1:0x33df9e404434c394!8m2!3d30.8353322!4d-95.1182082"
The Ranch Woodlands,https://www.theranchwoodlandstx.com/,+1 832-610-9900,"9015 Shady Ln, Magnolia, TX 77354",Magnolia,77354,Texas,30.1643769,-95.6008695,https://lh3.googleusercontent.com/gps-cs-s/AC9h4nrzQvKF1HjKMi78KX8HylOHbfNvyEYdcKTzjIKNBnEl9LTloJKngd3CNulbPDwcPE-LTIztXgHqjheagWBQzzkglA1x-vlUlSwb4XxuIxzXoi3rO3E6N-g0Xy7b_jw9fOfVs-wC4g=w800-h500-k-no,"{""Sunday"": ""4-5PM"", ""Monday"": ""7AM-6PM"", ""Tuesday"": ""7AM-6PM"", ""Wednesday"": ""7AM-6PM"", ""Thursday"": ""7AM-6PM"", ""Friday"": ""7AM-6PM"", ""Saturday"": ""8AM-1PM""}",OPERATIONAL,"The Ranch Woodlands, TX provides dog care services to the Magnolia and Woodlands TX area.","https://www.google.com/maps/place/The+Ranch+Woodlands/@30.164376899999997,-95.6008695,14z/data=!4m8!1m2!2m1!1sThe+Ranch+Woodlands!3m4!1s0x86472f62537e8bdd:0xa631cd03f93a5be6!8m2!3d30.164376899999997!4d-95.6008695"
Rainbow Dog Boarding,http://www.rainbowdogboarding.com/,+1 281-686-0803,"12416 County Rd 201, Plantersville, TX 77363",Plantersville,77363,Texas,30.3173889,-95.8600988,https://lh3.googleusercontent.com/p/AF1QipOFlkwwuK5SgcYlZH0CBXaJ_Xlak3AzjKNIvucv=w800-h500-k-no,,OPERATIONAL,"Rainbow Dog Boarding was founded in 2018 to provide a clean and safe environment for your dog, while you are away.","https://www.google.com/maps/place/Rainbow+Dog+Boarding/@30.317388899999997,-95.86009879999999,14z/data=!4m8!1m2!2m1!1sRainbow+Dog+Boarding!3m4!1s0x8646ddeb96554913:0x2bc3f7172c8cd5cc!8m2!3d30.317388899999997!4d-95.86009879999999"
South Paw Doggie Daycare & Training Center,https://www.puppyschool.com/,+1 281-354-7768,"24210 Parker Rd, Porter, TX 77365",Porter,77365,Texas,30.0951958,-95.2125452,https://lh3.googleusercontent.com/gps-cs-s/AC9h4nrEqgF1zRtcL2ZKIk1hn7zK_v9EHvpCEarIOv3YmMW1r8QQEHnseJ35IzJX-FapWLcLPPYzVSpfvSmgOk2DvB11QAPgu8OiJ0AccXQFtM03ACO-VOmqWyrx3VMdL4ofru18OsQjSnz5zM1h=w800-h500-k-no,"{""Sunday"": ""Closed"", ""Monday"": ""7AM-6PM"", ""Tuesday"": ""7AM-6PM"", ""Wednesday"": ""7AM-6PM"", ""Thursday"": ""7AM-6PM"", ""Friday"": ""7AM-6PM"", ""Saturday"": ""Closed""}",OPERATIONAL,,"https://www.google.com/maps/place/South+Paw+Doggie+Daycare+%26+Training+Center/@30.0951958,-95.2125452,14z/data=!4m8!1m2!2m1!1sSouth+Paw+Doggie+Daycare+%26+Training+Center!3m4!1s0x864753006c15173f:0x510c816ddb071825!8m2!3d30.0951958!4d-95.2125452"
Spruill dog park,https://parks.addisontx.gov/Parks-Trails-Art/Dog-Parks-and-Maintenance-Schedule/Spruill-Dog-Park,,"4936 Marcus Ave, Addison, TX 75001",Addison,75001,Texas,32.9639279,-96.8276468,https://lh3.googleusercontent.com/gps-cs-s/AC9h4npa4rzKeSOC8a4TDoNQmIyTqLAuCJ0YUUqwPCkdh1d8Yk4VQ3FY2v2yre1n5E3DsKl3C7m1dR_Y7_zIKsKI3_T1bMpN3rg5tWWftOXV67uogWtqC5TteQh7Nwb4uG8TCaUOZbV0=w800-h500-k-no,"{""Sunday"": ""5AM-11PM"", ""Monday"": ""5AM-11PM"", ""Tuesday"": ""Closed"", ""Wednesday"": ""5AM-11PM"", ""Thursday"": ""5AM-11PM"", ""Friday"": ""5AM-11PM"", ""Saturday"": ""5AM-11PM""}",OPERATIONAL,,"https://www.google.com/maps/place/Spruill+dog+park/@32.9639279,-96.8276468,14z/data=!4m8!1m2!2m1!1sSpruill+dog+park!3m4!1s0x864c21f0e148b16d:0xaec5a39fa4ab819!8m2!3d32.9639279!4d-96.8276468"
Loos Dog Run,,,"14600 Marsh Ln T, Addison, TX 75001",Addison,75001,Texas,32.9433738,-96.8520628,https://lh3.googleusercontent.com/gps-cs-s/AC9h4npnfZiXtntLakRs1g4Yf1Wvlyds1uQDl7FhG8KdXKZUHC5Q0mNEAJHmyLK9MZigAKOA_uEMJyV0drdVZyGXNXD3zQpu4LJy4DZFXfrqZ4ct77mQnyOB1vjYeOP7D9t6uXfSHP_nlfUIibq5=w800-h500-k-no,,OPERATIONAL,,"https://www.google.com/maps/place/Loos+Dog+Run/@32.943373799999996,-96.8520628,14z/data=!4m8!1m2!2m1!1sLoos+Dog+Run!3m4!1s0x864c27d3e9392385:0x467268f54897dc5!8m2!3d32.943373799999996!4d-96.8520628"
Citydog! Club,http://www.citydogclub.com/,+1 972-243-3929,"3870 Ponte Ave, Addison, TX 75001",Addison,75001,Texas,32.9351514,-96.8513369,https://lh3.googleusercontent.com/gps-cs-s/AC9h4nrDOlj57M1fhM0rROmUupGrutj7L50QiP3ZE-0yxCSg-mkhzUwMWtFwD_pBuznNpGE8UwTCoYmujd_cHsr0tYzRRzSC7yQBXvVT2oUfH9k7mcEs4tTNKTPTFmIXNS2PeKbLgX8VCw=w800-h500-k-no,"{""Sunday"": ""7AM-9PM"", ""Monday"": ""7AM-9PM"", ""Tuesday"": ""7AM-9PM"", ""Wednesday"": ""7AM-9PM"", ""Thursday"": ""7AM-9PM"", ""Friday"": ""7AM-9PM"", ""Saturday"": ""7AM-9PM""}",OPERATIONAL,,"https://www.google.com/maps/place/Citydog%21+Club/@32.935151399999995,-96.85133689999999,14z/data=!4m8!1m2!2m1!1sCitydog%21+Club!3m4!1s0x864c2720b2fea609:0xb978c14ab645af68!8m2!3d32.935151399999995!4d-96.85133689999999"
All FUR Fun Training and Event Center,http://allfurfundog.com/,+1 214-257-8159,"15559 Wright Brothers Dr, Addison, TX 75001",Addison,75001,Texas,32.9627372,-96.837403,https://lh3.googleusercontent.com/p/AF1QipNv7R4cdkKbtl6Xg996QxPFL16NstO9MiXo_Akc=w800-h500-k-no,"{""Sunday"": ""Closed"", ""Monday"": ""12-5PM"", ""Tuesday"": ""12-5PM"", ""Wednesday"": ""12-5PM"", ""Thursday"": ""12-5PM"", ""Friday"": ""12-5PM"", ""Saturday"": ""10AM-3PM""}",OPERATIONAL,,"https://www.google.com/maps/place/All+FUR+Fun+Training+and+Event+Center/@32.9627372,-96.837403,14z/data=!4m8!1m2!2m1!1sAll+FUR+Fun+Training+and+Event+Center!3m4!1s0x864c26b4e57c378d:0x25b4e70f0c94b27!8m2!3d32.9627372!4d-96.837403"
Bark Yard,https://www.cityofallen.org/parksrec_business_detail_T91_R106.php,+1 214-509-4700,"510 S Jupiter Rd, Allen, TX 75002",Allen,75002,Texas,33.0939251,-96.6628097,https://lh3.googleusercontent.com/gps-cs-s/AC9h4noBEADWBi9X6G4g0P-Sk6sGoucpoUaqtp-0o6S76A1XSFiZTL0S6qitukA_cdMKqUn7Sb8QVYbtfe9yGJGcUgt1N4TsNcuw28i7J6q2oIMY87ybtTSEMPqR-h2D5B1ztO1N1N1r=w800-h500-k-no,"{""Sunday"": ""7AM-10PM"", ""Monday"": ""7AM-10PM"", ""Tuesday"": ""7AM-10PM"", ""Wednesday"": ""Closed"", ""Thursday"": ""7AM-10PM"", ""Friday"": ""7AM-10PM"", ""Saturday"": ""7AM-10PM""}",OPERATIONAL,,"https://www.google.com/maps/place/Bark+Yard/@33.0939251,-96.6628097,14z/data=!4m8!1m2!2m1!1sBark+Yard!3m4!1s0x864c10b394bbc571:0xb27cb7b43be738a1!8m2!3d33.0939251!4d-96.6628097"
Lucky Paws Pet Lodge,http://www.luckypawspetlodge.com/,+1 469-854-9718,"740 S Greenville Ave #100, Allen, TX 75002",Allen,75002,Texas,33.0887088,-96.6713554,https://lh3.googleusercontent.com/p/AF1QipMguL0XbRRKIr7MqterfkhDTEvVg-Qdtsi7yXOx=w800-h500-k-no,"{""Sunday"": ""Closed"", ""Monday"": ""8AM-5PM"", ""Tuesday"": ""8AM-5PM"", ""Wednesday"": ""8AM-5PM"", ""Thursday"": ""8AM-5PM"", ""Friday"": ""8AM-5PM"", ""Saturday"": ""9AM-4PM""}",OPERATIONAL,,"https://www.google.com/maps/place/Lucky+Paws+Pet+Lodge/@33.0887088,-96.6713554,14z/data=!4m8!1m2!2m1!1sLucky+Paws+Pet+Lodge!3m4!1s0x864c17510f5c82af:0xf562b1c33306d291!8m2!3d33.0887088!4d-96.6713554"
DINO KIDZ - Allen,https://www.dinokidz-allen.com/,+1 469-656-1607,"1201 W McDermott Dr #112, Allen, TX 75013",Allen,75013,Texas,33.0999891,-96.695152,https://lh3.googleusercontent.com/p/AF1QipPEPsRDpgFO74BiV_NiEHx8xgZvFzW6vGE7nK6C=w800-h500-k-no,"{""Sunday"": ""9:30AM-7PM"", ""Monday"": ""9AM-6PM"", ""Tuesday"": ""9AM-6PM"", ""Wednesday"": ""9AM-6PM"", ""Thursday"": ""9AM-6PM"", ""Friday"": ""9AM-6PM"", ""Saturday"": ""9AM-12PM""}",OPERATIONAL,,"https://www.google.com/maps/place/DINO+KIDZ+-+Allen/@33.0999891,-96.695152,14z/data=!4m8!1m2!2m1!1sDINO+KIDZ+-+Allen!3m4!1s0x864c17276e52980d:0x60797c37ca42016a!8m2!3d33.0999891!4d-96.695152"
McInnish Dog Park,https://www.cityofcarrollton.com/dogparks,+1 972-466-3080,"1845 Legends Tr, Carrollton, TX 75006",Carrollton,75006,Texas,32.9660053,-96.9371203,https://lh3.googleusercontent.com/gps-cs-s/AC9h4npdzXtZpThPHhrwjdC7w2GRDaDTxvpEfL67rmT3nFnD03gWuXS0krv7IX_8u7Kc0geXDK-opWEYyd_zBa7m_s8YF0YnU6LX8Br9B_Q0Jr5R6C-XfZ3sXFj0KUXzt0lMQzXqxTyk=w800-h500-k-no,"{""Sunday"": ""6AM-10PM"", ""Monday"": ""6AM-10PM"", ""Tuesday"": ""6AM-10PM"", ""Wednesday"": ""6AM-10PM"", ""Thursday"": ""6AM-10PM"", ""Friday"": ""10AM-10PM"", ""Saturday"": ""6AM-10PM""}",OPERATIONAL,,"https://www.google.com/maps/place/McInnish+Dog+Park/@32.9660053,-96.93712029999999,14z/data=!4m8!1m2!2m1!1sMcInnish+Dog+Park!3m4!1s0x864c28b0a862bfe9:0x58de88c38b9f3fff!8m2!3d32.9660053!4d-96.93712029999999"
Social Pack Dogs,http://www.socialpackdogs.com/,+1 214-803-9208,"2408 Tarpley Rd, Carrollton, TX 75006",Carrollton,75006,Texas,32.9788956,-96.8509498,https://lh3.googleusercontent.com/p/AF1QipOsn_u-P-2P9fViWJYc-qGKoRj-0r9v5MxtxfBC=w800-h500-k-no,"{""Sunday"": ""10-11AM,4-5PM"", ""Monday"": ""7-9:30AM,4:30-7PM"", ""Tuesday"": ""7-9:30AM,4:30-7PM"", ""Wednesday"": ""7-9:30AM,4:30-7PM"", ""Thursday"": ""7-9:30AM,4:30-7PM"", ""Friday"": ""7-9:30AM,4-6:30PM"", ""Saturday"": ""10-11AM,4-5PM""}",OPERATIONAL,,"https://www.google.com/maps/place/Social+Pack+Dogs/@32.9788956,-96.8509498,14z/data=!4m8!1m2!2m1!1sSocial+Pack+Dogs!3m4!1s0x864c26a72d13cc79:0xcccee07b75b40d32!8m2!3d32.9788956!4d-96.8509498"
Rosemeade Dog Park,http://www.cityofcarrollton.com/,+1 972-466-3080,"1330 E Rosemeade Pkwy, Carrollton, TX 75007",Carrollton,75007,Texas,33.0113028,-96.9068939,https://lh3.googleusercontent.com/gps-cs-s/AC9h4nr5hwo5rcgE1lho3erwEn2E9R9E3eo-LszQdXrjvYEc-Yo7FxC5NOLPNuOEtO9MOujkJQgbfMR6GinDu7p7FL43ssCMipVb-JRuFIIlIsq2l7XKFZWqvA2f_iD11Y4lDqFSflpL=w800-h500-k-no,"{""Sunday"": ""6:30AM-10PM"", ""Monday"": ""6:30AM-10PM"", ""Tuesday"": ""6:30AM-10PM"", ""Wednesday"": ""6:30AM-10PM"", ""Thursday"": ""10AM-10PM"", ""Friday"": ""6:30AM-10PM"", ""Saturday"": ""6:30AM-10PM""}",OPERATIONAL,,"https://www.google.com/maps/place/Rosemeade+Dog+Park/@33.011302799999996,-96.9068939,14z/data=!4m8!1m2!2m1!1sRosemeade+Dog+Park!3m4!1s0x864c2590a2ef9693:0xa10e71d45ffbd73d!8m2!3d33.011302799999996!4d-96.9068939"
Top Paw Resort,http://www.toppawresort.com/,+1 972-307-7648,"4272 Marsh Ridge Rd, Carrollton, TX 75010",Carrollton,75010,Texas,33.0267728,-96.8596648,https://lh3.googleusercontent.com/gps-cs-s/AC9h4nooOTUVDgdOvzDXa1MFhVKbuAAW-c3He7JRHBdfcL1Mjqiihvg8XBtOBn7axjI53OsZt2ChkRoRMLiB1D3JIQ2U5ADo1AJ6wrWERDC1GJB8mh5eVT8RAryrinWQKRc_N6275vVHqg=w800-h500-k-no,"{""Sunday"": ""9AM-1PM"", ""Monday"": ""7AM-7PM"", ""Tuesday"": ""7AM-7PM"", ""Wednesday"": ""7AM-7PM"", ""Thursday"": ""7AM-7PM"", ""Friday"": ""7AM-7PM"", ""Saturday"": ""9AM-4PM""}",OPERATIONAL,,"https://www.google.com/maps/place/Top+Paw+Resort/@33.026772799999996,-96.85966479999999,14z/data=!4m8!1m2!2m1!1sTop+Paw+Resort!3m4!1s0x864c24f59a3eb8a5:0x7ef64f7cb43b138e!8m2!3d33.026772799999996!4d-96.85966479999999"
Dogs Rule Resort,http://dogsruleresort.com/,+1 972-306-3647,"2501 Pecan St, Carrollton, TX 75010",Carrollton,75010,Texas,33.026097,-96.8606012,https://lh3.googleusercontent.com/gps-cs-s/AC9h4nqpTsuttakQW_x2IBfjMkPOvI8dMmZ8Fo4WKNv5C4lDi4KSo52kosuuTb7S6drXomxlvFXqKv9A-bu9kjCEL2rXT1IzfKcaSnnP1lK6ZJxi5_ePm1YfFux3GsSbdyvCYL6pJ7S7-w=w800-h500-k-no,"{""Sunday"": ""8:30AM-1:30PM"", ""Monday"": ""6:30AM-7PM"", ""Tuesday"": ""6:30AM-7PM"", ""Wednesday"": ""6:30AM-7PM"", ""Thursday"": ""6:30AM-7PM"", ""Friday"": ""6:30AM-7PM"", ""Saturday"": ""8:30AM-3:30PM""}",OPERATIONAL,,"https://www.google.com/maps/place/Dogs+Rule+Resort/@33.026097,-96.86060119999999,14z/data=!4m8!1m2!2m1!1sDogs+Rule+Resort!3m4!1s0x864c24f58c631815:0x4f10cf4b96f098a5!8m2!3d33.026097!4d-96.86060119999999"
Rosemeade Rainforest Aquatic Complex,https://www.cityofcarrollton.com/departments/departments-g-p/parks-recreation/aquatics,+1 972-466-6399,"1334 E Rosemeade Pkwy, Carrollton, TX 75007",Carrollton,75007,Texas,33.009191,-96.9069576,https://lh3.googleusercontent.com/gps-cs-s/AC9h4nou_65zPn1X-teUXUyfHPP-TxK4BeCyHkqps9dc9yC6sODTtR3tVsyKNZqak8SAiPwn8pHjGaaEiwzaQfHU1IQJlOZ3pHgbowJ_ZmBIIR6UjRp5olJDtrSUMpGwiym5_3QuOLeVVg=w800-h500-k-no,"{""Sunday"": ""1-6PM"", ""Monday"": ""11AM-8PM"", ""Tuesday"": ""11AM-8PM"", ""Wednesday"": ""11AM-8PM"", ""Thursday"": ""11AM-8PM"", ""Friday"": ""11AM-6PM"", ""Saturday"": ""10AM-6PM""}",OPERATIONAL,"Public swimming spot with pools, waterslides, a lazy river & other attractions plus a snack bar.","https://www.google.com/maps/place/Rosemeade+Rainforest+Aquatic+Complex/@33.009191,-96.9069576,14z/data=!4m8!1m2!2m1!1sRosemeade+Rainforest+Aquatic+Complex!3m4!1s0x864c2590a8a994bb:0x9a0b7f6f8216de44!8m2!3d33.009191!4d-96.9069576"
Barney's Ranch,https://www.barneysranch.com/,+1 469-450-7040,"1932 N Interstate 35E, Carrollton, TX 75006",Carrollton,75006,Texas,32.9676032,-96.9179573,https://lh3.googleusercontent.com/p/AF1QipNKUZYMmPysnnzPbDqICIgioivNEJqQDTTCLd8N=w800-h500-k-no,"{""Sunday"": ""4-6PM"", ""Monday"": ""7AM-7PM"", ""Tuesday"": ""7AM-7PM"", ""Wednesday"": ""7AM-7PM"", ""Thursday"": ""7AM-7PM"", ""Friday"": ""7AM-7PM"", ""Saturday"": ""8AM-5PM""}",OPERATIONAL,,"https://www.google.com/maps/place/Barney%27s+Ranch/@32.9676032,-96.9179573,14z/data=!4m8!1m2!2m1!1sBarney%27s+Ranch!3m4!1s0x864c2602df973869:0x91ca7e320b0bd90c!8m2!3d32.9676032!4d-96.9179573"
Cottage Hill Canine Country Club,http://www.cottagehillcaninecountryclub.com/,+1 972-382-2125,"6883 Private Rd 5150, Celina, TX 75009",Celina,75009,Texas,33.3027756,-96.711744,https://lh3.googleusercontent.com/gps-cs-s/AC9h4no-ntbkU-8vw0kZVepoxv_cx_raZvx8S7clD8d3OP7QW7DAvO6b87zcmHr1X6r9cdhSYqHrbKrBoG9mgO28D2MuBkenH6_9Si9ZpniRSoH6tylLS2szoVUsSdkIX95G3Al2cY3sJw=w800-h500-k-no,"{""Sunday"": ""Closed"", ""Monday"": ""8AM-6PM"", ""Tuesday"": ""8AM-6PM"", ""Wednesday"": ""8AM-6PM"", ""Thursday"": ""8AM-6PM"", ""Friday"": ""8AM-6PM"", ""Saturday"": ""8AM-12PM""}",OPERATIONAL,,"https://www.google.com/maps/place/Cottage+Hill+Canine+Country+Club/@33.3027756,-96.711744,14z/data=!4m8!1m2!2m1!1sCottage+Hill+Canine+Country+Club!3m4!1s0x8bb6b37654dad0d3:0xae1f954e2f557cb6!8m2!3d33.3027756!4d-96.711744"
Union Park Bark Park,https://www.littleelm.org/1420/Union-Park-Bark-Park,,"7000 Union Park Blvd, Aubrey, TX 76227",Aubrey,76227,Texas,33.2335562,-96.9198572,https://lh3.googleusercontent.com/gps-cs-s/AC9h4npyw1sAVQRg6uF--7UUfxtlKZ6Vpbtg0LnzyJo6L5bRgD4C6szrA8YCJUqrxP_cTq0vpJC4T175NQTptB_TVjMw97CfGtK3H3L5CtaJL7lUDCYnsUSjBrDV8RhAdLyc__K6W6XI=w800-h500-k-no,"{""Sunday"": ""Open 24 hours"", ""Monday"": ""Open 24 hours"", ""Tuesday"": ""Open 24 hours"", ""Wednesday"": ""Open 24 hours"", ""Thursday"": ""Open 24 hours"", ""Friday"": ""Open 24 hours"", ""Saturday"": ""Open 24 hours""}",OPERATIONAL,,"https://www.google.com/maps/place/Union+Park+Bark+Park/@33.233556199999995,-96.9198572,14z/data=!4m8!1m2!2m1!1sUnion+Park+Bark+Park!3m4!1s0x864c37137c4e8ef3:0xb559db5dd30a7711!8m2!3d33.233556199999995!4d-96.9198572"
Dogtopia of Frisco-Preston,https://www.dogtopia.com/frisco-preston/,+1 469-778-7300,"7227 Preston Rd, Frisco, TX 75034",Frisco,75034,Texas,33.1385975,-96.8056551,https://lh3.googleusercontent.com/p/AF1QipPct0Jg4oqWGWOkxYqAArEW9N2bfePN5tMB9QTi=w800-h500-k-no,"{""Sunday"": ""10AM-5PM"", ""Monday"": ""7AM-7PM"", ""Tuesday"": ""7AM-7PM"", ""Wednesday"": ""7AM-7PM"", ""Thursday"": ""7AM-7PM"", ""Friday"": ""7AM-7PM"", ""Saturday"": ""10AM-5PM""}",OPERATIONAL,,"https://www.google.com/maps/place/Dogtopia+of+Frisco-Preston/@33.138597499999996,-96.8056551,14z/data=!4m8!1m2!2m1!1sDogtopia+of+Frisco-Preston!3m4!1s0x864c3d362d84b877:0x82f16b1a9cb3d2f1!8m2!3d33.138597499999996!4d-96.8056551"
Ruff Range Dog Park,https://www.friscotexas.gov/1819/Ruff-Range-Dog-Park,+1 972-292-6500,"5335 4th Army Dr, Frisco, TX 75034",Frisco,75034,Texas,33.1224362,-96.8611978,https://lh3.googleusercontent.com/gps-cs-s/AC9h4no_if_6OFEDPNSz7zwyMNcVU2E9F71wpI1v2NTNolf_Q8jMZCK3VIuWfChurXptxOAwZTk4n0aF-ltWeORMlPNuVIld4BQGnvRBRSQQb5NSOYf2QJivFel1QKXyAX48Uc3m3txf=w800-h500-k-no,"{""Sunday"": ""8AM-8PM"", ""Monday"": ""8AM-8PM"", ""Tuesday"": ""8AM-8PM"", ""Wednesday"": ""Closed"", ""Thursday"": ""8AM-8PM"", ""Friday"": ""8AM-8PM"", ""Saturday"": ""8AM-8PM""}",OPERATIONAL,,"https://www.google.com/maps/place/Ruff+Range+Dog+Park/@33.122436199999996,-96.8611978,14z/data=!4m8!1m2!2m1!1sRuff+Range+Dog+Park!3m4!1s0x864c3ba33fa7b2e5:0x697d149ecc9ae70b!8m2!3d33.122436199999996!4d-96.8611978"
Pawsome Playground Dog Park,https://www.thecolonytx.gov/923/Pawsome-Playground-Dog-Park,+1 972-625-1106,"4800 E Lake Highlands Dr, The Colony, TX 75056",The Colony,75056,Texas,33.1023144,-96.8899062,https://lh3.googleusercontent.com/gps-cs-s/AC9h4nqY4N-bsJCJPPzclnCtIx3POAr-1vvuSYt6LIdG5DAbyHro1J385AD9VX_RtxrcfaRtN03Bc-tp96h1MdJ4iqyV6_ROHRxc1gz9a1srs8tymJ-Kg-CIhTTLzhgT7PET8OTnHm6w=w800-h500-k-no,"{""Sunday"": ""7AM-9PM"", ""Monday"": ""7AM-9PM"", ""Tuesday"": ""7AM-9PM"", ""Wednesday"": ""7AM-9PM"", ""Thursday"": ""3-9PM"", ""Friday"": ""7AM-9PM"", ""Saturday"": ""7AM-9PM""}",OPERATIONAL,,"https://www.google.com/maps/place/Pawsome+Playground+Dog+Park/@33.1023144,-96.8899062,14z/data=!4m8!1m2!2m1!1sPawsome+Playground+Dog+Park!3m4!1s0x864c3aefd80d499b:0x1be0509b2b028043!8m2!3d33.1023144!4d-96.8899062"
Dayspring Nature Preserve,https://www.cityofallen.org/parksrec_business_detail_T91_R125.php,+1 214-509-4700,"900 Comanche Dr, Allen, TX 75013",Allen,75013,Texas,33.1107579,-96.6909677,https://lh3.googleusercontent.com/gps-cs-s/AC9h4nq9QaqQcsTYvraYa5Hn6OsG75kQXYCgyEy6crYicxBHbvfZ9_xTEr6VVywiFuKxLmxH81b7ZH11fN8jCpJl-B6WDLwyujNi3t6ymVAXxu6iKdE1b3PLj35e066GPtMIXBwtLrQ-=w800-h500-k-no,"{""Sunday"": ""Open 24 hours"", ""Monday"": ""Open 24 hours"", ""Tuesday"": ""Open 24 hours"", ""Wednesday"": ""Open 24 hours"", ""Thursday"": ""Open 24 hours"", ""Friday"": ""Open 24 hours"", ""Saturday"": ""Open 24 hours""}",OPERATIONAL,"Leafy green space with paved & dirt trails for hiking or mountain biking, a pavilion & a playground.","https://www.google.com/maps/place/Dayspring+Nature+Preserve/@33.110757899999996,-96.6909677,14z/data=!4m8!1m2!2m1!1sDayspring+Nature+Preserve!3m4!1s0x864c1710d76eaa93:0xa2cf745d19a231ba!8m2!3d33.110757899999996!4d-96.6909677"
Country Meadows Park,https://www.cityofallen.org/parksrec_business_detail_T91_R123.php,+1 214-509-4700,"1511 Home Park Dr, Allen, TX 75002",Allen,75002,Texas,33.1111887,-96.6337089,https://lh3.googleusercontent.com/p/AF1QipOeLnJRsmLZtwzDi5DVKP-P02AxLuvBQioHGnr7=w800-h500-k-no,"{""Sunday"": ""5AM-11PM"", ""Monday"": ""5AM-11PM"", ""Tuesday"": ""5AM-11PM"", ""Wednesday"": ""5AM-11PM"", ""Thursday"": ""5AM-11PM"", ""Friday"": ""5AM-11PM"", ""Saturday"": ""5AM-11PM""}",OPERATIONAL,"Neighborhood recreational space featuring football/soccer fields, a playground & picnic sites.","https://www.google.com/maps/place/Country+Meadows+Park/@33.1111887,-96.6337089,14z/data=!4m8!1m2!2m1!1sCountry+Meadows+Park!3m4!1s0x864c10ee7ad6fc1b:0xd26b6f4ad6d143d4!8m2!3d33.1111887!4d-96.6337089"
Lakeside Village Dog Park,,,"2801 Lakeside Pkwy, Flower Mound, TX 75022",Flower Mound,75022,Texas,32.9885667,-97.0663649,https://lh3.googleusercontent.com/gps-cs-s/AC9h4nqPMsnFFiu-CqFcBbEjeZpUP86x5TUfv1yPn6ngaGbBkKQ8QHkJzkb1os-ImQRZgSJj-Kxf5Wsi8l2QgqBcrRe7JMpUbU0vjr8nHFrASHH_brgH2rHTgTw82inEB5pidE3GFVRq=w800-h500-k-no,"{""Sunday"": ""7AM-9PM"", ""Monday"": ""7AM-9PM"", ""Tuesday"": ""7AM-9PM"", ""Wednesday"": ""7AM-9PM"", ""Thursday"": ""7AM-9PM"", ""Friday"": ""7AM-9PM"", ""Saturday"": ""7AM-9PM""}",OPERATIONAL,,"https://www.google.com/maps/place/Lakeside+Village+Dog+Park/@32.9885667,-97.0663649,14z/data=!4m8!1m2!2m1!1sLakeside+Village+Dog+Park!3m4!1s0x864c2ddd72d18e49:0x36e2ceb7196d3a79!8m2!3d32.9885667!4d-97.0663649"
Wood Family Dog Park,https://www.littleelm.org/1447/Wood-Family-Dog-Park,,"1001 Witt Rd, Frisco, TX 75036",Frisco,75036,Texas,33.158133,-96.8963262,https://lh3.googleusercontent.com/gps-cs-s/AC9h4nq7bPIeSD_v1SLjQ7hcBJ6-LR1ns9Di88pfU1sxkKMIRdR_UtO02fXtRH8O7cWztzt3lFBvdYAD2XBXMeXcbt3KJOHHuCZiuuEpycOuyJxCrBzd5EMjqYR-2Rzzykrb4mCCSd3eCA=w800-h500-k-no,"{""Sunday"": ""7AM-8PM"", ""Monday"": ""7AM-8PM"", ""Tuesday"": ""7AM-8PM"", ""Wednesday"": ""7AM-8PM"", ""Thursday"": ""Closed"", ""Friday"": ""7AM-8PM"", ""Saturday"": ""7AM-8PM""}",OPERATIONAL,,"https://www.google.com/maps/place/Wood+Family+Dog+Park/@33.158133,-96.89632619999999,14z/data=!4m8!1m2!2m1!1sWood+Family+Dog+Park!3m4!1s0x864c3923881ab995:0x72b7419080d3b497!8m2!3d33.158133!4d-96.89632619999999"
Dogtopia of West Frisco,https://dogtopia.com/texas-west-frisco,+1 214-807-0230,"303 Main St suite 214, Frisco, TX 75034",Frisco,75034,Texas,33.15186,-96.889279,https://lh3.googleusercontent.com/p/AF1QipNgh0kYISHOBb0QV3q5gUaJvAU30aV-HlTpi_j7=w800-h500-k-no,,OPERATIONAL,,"https://www.google.com/maps/place/Dogtopia+of+West+Frisco/@33.15186,-96.889279,14z/data=!4m8!1m2!2m1!1sDogtopia+of+West+Frisco!3m4!1s0x864c3b5d220e6651:0x956d7bef3854655d!8m2!3d33.15186!4d-96.889279"
Frisco Hills Dog Park,,,"921 Frisco Hills Blvd, Little Elm, TX 75068",Little Elm,75068,Texas,33.204244,-96.8966557,https://lh3.googleusercontent.com/gps-cs-s/AC9h4nphn0Zq2wxjJLb3QEEMxgmqhO0ghLkxBMKo8BUkiEg248YId7ajCpoLp4YBidQ8y5AU5616GCOW0TIY6ndH5Af-ttMCIvwGbz3OJf_Ps_8VC6N6OhyQv5b64DjW7Zr0g6l9kfay=w800-h500-k-no,"{""Sunday"": ""6AM-10PM"", ""Monday"": ""6AM-10PM"", ""Tuesday"": ""6AM-10PM"", ""Wednesday"": ""6AM-10PM"", ""Thursday"": ""6AM-10PM"", ""Friday"": ""6AM-10PM"", ""Saturday"": ""6AM-10PM""}",OPERATIONAL,,"https://www.google.com/maps/place/Frisco+Hills+Dog+Park/@33.204243999999996,-96.8966557,14z/data=!4m8!1m2!2m1!1sFrisco+Hills+Dog+Park!3m4!1s0x864c3947e2c191d3:0xa7e59c7a8e83763e!8m2!3d33.204243999999996!4d-96.8966557"
The Grove Dog Park,,,"15919 Fig Ln, Frisco, TX 75035",Frisco,75035,Texas,33.1508517,-96.7374288,https://streetviewpixels-pa.googleapis.com/v1/thumbnail?panoid=0tIGpz-esldN0FpDT3aumw&cb_client=search.gws-prod.gps&w=800&h=500&yaw=195.20383&pitch=0&thumbfov=100,,OPERATIONAL,,"https://www.google.com/maps/place/The+Grove+Dog+Park/@33.1508517,-96.73742879999999,14z/data=!4m8!1m2!2m1!1sThe+Grove+Dog+Park!3m4!1s0x864c17f929b90dd3:0x71269954e6b9b65b!8m2!3d33.1508517!4d-96.73742879999999"
Cortland One Twenty One Dog Park,,,"4777 Memorial Dr, The Colony, TX 75056",The Colony,75056,Texas,33.0708574,-96.8915434,https://streetviewpixels-pa.googleapis.com/v1/thumbnail?panoid=Y8ivHmjQYfTSw_jGO9FYpA&cb_client=search.gws-prod.gps&w=800&h=500&yaw=73.18409&pitch=0&thumbfov=100,,OPERATIONAL,,"https://www.google.com/maps/place/Cortland+One+Twenty+One+Dog+Park/@33.0708574,-96.89154339999999,14z/data=!4m8!1m2!2m1!1sCortland+One+Twenty+One+Dog+Park!3m4!1s0x864c3b00485b0571:0x22c9ed26082d97ee!8m2!3d33.0708574!4d-96.89154339999999"
The Dog Stop - The Colony,https://thedogstop.com/locations/texas/the-colony/,+1 945-245-4364,"5000 Main St Suite 25, The Colony, TX 75056",The Colony,75056,Texas,33.0815833,-96.8910974,https://lh3.googleusercontent.com/p/AF1QipNUbEiVw38gdEVs_xFy4zlTwx1G8b80shHWLPHK=w800-h500-k-no,"{""Sunday"": ""8AM-5PM"", ""Monday"": ""6:30AM-7PM"", ""Tuesday"": ""6:30AM-7PM"", ""Wednesday"": ""6:30AM-7PM"", ""Thursday"": ""6:30AM-7PM"", ""Friday"": ""6:30AM-7PM"", ""Saturday"": ""8AM-5PM""}",OPERATIONAL,,"https://www.google.com/maps/place/The+Dog+Stop+-+The+Colony/@33.0815833,-96.89109739999999,14z/data=!4m8!1m2!2m1!1sThe+Dog+Stop+-+The+Colony!3m4!1s0x864c3b1337b0fa1d:0xdaa9c0ee39ec199c!8m2!3d33.0815833!4d-96.89109739999999"
Super Paws Dog Resort,https://www.superpawsdogresort.com/,+1 972-377-9060,"6800 Windhaven Pkwy #119, The Colony, TX 75056",The Colony,75056,Texas,33.0552844,-96.8479151,https://lh3.googleusercontent.com/p/AF1QipPe33xFYDL-ExIQABP0CjxR_DaRkXp3nBXUkB4=w800-h500-k-no,"{""Sunday"": ""Closed"", ""Monday"": ""7AM-6PM"", ""Tuesday"": ""7AM-6PM"", ""Wednesday"": ""7AM-6PM"", ""Thursday"": ""7AM-6PM"", ""Friday"": ""7AM-6PM"", ""Saturday"": ""Closed""}",OPERATIONAL,,"https://www.google.com/maps/place/Super+Paws+Dog+Resort/@33.0552844,-96.8479151,14z/data=!4m8!1m2!2m1!1sSuper+Paws+Dog+Resort!3m4!1s0x864c250725fd2ff1:0xfcba99bfe5212bc6!8m2!3d33.0552844!4d-96.8479151"
Moonlight Shadow Ranch Pet Resort,http://www.moonlightshadowranch.com/,+1 469-774-8289,"380 Co Rd 2148, Greenville, TX 75402",Greenville,75402,Texas,33.1300639,-96.2091285,https://lh3.googleusercontent.com/p/AF1QipO8RYP9PoGwPY_6m5yeOOVe0z-8xvFTWtAVTVS_=w800-h500-k-no,"{""Sunday"": ""Closed"", ""Monday"": ""7AM-7PM"", ""Tuesday"": ""7AM-7PM"", ""Wednesday"": ""7AM-7PM"", ""Thursday"": ""7AM-7PM"", ""Friday"": ""7AM-7PM"", ""Saturday"": ""7AM-7PM""}",OPERATIONAL,,"https://www.google.com/maps/place/Moonlight+Shadow+Ranch+Pet+Resort/@33.130063899999996,-96.20912849999999,14z/data=!4m8!1m2!2m1!1sMoonlight+Shadow+Ranch+Pet+Resort!3m4!1s0x864befbcfbdb5fa5:0x4da70bef754c3327!8m2!3d33.130063899999996!4d-96.20912849999999"
North Texas Safari Park,https://sites.google.com/view/northtexassafaripark-com/home,+1 903-718-0305,"2920 US-82, Bonham, TX 75418",Bonham,75418,Texas,33.6044116,-96.2168707,https://lh3.googleusercontent.com/gps-cs-s/AC9h4nohkiTKGeNyTpb4AnLG-GGQodb7qgTvvPjxWRF_uHKenmCtpgEQ-8NsCuCk581EDlhXBUuIVS1M-TnZGrrQQbbvDmsdfoLxuaNagwW9HPgeaiYxTY6tX2GoESgixaoPQ0tsniVeBg=w800-h500-k-no,"{""Sunday"": ""9AM-3PM"", ""Monday"": ""Closed"", ""Tuesday"": ""Closed"", ""Wednesday"": ""Closed"", ""Thursday"": ""Closed"", ""Friday"": ""9AM-3PM"", ""Saturday"": ""9AM-3PM""}",OPERATIONAL,"We are a drive through & a walk through safari park. We offer up close personal experiences with some of the most amazing animals from around the world🦒 we offer lemur & sloth encounters upon arrival at the park only. Hope to see you soon!
Admission Tickets for Adults: $25pp, 12 & under: $20pp, 2 & under are Free w a paying Adult.","https://www.google.com/maps/place/North+Texas+Safari+Park/@33.6044116,-96.2168707,14z/data=!4m8!1m2!2m1!1sNorth+Texas+Safari+Park!3m4!1s0x864b8373f3ef8e8f:0x8cce6c0553a1ff73!8m2!3d33.6044116!4d-96.2168707"
Commerce Dog Park,https://www.facebook.com/dogparkcommerce,,"1907 Park St, Commerce, TX 75428",Commerce,75428,Texas,33.2419173,-95.8986293,https://lh3.googleusercontent.com/gps-cs-s/AC9h4nr1y3joLmoOgSMe26CwVhrQN0o0OUbMZQWQym2FfvPCoVHkWgDSs1rQ1U2u5YMJQA9R6RcgwPqGX89sJg9jJgq2Ms2Zd-a3hW4w9H9YMZ7gx7xdox5LHWAsPa8z-jgyz1YjeyLo=w800-h500-k-no,"{""Sunday"": ""6AM-8PM"", ""Monday"": ""6AM-8PM"", ""Tuesday"": ""6AM-8PM"", ""Wednesday"": ""6AM-8PM"", ""Thursday"": ""6AM-8PM"", ""Friday"": ""6AM-8PM"", ""Saturday"": ""6AM-8PM""}",OPERATIONAL,,"https://www.google.com/maps/place/Commerce+Dog+Park/@33.2419173,-95.8986293,14z/data=!4m8!1m2!2m1!1sCommerce+Dog+Park!3m4!1s0x864bc9c7981c8687:0x8abdf5a2b3555b87!8m2!3d33.2419173!4d-95.8986293"
Pampered Paws Dog Hotel,http://www.pamperedpawsdoghotel.com/,+1 903-486-8079,"2245 US-82, Dodd City, TX 75438",Dodd City,75438,Texas,33.6058943,-96.1173932,https://lh3.googleusercontent.com/p/AF1QipP4vFm1Wxzrai5Rg2SQpxi_XDPj0Fpi3CN3X3ib=w800-h500-k-no,"{""Sunday"": ""8AM-12PM,2-6PM"", ""Monday"": ""8AM-12PM,2-6PM"", ""Tuesday"": ""8AM-12PM,2-6PM"", ""Wednesday"": ""8AM-12PM,2-6PM"", ""Thursday"": ""8AM-12PM,2-6PM"", ""Friday"": ""8AM-12PM,2-6PM"", ""Saturday"": ""8AM-12PM,2-6PM""}",OPERATIONAL,Our business has been a family business since 2016. Our mission is to pamper your dogs while you're away.,"https://www.google.com/maps/place/Pampered+Paws+Dog+Hotel/@33.605894299999996,-96.1173932,14z/data=!4m8!1m2!2m1!1sPampered+Paws+Dog+Hotel!3m4!1s0x864b9e5475a12d57:0x28023d2ce4e312d6!8m2!3d33.605894299999996!4d-96.1173932"
"Cowboys RV Park- Emory, Tx",http://cowboysrv.com/,+1 903-283-8142,"1792 TX-19, Emory, TX 75440",Emory,75440,Texas,32.8957201,-95.750945,https://lh3.googleusercontent.com/p/AF1QipNyqZkwLmUXy7gxqJKccOY2KptEKVqv8yRd7ol7=w800-h500-k-no,,OPERATIONAL,"Our RV park is located in the heart of Emory, Texas, surrounded by stunning scenery and plenty of outdoor activities for the whole family.
We offer a variety of amenities to make your stay comfortable and convenient, including full hookups, laundry facilities, showers, dog park and more.","https://www.google.com/maps/place/Cowboys+RV+Park-+Emory%2C+Tx/@32.8957201,-95.750945,14z/data=!4m8!1m2!2m1!1sCowboys+RV+Park-+Emory%2C+Tx!3m4!1s0x86497f002d52e35f:0xa3af35767ea4c922!8m2!3d32.8957201!4d-95.750945"
Inn The Doghouse Boarding,https://www.innthedoghouseboarding.com/,+1 214-208-5603,"3497 Co Rd 613, Farmersville, TX 75442",Farmersville,75442,Texas,33.2098954,-96.3849875,https://lh3.googleusercontent.com/gps-cs-s/AC9h4npwrux2dQUTwpTF_7AbtIPg2b3pBGzsFpNhkLdnvfpxluzOmm7PnYd8MZSPCBQ-YfwEdmVt0agX6Qp_ncwHJDwqxyc3Bhu_loap0I8Bw1NoP-Zg41dSSznvn0GAX0oT36-C6NzW=w800-h500-k-no,"{""Sunday"": ""7:30-9AM,4-5PM"", ""Monday"": ""7:15-9AM,4-6PM"", ""Tuesday"": ""7:15-9AM,4-6PM"", ""Wednesday"": ""7:15-9AM,4-6PM"", ""Thursday"": ""7:15-9AM,4-6PM"", ""Friday"": ""7:15-9AM,4-6PM"", ""Saturday"": ""7:30-9AM,4-5PM""}",OPERATIONAL,"Welcome to Inn the Doghouse Boarding! Since November 2023, we've been a cozy retreat just outside Farmersville, Texas, offering exceptional care for dogs of all sizes. Our dedicated team ensures a safe, comfortable stay, with spacious accommodations and supervised play areas. We tailor our services to meet each dog's unique needs, prioritizing transparency, communication, and trust-building. From a seamless booking process to regular updates with photos, your pet's happiness and safety are our top priorities. Experience a warm and inviting atmosphere at Inn the Doghouse Boarding!","https://www.google.com/maps/place/Inn+The+Doghouse+Boarding/@33.2098954,-96.3849875,14z/data=!4m8!1m2!2m1!1sInn+The+Doghouse+Boarding!3m4!1s0x8d6650f43e91f379:0x3f34175444f6b897!8m2!3d33.2098954!4d-96.3849875"
North Texas Dog Haus,http://www.northtexasdoghaus.com/,+1 972-302-6511,"17000 S State Hwy 78, Leonard, TX 75452",Leonard,75452,Texas,33.3801257,-96.2674271,https://lh3.googleusercontent.com/p/AF1QipPDNydmbuN8zy5prXn77buJbbm78yVJWU2ffYpX=w800-h500-k-no,"{""Sunday"": ""Open 24 hours"", ""Monday"": ""Open 24 hours"", ""Tuesday"": ""Open 24 hours"", ""Wednesday"": ""Open 24 hours"", ""Thursday"": ""Open 24 hours"", ""Friday"": ""Open 24 hours"", ""Saturday"": ""Open 24 hours""}",OPERATIONAL,"With a dedicated and experienced staff, our state-of-the-art facility provides personalized attention, ample play areas, and strict cleanliness standards. We prioritize safety, maintaining secure premises and requiring up-to-date vaccinations. From regular exercise and interactive play to individualized care, we ensure each dog's well-being and happiness. With open communication and regular updates, we strive to give pet owners peace of mind while they are away. Choose The Dog Haus as your dogs boarding destination for reliable and trustworthy boarding services.","https://www.google.com/maps/place/North+Texas+Dog+Haus/@33.3801257,-96.26742709999999,14z/data=!4m8!1m2!2m1!1sNorth+Texas+Dog+Haus!3m4!1s0x864b8ffe2e043057:0x736f1ec8cd532204!8m2!3d33.3801257!4d-96.26742709999999"
Bow Wow Bunkhouse Daycare-Boarding-Grooming,http://www.bowwowbunkhouse.com/,+1 903-450-6655,"1755 RS/CR 1610, Lone Oak, TX 75453",Lone Oak,75453,Texas,32.9551071,-95.9443069,https://lh3.googleusercontent.com/p/AF1QipNfygoIsfe8XleOW9dhgTiLUoUWcwzG0achOjMg=w800-h500-k-no,"{""Sunday"": ""4:30-5:30PM"", ""Monday"": ""8AM-5:30PM"", ""Tuesday"": ""8AM-5:30PM"", ""Wednesday"": ""8AM-5:30PM"", ""Thursday"": ""8AM-5:30PM"", ""Friday"": ""8AM-5:30PM"", ""Saturday"": ""9AM-5PM""}",OPERATIONAL,"Day care
Overnight stay
Pet Grooming
Baths and Nail trim","https://www.google.com/maps/place/Bow+Wow+Bunkhouse+Daycare-Boarding-Grooming/@32.9551071,-95.9443069,14z/data=!4m8!1m2!2m1!1sBow+Wow+Bunkhouse+Daycare-Boarding-Grooming!3m4!1s0x864bd9ac34d1b191:0xa360815ee20fd3e9!8m2!3d32.9551071!4d-95.9443069"
K9 R&R Boarding and Training,http://k9petvacation.com/,+1 979-921-0457,"2640 25th St, Hempstead, TX 77445",Hempstead,77445,Texas,30.0808229,-96.096606,https://lh3.googleusercontent.com/gps-cs-s/AC9h4nrnmTZM4s0_bD7vtKSPmva0z6yfOFPxgTAQ-G6wLlY1sSz4RJPgM1olrKInY_ci6j95RMr2PI9QTuHz-g4pB34Olx2TQesbkFqsX2a87FPDIPzq6OLY_2fEmn56R3HUqXcF8W0NzQ=w800-h500-k-no,,OPERATIONAL,,"https://www.google.com/maps/place/K9+R%26R+Boarding+and+Training/@30.080822899999998,-96.096606,14z/data=!4m8!1m2!2m1!1sK9+R%26R+Boarding+and+Training!3m4!1s0x8646b5bbd116364b:0x76741cfdf374cc2d!8m2!3d30.080822899999998!4d-96.096606"
Kickapoo Ranch Pet Resort,https://www.kickapooranchpetresort.com/?utm_source=googlemb,+1 936-931-9480,"23230 Kickapoo Rd, Waller, TX 77484",Waller,77484,Texas,30.1141628,-95.8768759,https://lh3.googleusercontent.com/gps-cs-s/AC9h4nqYPTPu4gDyWQXSJj-K7tb3RUW1dsExmnkeO4OYXn9QKH30e9IMj96lrTe1qtRuFp2OMGt7mMjfuCQCdGZQwU01jl4z9VgjuL4AZyoAE9ZqJRcKvKJFpZNrnnyIEnvh95yd3LI=w800-h500-k-no,"{""Sunday"": ""9AM-4PM"", ""Monday"": ""7AM-6PM"", ""Tuesday"": ""7AM-6PM"", ""Wednesday"": ""7AM-6PM"", ""Thursday"": ""7AM-6PM"", ""Friday"": ""7AM-6PM"", ""Saturday"": ""9AM-4PM""}",OPERATIONAL,"Kickapoo Ranch Pet Resort is one of the nation’s most luxurious pet destinations nestled on more than 40 acres in the countryside of Waller, TX. Give your pet a pleasurable and incomparable experience during their overnight boarding, dog daycare, dog training or dog bath. We’re a country club for pets, complete with clean natural ponds, wooded walking paths, and 24/7 on-site supervision.","https://www.google.com/maps/place/Kickapoo+Ranch+Pet+Resort/@30.1141628,-95.8768759,14z/data=!4m8!1m2!2m1!1sKickapoo+Ranch+Pet+Resort!3m4!1s0x8646d2227985e1df:0xfe100e6a97efd255!8m2!3d30.1141628!4d-95.8768759"
Bauer Landing Dog Park,,,"20735 Sunshine Meadow Dr, Hockley, TX 77447",Hockley,77447,Texas,30.078015,-95.7698286,https://lh3.googleusercontent.com/gps-cs-s/AC9h4nrGzjs_g-qoKPFHUG5UitFFBjJztpoGzb750ut6n5BKVFsAixFC-TcU2DCestHqjj6O-0Hn20cMRZ2aFlJdhlucyAk_i93EqS7PKGQv96vVehsEyJAxExTFEBXU3NBcP55GlVa08g=w800-h500-k-no,,OPERATIONAL,,"https://www.google.com/maps/place/Bauer+Landing+Dog+Park/@30.078014999999997,-95.7698286,14z/data=!4m8!1m2!2m1!1sBauer+Landing+Dog+Park!3m4!1s0x8646d5b82bd8eed9:0x57f4bfb77575cfdb!8m2!3d30.078014999999997!4d-95.7698286"
Dog's Day Inn Pet Resort,https://www.mydogsdayinn.net/locations/katy-location/,+1 281-994-8026,"1771 Westgreen Blvd, Katy, TX 77450",Katy,77450,Texas,29.7584932,-95.733744,https://lh3.googleusercontent.com/p/AF1QipPu8yZkEWSXq2594bjrn5tinpnhKSqTVAjVmElU=w800-h500-k-no,"{""Sunday"": ""10AM-4PM"", ""Monday"": ""7AM-6PM"", ""Tuesday"": ""7AM-6PM"", ""Wednesday"": ""7AM-6PM"", ""Thursday"": ""7AM-6PM"", ""Friday"": ""7AM-6PM"", ""Saturday"": ""8AM-6PM""}",OPERATIONAL,,"https://www.google.com/maps/place/Dog%27s+Day+Inn+Pet+Resort/@29.7584932,-95.733744,14z/data=!4m8!1m2!2m1!1sDog%27s+Day+Inn+Pet+Resort!3m4!1s0x864120ab6c12774d:0xe36805bb2aeacd48!8m2!3d29.7584932!4d-95.733744"
Canine Cove,,,"24222 Wildwood Park Rd, Richmond, TX 77469",Richmond,77469,Texas,29.5638715,-95.7527647,https://lh3.googleusercontent.com/gps-cs-s/AC9h4noB3UOlVBbbR_9HzrXogNoF0Hwgzd-vD_-U5UztU-OGc0rTTPbrHp1wTaq1oCCfpY2n1lxPDyfBYBA-BtUMeJhGYNRWGf6cbBxK-0Zkmb6fqDp65FEE7Tjjh3bSoQGhClAallQ=w800-h500-k-no,,OPERATIONAL,,"https://www.google.com/maps/place/Canine+Cove/@29.563871499999998,-95.7527647,14z/data=!4m8!1m2!2m1!1sCanine+Cove!3m4!1s0x86411d4c2db1afff:0x7ec3600c7e5d6f18!8m2!3d29.563871499999998!4d-95.7527647"
Dog Park,https://rosenbergtx.gov/213/Parks-Recreation,,"1323 Bell Ridge Ln, Rosenberg, TX 77471",Rosenberg,77471,Texas,29.5499627,-95.7584664,https://lh3.googleusercontent.com/gps-cs-s/AC9h4nqb_9Eg-mclZZ4z1fPobhOkksmiY7XpSUXRqt4uOa_vBH-TTRWl_RZc1O-TKoU3QXXZH3Oz6mGwC5YzMWlVLsex8HN6FHwQvbj8HoWNnWqFg4Do2UFPWKYGZAbiroBbv7rFcFR7=w800-h500-k-no,,OPERATIONAL,,"https://www.google.com/maps/place/Dog+Park/@29.5499627,-95.75846639999999,14z/data=!4m8!1m2!2m1!1sDog+Park!3m4!1s0x86411d4e584f1639:0x5eb5288465012602!8m2!3d29.5499627!4d-95.75846639999999"
Walnut Creek Dog Park,,,"2203 Alden Bay Ct, Rosenberg, TX 77469",Rosenberg,77469,Texas,29.5127807,-95.7371189,https://lh3.googleusercontent.com/gps-cs-s/AC9h4npnvnChOhv11XQJvdsNHpn8JyHlJPpFRgIqTxphVa_QMHyAPJoyI6kBiXFBnIwGpVq9H_vOqbWKyZ6X-0khOdbB_qxu5lse0zBKn8-e6F2AyaqDv6dRoT3TWuIWtdn6k-G1=w800-h500-k-no,"{""Sunday"": ""7AM-9PM"", ""Monday"": ""7AM-9PM"", ""Tuesday"": ""7AM-9PM"", ""Wednesday"": ""7AM-9PM"", ""Thursday"": ""7AM-9PM"", ""Friday"": ""7AM-9PM"", ""Saturday"": ""7AM-9PM""}",OPERATIONAL,,"https://www.google.com/maps/place/Walnut+Creek+Dog+Park/@29.5127807,-95.7371189,14z/data=!4m8!1m2!2m1!1sWalnut+Creek+Dog+Park!3m4!1s0x86411dcb4e59ba87:0xadc99990be5f937f!8m2!3d29.5127807!4d-95.7371189"
River Park Bark Park,,,"2511 Wimberly Canyon Dr, Rosenberg, TX 77469",Rosenberg,77469,Texas,29.5729656,-95.6834033,https://lh3.googleusercontent.com/gps-cs-s/AC9h4nocYJv_mvKoZxf3X-Cn4_U902IxoUSffTglkxvjtAvSBKzKz-8HQ6mVIL6YOlVm5qIsrdajuy60-DVtgR_DR1YNifcdKovWxpYOz_mFHp8ypHDIS3Yb9JVR8Tj_GzuUo7mtHo8=w800-h500-k-no,,OPERATIONAL,,"https://www.google.com/maps/place/River+Park+Bark+Park/@29.5729656,-95.6834033,14z/data=!4m8!1m2!2m1!1sRiver+Park+Bark+Park!3m4!1s0x8640e3d24fbf9a25:0x410e1485c78ed5e3!8m2!3d29.5729656!4d-95.6834033"
J-Canine Pet Resort,http://www.j-canine.com/,+1 281-633-9464,"1525 Anton Stade Rd, Rosenberg, TX 77471",Rosenberg,77471,Texas,29.5315875,-95.8964475,https://lh3.googleusercontent.com/gps-cs-s/AC9h4nocsHrYpzTZpgH9oDBtJEQpzHmBOHcMXn8Mg-68rTepFDlKhXfExCKMCgJchDniSwWGsbxyTgxxqJUIrj-QWv6WfZ2lcVFf7Xx2f2pnU_E-1UcLu0LMmA_l6MH4TQG-iYzV2FOO=w800-h500-k-no,"{""Sunday"": ""2-6PM"", ""Monday"": ""7AM-6PM"", ""Tuesday"": ""7AM-6PM"", ""Wednesday"": ""7AM-6PM"", ""Thursday"": ""7AM-6PM"", ""Friday"": ""7AM-6PM"", ""Saturday"": ""8AM-12PM""}",OPERATIONAL,,"https://www.google.com/maps/place/J-Canine+Pet+Resort/@29.531587499999997,-95.8964475,14z/data=!4m8!1m2!2m1!1sJ-Canine+Pet+Resort!3m4!1s0x86411082a1c2edff:0x9588c55f5d7e1a63!8m2!3d29.531587499999997!4d-95.8964475"
Rockin' K Kennels,https://www.kennelbooker.com/clientlogin.aspx?id=f72ef88e-fb04-4f95-8515-f85752b4f322,+1 979-627-5048,"8158 Gosler Rd, Sealy, TX 77474",Sealy,77474,Texas,29.8435948,-96.217337,https://lh3.googleusercontent.com/p/AF1QipPgD9LHK0AKVkV994l_yFtZvAYQqdE1c6IM6S4m=w800-h500-k-no,"{""Sunday"": ""Closed"", ""Monday"": ""9AM-6PM"", ""Tuesday"": ""9AM-6PM"", ""Wednesday"": ""9AM-6PM"", ""Thursday"": ""9AM-6PM"", ""Friday"": ""9AM-6PM"", ""Saturday"": ""Closed""}",OPERATIONAL,"We are recently able to take a few new clients (non-aggressive dogs only)! Please contact Regina at her NEW number, 979-627-5048, to see if we can accommodate your pet boarding needs!","https://www.google.com/maps/place/Rockin%27+K+Kennels/@29.843594799999998,-96.217337,14z/data=!4m8!1m2!2m1!1sRockin%27+K+Kennels!3m4!1s0x86414fb9306fca1d:0x76711184e53e9778!8m2!3d29.843594799999998!4d-96.217337"
Splashway Water Park,https://www.splashway.com/?utm_source=GBP,+1 979-234-7718,"5211 Main St, Sheridan, TX 77475",Sheridan,77475,Texas,29.4975062,-96.6710189,https://lh3.googleusercontent.com/p/AF1QipOBqp9raTAbePWF_OKwgG9w2n6JPLhA26MsR3rq=w800-h500-k-no,"{""Sunday"": ""11AM-5PM"", ""Monday"": ""11AM-5PM"", ""Tuesday"": ""Closed"", ""Wednesday"": ""Closed"", ""Thursday"": ""Closed"", ""Friday"": ""Closed"", ""Saturday"": ""11AM-6PM""}",OPERATIONAL,"Family-friendly water park featuring slides, a wave pool & a lazy river, plus on-site campgrounds.","https://www.google.com/maps/place/Splashway+Water+Park/@29.4975062,-96.67101889999999,14z/data=!4m8!1m2!2m1!1sSplashway+Water+Park!3m4!1s0x8643c69bb17b7b5f:0x54675e8f3b2b4294!8m2!3d29.4975062!4d-96.67101889999999"
New Territory Dog Park,,,"1231 Woodley Bend, Sugar Land, TX 77479",Sugar Land,77479,Texas,29.584208,-95.6856525,https://streetviewpixels-pa.googleapis.com/v1/thumbnail?panoid=R5PzE3D5BWJiaC9aat-pbA&cb_client=search.gws-prod.gps&w=800&h=500&yaw=225.95645&pitch=0&thumbfov=100,,OPERATIONAL,,"https://www.google.com/maps/place/New+Territory+Dog+Park/@29.584208,-95.68565249999999,14z/data=!4m8!1m2!2m1!1sNew+Territory+Dog+Park!3m4!1s0x8640e13f3f5704bb:0xd649f967734ef2f3!8m2!3d29.584208!4d-95.68565249999999"
Fur Paws,http://www.furpawspethotel.com/,+1 713-485-5522,"5004 Katy Fwy, Houston, TX 77007",Houston,77007,Texas,29.7782426,-95.411991,https://lh3.googleusercontent.com/p/AF1QipMiZPol30OFsPGgD6YOU8p5BnAZOyWU3eogXLc7=w800-h500-k-no,"{""Sunday"": ""8AM-5PM"", ""Monday"": ""6:30AM-7PM"", ""Tuesday"": ""6:30AM-7PM"", ""Wednesday"": ""6:30AM-7PM"", ""Thursday"": ""6:30AM-7PM"", ""Friday"": ""6:30AM-7PM"", ""Saturday"": ""8AM-5PM""}",OPERATIONAL,,"https://www.google.com/maps/place/Fur+Paws/@29.7782426,-95.411991,14z/data=!4m8!1m2!2m1!1sFur+Paws!3m4!1s0x8640c7fbf60053a3:0x2a08944a3d89d1f4!8m2!3d29.7782426!4d-95.411991"
Hounds Town Houston Heights,https://houndstownusa.com/locations/houston-heights/?utm_source=google,+1 346-618-0368,"1216 Durham Dr, Houston, TX 77007",Houston,77007,Texas,29.7725118,-95.4102974,https://lh3.googleusercontent.com/p/AF1QipMbQynSATChRvkjncZuzQrlRSFb2KuvbfKvtHDN=w800-h500-k-no,"{""Sunday"": ""11AM-1PM"", ""Monday"": ""6:30AM-7PM"", ""Tuesday"": ""6:30AM-7PM"", ""Wednesday"": ""6:30AM-7PM"", ""Thursday"": ""6:30AM-7PM"", ""Friday"": ""6:30AM-7PM"", ""Saturday"": ""8AM-4PM""}",OPERATIONAL,,"https://www.google.com/maps/place/Hounds+Town+Houston+Heights/@29.7725118,-95.41029739999999,14z/data=!4m8!1m2!2m1!1sHounds+Town+Houston+Heights!3m4!1s0x8640c7f97b9fdcef:0xd90d42d750660fbe!8m2!3d29.7725118!4d-95.41029739999999"
Sit Bar,,,"8200 Washington Ave, Houston, TX 77007",Houston,77007,Texas,29.7829772,-95.4360986,https://streetviewpixels-pa.googleapis.com/v1/thumbnail?panoid=tgpgRa5VdJ8cl_fsimfxkQ&cb_client=search.gws-prod.gps&w=800&h=500&yaw=70.04153&pitch=0&thumbfov=100,,OPERATIONAL,,"https://www.google.com/maps/place/Sit+Bar/@29.782977199999998,-95.4360986,14z/data=!4m8!1m2!2m1!1sSit+Bar!3m4!1s0x8640c7455650fae3:0x8be355626c399858!8m2!3d29.782977199999998!4d-95.4360986"
Levy Dog Park,,,"3709 Eastside St, Houston, TX 77098",Houston,77098,Texas,29.7323868,-95.4241388,https://streetviewpixels-pa.googleapis.com/v1/thumbnail?panoid=SPusJoa_6zvCo_PW8ergTA&cb_client=search.gws-prod.gps&w=800&h=500&yaw=60.679634&pitch=0&thumbfov=100,,OPERATIONAL,,"https://www.google.com/maps/place/Levy+Dog+Park/@29.732386799999997,-95.4241388,14z/data=!4m8!1m2!2m1!1sLevy+Dog+Park!3m4!1s0x8640c1000630306d:0xe869dd94ab775f23!8m2!3d29.732386799999997!4d-95.4241388"
Spa For Paws,http://spaforpaws.com/,+1 915-584-5469,"4728 Doniphan Dr # A, El Paso, TX 79922",El Paso,79922,Texas,31.834129,-106.574784,https://lh3.googleusercontent.com/p/AF1QipOtacJeLroAkBpt17KN8aqeio8OYwATYFrSubeJ=w800-h500-k-no,"{""Sunday"": ""4-5PM"", ""Monday"": ""7AM-6PM"", ""Tuesday"": ""7AM-6PM"", ""Wednesday"": ""7AM-6PM"", ""Thursday"": ""7AM-6PM"", ""Friday"": ""7AM-6PM"", ""Saturday"": ""7AM-12PM""}",OPERATIONAL,,"https://www.google.com/maps/place/Spa+For+Paws/@31.834128999999997,-106.574784,14z/data=!4m8!1m2!2m1!1sSpa+For+Paws!3m4!1s0x86ddf851952e32dd:0x2a46ab225ad2b7e0!8m2!3d31.834128999999997!4d-106.574784"
Time Out Indoor Play,,+1 915-471-8044,"6351 S Desert Blvd suite 213, El Paso, TX 79932",El Paso,79932,Texas,31.8796177,-106.5823126,https://lh3.googleusercontent.com/p/AF1QipMimGGFiHTYk1-v45qoe8sj7IkTSqqJkHGY5NBk=w800-h500-k-no,"{""Sunday"": ""Closed"", ""Monday"": ""10AM-6PM"", ""Tuesday"": ""10AM-6PM"", ""Wednesday"": ""10AM-6PM"", ""Thursday"": ""10AM-1PM"", ""Friday"": ""10AM-6PM"", ""Saturday"": ""Closed""}",OPERATIONAL,,"https://www.google.com/maps/place/Time+Out+Indoor+Play/@31.879617699999997,-106.5823126,14z/data=!4m8!1m2!2m1!1sTime+Out+Indoor+Play!3m4!1s0x86ddf923697b396f:0xbd428530326ecbf0!8m2!3d31.879617699999997!4d-106.5823126"
Tots and Play,https://totsandplay.com/,+1 915-328-5627,"750 Sunland Park Dr suite g 05, El Paso, TX 79912",El Paso,79912,Texas,31.8144216,-106.5440443,https://lh3.googleusercontent.com/p/AF1QipNRYkie9JDfKD4Dt7s3pbayROrj40F-DhhF4Ib7=w800-h500-k-no,"{""Sunday"": ""1-6PM"", ""Monday"": ""10AM-1PM,2-6PM"", ""Tuesday"": ""10AM-1PM,2-6PM"", ""Wednesday"": ""10AM-1PM,2-6PM"", ""Thursday"": ""10AM-1PM,2-6PM"", ""Friday"": ""10AM-1PM,2-7PM"", ""Saturday"": ""10AM-4PM""}",OPERATIONAL,,"https://www.google.com/maps/place/Tots+and+Play/@31.8144216,-106.5440443,14z/data=!4m8!1m2!2m1!1sTots+and+Play!3m4!1s0x86ddf9b80beecf4d:0xd3106e80f03ea6a2!8m2!3d31.8144216!4d-106.5440443"
Westside Community Park,https://www.elpasotexas.gov/parks/aquatics/spray-parks/,+1 915-212-0092,"7400 High Ridge Dr, El Paso, TX 79912",El Paso,79912,Texas,31.8665366,-106.5632545,https://lh3.googleusercontent.com/gps-cs-s/AC9h4nq4hbMnSGZRTJhiuBb9EPP_BcyZO1vEGIbQQET5fY7aT_VX9Kgyu2VF_CBvrE-NLgYkg8rDon0yJeOoZIh0MjZc69ZdMcD2G7RnEmTOBY9qeDkdNl6K5HOud1LIPJPmYVm8xuuv=w800-h500-k-no,"{""Sunday"": ""6AM-10PM"", ""Monday"": ""6AM-10PM"", ""Tuesday"": ""6AM-10PM"", ""Wednesday"": ""6AM-10PM"", ""Thursday"": ""6AM-10PM"", ""Friday"": ""6AM-10PM"", ""Saturday"": ""6AM-10PM""}",OPERATIONAL,"Charming park featuring a fenced-in dog run, children's play space, splash pad & athletic fields.","https://www.google.com/maps/place/Westside+Community+Park/@31.8665366,-106.5632545,14z/data=!4m8!1m2!2m1!1sWestside+Community+Park!3m4!1s0x86ddf8ea68d78af3:0x9d05146d93dd0ce8!8m2!3d31.8665366!4d-106.5632545"
Dog Park,,,"Fort Bliss, TX 79906",Fort Bliss,79906,Texas,31.7996562,-106.4246973,https://lh3.googleusercontent.com/gps-cs-s/AC9h4npaT1D2F4KuUuMA-l_FjnJQEEtC2fDbeqalJB3drsji3XCuaD8nSi1SA_1kuDlko_ib-Ry1PrT5R1RxBeiYAlXFynxnjG5xoGBGStVAw_ZzvSe2AXCK-6npiobKy4CAzpccpcHm=w800-h500-k-no,"{""Sunday"": ""Open 24 hours"", ""Monday"": ""Open 24 hours"", ""Tuesday"": ""Open 24 hours"", ""Wednesday"": ""Open 24 hours"", ""Thursday"": ""Open 24 hours"", ""Friday"": ""Open 24 hours"", ""Saturday"": ""Open 24 hours""}",OPERATIONAL,,"https://www.google.com/maps/place/Dog+Park/@31.799656199999998,-106.42469729999999,14z/data=!4m8!1m2!2m1!1sDog+Park!3m4!1s0x86e75b4f3b84bb8b:0x5c8af04b6567a660!8m2!3d31.799656199999998!4d-106.42469729999999"
Don Haskins Recreation Center,http://elpasotexas.gov/parks/centers/recreation%20centers/,+1 915-212-0478,"7400 High Ridge Dr, El Paso, TX 79912",El Paso,79912,Texas,31.8674505,-106.561487,https://lh3.googleusercontent.com/gps-cs-s/AC9h4npGIync3B8g3d9hbeeyVEMxah7tOIGgf4Mw8gikYJdLzKToEdvqUCT2FgihffxAJw66FaSwmhT6J1B37_vsPKgtWYLIbKuLdVeM41rDEkQYKeoIABog1HAM-xteh1FLaHm6Un7BcA=w800-h500-k-no,"{""Sunday"": ""Closed"", ""Monday"": ""9AM-8PM"", ""Tuesday"": ""9AM-8PM"", ""Wednesday"": ""9AM-8PM"", ""Thursday"": ""9AM-8PM"", ""Friday"": ""9AM-2PM"", ""Saturday"": ""9AM-2PM""}",OPERATIONAL,,"https://www.google.com/maps/place/Don+Haskins+Recreation+Center/@31.867450499999997,-106.561487,14z/data=!4m8!1m2!2m1!1sDon+Haskins+Recreation+Center!3m4!1s0x86ddf8ea65bdfec3:0xb7888fa28f33dfad!8m2!3d31.867450499999997!4d-106.561487"
Memorial Park,http://www.elpasotexas.gov/parks-and-recreation,+1 915-212-0092,"1701 N Copia St, El Paso, TX 79930",El Paso,79930,Texas,31.7894065,-106.4571558,https://lh3.googleusercontent.com/gps-cs-s/AC9h4no_Fycil87zXQb-_dPa7tzvzjfh1mOuq9fUeT26b3E8nO780QkrLdP4xYYR8OqaHwA2qF-xP0gr_aK5QcIK9Lu6ZtHbPLNkwCC2WwXrBiLaXRl_MqeqZ74W2xyt9WmtGZYZ7slg=w800-h500-k-no,"{""Sunday"": ""6AM-11PM"", ""Monday"": ""6AM-11PM"", ""Tuesday"": ""6AM-11PM"", ""Wednesday"": ""6AM-11PM"", ""Thursday"": ""6AM-11PM"", ""Friday"": ""6AM-11PM"", ""Saturday"": ""6AM-11PM""}",OPERATIONAL,"Community park with trails, lighted softball field, tennis courts, playground & a swimming pool.","https://www.google.com/maps/place/Memorial+Park/@31.7894065,-106.4571558,14z/data=!4m8!1m2!2m1!1sMemorial+Park!3m4!1s0x86e75993ac16f6f7:0x88981f6534ccb93!8m2!3d31.7894065!4d-106.4571558"
Hounds Town - Fort Worth - Western Hills,https://houndstownusa.com/locations/fort-worth/?utm_source=google,+1 817-386-0032,"9124 Camp Bowie W Blvd, Fort Worth, TX 76116",Fort Worth,76116,Texas,32.7259423,-97.478795,https://lh3.googleusercontent.com/p/AF1QipPdPeD6QdyZQ0ljr_nqceO34m1enTSnaGs6gk3m=w800-h500-k-no,"{""Sunday"": ""11AM-1PM"", ""Monday"": ""7AM-7PM"", ""Tuesday"": ""7AM-7PM"", ""Wednesday"": ""7AM-7PM"", ""Thursday"": ""7AM-7PM"", ""Friday"": ""7AM-7PM"", ""Saturday"": ""8AM-3PM""}",OPERATIONAL,,"https://www.google.com/maps/place/Hounds+Town+-+Fort+Worth+-+Western+Hills/@32.7259423,-97.47879499999999,14z/data=!4m8!1m2!2m1!1sHounds+Town+-+Fort+Worth+-+Western+Hills!3m4!1s0x864e0d3d135ccccf:0x831218d9b94f96b5!8m2!3d32.7259423!4d-97.47879499999999"
Hounds Town North Fort Worth - Alliance,https://houndstownusa.com/locations/alliance/?utm_source=google,+1 682-224-0265,"13029 Harmon Rd Unit 811, Fort Worth, TX 76177",Fort Worth,76177,Texas,32.9365516,-97.3258602,https://lh3.googleusercontent.com/p/AF1QipP_Yi0UcsQVgMlDp9A1y5CIO44MJWkNdQiIXy_0=w800-h500-k-no,"{""Sunday"": ""11AM-1PM"", ""Monday"": ""6:30AM-7:30PM"", ""Tuesday"": ""6:30AM-7:30PM"", ""Wednesday"": ""6:30AM-7:30PM"", ""Thursday"": ""6:30AM-7:30PM"", ""Friday"": ""6:30AM-7:30PM"", ""Saturday"": ""8AM-5PM""}",OPERATIONAL,,"https://www.google.com/maps/place/Hounds+Town+North+Fort+Worth+-+Alliance/@32.9365516,-97.3258602,14z/data=!4m8!1m2!2m1!1sHounds+Town+North+Fort+Worth+-+Alliance!3m4!1s0x864dd943931560a3:0xf66a1468a818f46a!8m2!3d32.9365516!4d-97.3258602"
Ruff Resort & Spa,http://www.ruffresortandspafw.com/,+1 817-744-8138,"9522 Camp Bowie W Blvd, Fort Worth, TX 76116",Fort Worth,76116,Texas,32.7251258,-97.4858558,https://lh3.googleusercontent.com/p/AF1QipPWLB2HSbHh2wbYmUqFSdy-bXKLPdCaGfslKAe_=w800-h500-k-no,"{""Sunday"": ""9AM-7PM"", ""Monday"": ""7AM-7PM"", ""Tuesday"": ""7AM-7PM"", ""Wednesday"": ""7AM-7PM"", ""Thursday"": ""7AM-7PM"", ""Friday"": ""7AM-7PM"", ""Saturday"": ""9AM-7PM""}",OPERATIONAL,,"https://www.google.com/maps/place/Ruff+Resort+%26+Spa/@32.7251258,-97.4858558,14z/data=!4m8!1m2!2m1!1sRuff+Resort+%26+Spa!3m4!1s0x864e0d036b1a07b1:0x462251998e7a9167!8m2!3d32.7251258!4d-97.4858558"
Golden Triangle Dog Park,http://fortworthdesigndistrict.com/golden-triangle-dog-park/,+1 817-999-0980,"1929 Golden Heights Rd #1300, Fort Worth, TX 76177",Fort Worth,76177,Texas,32.9353164,-97.3304585,https://lh3.googleusercontent.com/gps-cs-s/AC9h4nrXCSX3yXWNT7I4y33KPOc5-KaNSQ1xxAMhyIehwzVcz4wUn5ZXkZeKRDhd9NrEMHugTlcSCHZY5dWI21pl04FXhhbomioLPeUXt9RrFQOmUQqYUj90CKY0GeQw7CRTY9qgy6NK=w800-h500-k-no,"{""Sunday"": ""6AM-10PM"", ""Monday"": ""6AM-10PM"", ""Tuesday"": ""6AM-10PM"", ""Wednesday"": ""6AM-10PM"", ""Thursday"": ""6AM-10PM"", ""Friday"": ""6AM-10PM"", ""Saturday"": ""6AM-10PM""}",OPERATIONAL,,"https://www.google.com/maps/place/Golden+Triangle+Dog+Park/@32.9353164,-97.33045849999999,14z/data=!4m8!1m2!2m1!1sGolden+Triangle+Dog+Park!3m4!1s0x864dd9ae39042d2f:0xec712da9a2e4a9a5!8m2!3d32.9353164!4d-97.33045849999999"
Lake Worth Dog Park,https://www.lakeworthtx.org/parks-and-recreation/slideshows/keenum-shelton-dog-park,,"3209 Dakota Trail, Lake Worth, TX 76135",Lake Worth,76135,Texas,32.8043271,-97.4405179,https://lh3.googleusercontent.com/gps-cs-s/AC9h4nrVAsfPG4BdH65tZ1FW-BF00LCj1IQaWHudtb1-TfCKmkou9SNmjpUi-2VGPBIz9erbLMXvQKXQeMmGfFcCLcIWYAQW6YUFM0AyAyyS4gdq4MKpKxZ9NHi8I7k8wJfioyLFbZI=w800-h500-k-no,,OPERATIONAL,,"https://www.google.com/maps/place/Lake+Worth+Dog+Park/@32.8043271,-97.44051789999999,14z/data=!4m8!1m2!2m1!1sLake+Worth+Dog+Park!3m4!1s0x864e0b7de214da27:0x619fc67a67eadef7!8m2!3d32.8043271!4d-97.44051789999999"
Willow Creek Paw Park,,+1 817-230-0350,"101 S Knowles Dr, Saginaw, TX 76179",Saginaw,76179,Texas,32.851268,-97.3781012,https://lh3.googleusercontent.com/gps-cs-s/AC9h4nr5gmeqw-FXEbcea6WSDsk_kBcaAbq6uMerhmRDqUNtaiVMhvGoW26apsxhZ1sPMDntB1_Abf8ovth1i6LGABtjGOEE5KJLofGeWuoAkdlLuFVk6-t3ISzL8ewTTwruM-v6sbCY=w800-h500-k-no,"{""Sunday"": ""6AM-8PM"", ""Monday"": ""6AM-8PM"", ""Tuesday"": ""6AM-8PM"", ""Wednesday"": ""6AM-8PM"", ""Thursday"": ""6AM-8PM"", ""Friday"": ""6AM-8PM"", ""Saturday"": ""6AM-8PM""}",OPERATIONAL,,"https://www.google.com/maps/place/Willow+Creek+Paw+Park/@32.851268,-97.37810119999999,14z/data=!4m8!1m2!2m1!1sWillow+Creek+Paw+Park!3m4!1s0x864e758de676add9:0xc9a63e16b4c6feab!8m2!3d32.851268!4d-97.37810119999999"
"Barks and Cuddles, LLC",http://barksandcuddles.com/,+1 716-715-1631,"728 Palomino Dr, Saginaw, TX 76179",Saginaw,76179,Texas,32.8493384,-97.3679782,https://lh3.googleusercontent.com/gps-cs-s/AC9h4nrYAT_mrY8U-8JgPLMmekzcpuFzbr_2hsGL4fQIA70_s2_W08eVxBWBzC4tdqBHTueJlXD6oTfMyqY4oDxWdj_jc6IJucMaOuXS5Tf_Qafwc7LrUweitjA8Ie0GEvrEEAurTrLpnG8QnsqQ=w800-h500-k-no,"{""Sunday"": ""Open 24 hours"", ""Monday"": ""Open 24 hours"", ""Tuesday"": ""Open 24 hours"", ""Wednesday"": ""Open 24 hours"", ""Thursday"": ""Open 24 hours"", ""Friday"": ""Open 24 hours"", ""Saturday"": ""Open 24 hours""}",OPERATIONAL,,"https://www.google.com/maps/place/Barks+and+Cuddles%2C+LLC/@32.8493384,-97.3679782,14z/data=!4m8!1m2!2m1!1sBarks+and+Cuddles%2C+LLC!3m4!1s0x864e7522fad186f5:0xc590ee3e5eaebace!8m2!3d32.8493384!4d-97.3679782"
Hounds Town North Richland Hills,https://houndstownusa.com/locations/north-richland-hills-tx/?utm_source=google,+1 817-393-3646,"8100 Bedford Euless Rd suite 104, North Richland Hills, TX 76180",North Richland Hills,76180,Texas,32.8335919,-97.2063734,https://lh3.googleusercontent.com/p/AF1QipOQfSis4N1MbmfTG9d99q9uykIjGIbf2hvMoEa-=w800-h500-k-no,"{""Sunday"": ""11AM-1PM"", ""Monday"": ""7AM-7PM"", ""Tuesday"": ""7AM-7PM"", ""Wednesday"": ""7AM-7PM"", ""Thursday"": ""7AM-7PM"", ""Friday"": ""7AM-7PM"", ""Saturday"": ""9AM-5PM""}",OPERATIONAL,,"https://www.google.com/maps/place/Hounds+Town+North+Richland+Hills/@32.8335919,-97.20637339999999,14z/data=!4m8!1m2!2m1!1sHounds+Town+North+Richland+Hills!3m4!1s0x864e7982ab187ae1:0x59d1f0a0b4681813!8m2!3d32.8335919!4d-97.20637339999999"
Pup Hub Boarding NRH,http://puphubdogboarding.com/,+1 817-705-5351,"5417 Davis Blvd, North Richland Hills, TX 76182",North Richland Hills,76182,Texas,32.8460794,-97.2147322,https://lh3.googleusercontent.com/p/AF1QipNVFNLQg0MirHuFrkkZ9IsVX7ga0r4wqEoBbTC8=w800-h500-k-no,"{""Sunday"": ""Closed"", ""Monday"": ""7AM-6PM"", ""Tuesday"": ""7AM-6PM"", ""Wednesday"": ""7AM-6PM"", ""Thursday"": ""7AM-6PM"", ""Friday"": ""7AM-6PM"", ""Saturday"": ""7AM-12PM""}",OPERATIONAL,,"https://www.google.com/maps/place/Pup+Hub+Boarding+NRH/@32.8460794,-97.2147322,14z/data=!4m8!1m2!2m1!1sPup+Hub+Boarding+NRH!3m4!1s0x864e7970f540df7f:0xe0334e8f1dd6c7a5!8m2!3d32.8460794!4d-97.2147322"
Doggy Dome,https://doggydome.org/,,"7400 N Locust St, Denton, TX 76207",Denton,76207,Texas,33.2756433,-97.1293218,https://lh3.googleusercontent.com/p/AF1QipPLQKu7-5GdwcWHFidSMl8paVNgz1unSa52MwNk=w800-h500-k-no,,OPERATIONAL,,"https://www.google.com/maps/place/Doggy+Dome/@33.2756433,-97.1293218,14z/data=!4m8!1m2!2m1!1sDoggy+Dome!3m4!1s0x864db5e01232b7b1:0xbb89480ab9888723!8m2!3d33.2756433!4d-97.1293218"
Our Dog House in Argyle LLC,http://odh.dog/,+1 940-800-2812,"1954 Business Pk Blvd, Argyle, TX 76226",Argyle,76226,Texas,33.1123238,-97.1379241,https://lh3.googleusercontent.com/p/AF1QipO4-5lJxT0Gt6j9ua5yZuOzXLkrS7K3r0wvQ7q4=w800-h500-k-no,"{""Sunday"": ""9AM-5PM"", ""Monday"": ""7AM-7PM"", ""Tuesday"": ""7AM-7PM"", ""Wednesday"": ""7AM-7PM"", ""Thursday"": ""7AM-7PM"", ""Friday"": ""7AM-7PM"", ""Saturday"": ""9AM-4PM""}",OPERATIONAL,,"https://www.google.com/maps/place/Our+Dog+House+in+Argyle+LLC/@33.1123238,-97.13792409999999,14z/data=!4m8!1m2!2m1!1sOur+Dog+House+in+Argyle+LLC!3m4!1s0x864dcdc57b2f5157:0xae862e61c7d2344a!8m2!3d33.1123238!4d-97.13792409999999"
Four Paws Park,,,"Fort Ln, Aubrey, TX 76227",Aubrey,76227,Texas,33.2228034,-96.9086764,https://lh3.googleusercontent.com/gps-cs-s/AC9h4npPd79hbxX7WEbfr9aZeTxXkKhVMnQexHR5Ps619HeX4KhtF-iPY6jlkvlvarg5WzBAzl0cAVMiyKpaEM0wjXbsutyqAcQNCBrs2zL6Tk78TSg1fqLPCHSQ8K80eMjXJAe0RfA=w800-h500-k-no,"{""Sunday"": ""7AM-9PM"", ""Monday"": ""7AM-9PM"", ""Tuesday"": ""7AM-9PM"", ""Wednesday"": ""7AM-9PM"", ""Thursday"": ""7AM-9PM"", ""Friday"": ""7AM-9PM"", ""Saturday"": ""7AM-9PM""}",OPERATIONAL,,"https://www.google.com/maps/place/Four+Paws+Park/@33.2228034,-96.90867639999999,14z/data=!4m8!1m2!2m1!1sFour+Paws+Park!3m4!1s0x864c383d691e90f9:0xd35325bbd6277c6e!8m2!3d33.2228034!4d-96.90867639999999"
"Canine Cove, LLC",https://caninecovetx.com/,+1 903-651-6232,"1002 Patton Rd, Collinsville, TX 76233",Collinsville,76233,Texas,33.515652,-96.893276,https://lh3.googleusercontent.com/p/AF1QipMW638URiNXlWaXSJukmwOz7pHwdXzi9jOQyYDF=w800-h500-k-no,"{""Sunday"": ""Closed"", ""Monday"": ""8-10AM,4-6PM"", ""Tuesday"": ""8-10AM,4-6PM"", ""Wednesday"": ""8-10AM,4-6PM"", ""Thursday"": ""8-10AM,4-6PM"", ""Friday"": ""8-10AM,4-6PM"", ""Saturday"": ""Closed""}",OPERATIONAL,"Canine Cove is a family-run dog boarding facility in rural North Texas. We understand your dog's are family members, so we strive to give them the level of care they would receive at home. We can customize your dog's boarding experience according to his or her needs. We offer a fun, clean, caring and climate controlled facility! For pick up and drop off outside of our listed hours, please call for an appointment. We are happy to accommodate you!","https://www.google.com/maps/place/Canine+Cove%2C+LLC/@33.515651999999996,-96.893276,14z/data=!4m8!1m2!2m1!1sCanine+Cove%2C+LLC!3m4!1s0x864c596141e9da4b:0xf9ce979dba72ad2d!8m2!3d33.515651999999996!4d-96.893276"
Dog Park at Love’s Travel Stops,https://www.loves.com/dogparks,+1 325-854-0099,"1333 US-283, Baird, TX 79504",Baird,79504,Texas,32.4028433,-99.3850071,https://lh3.googleusercontent.com/gps-cs-s/AC9h4nqE9atBcAYAE6ihIW-IHsNZU0VXpap_GUs3AFJ86sEz1Sjsf9IIjoKJbKatRvX3Z3eKcwOppE_QInhlcBeZRAnZnsd5Xa89LY63EYaUxb7I8o4i5vdgdTVDaMDmRwGhm3Rndtp3=w800-h500-k-no,"{""Sunday"": ""Open 24 hours"", ""Monday"": ""Open 24 hours"", ""Tuesday"": ""Open 24 hours"", ""Wednesday"": ""Open 24 hours"", ""Thursday"": ""Open 24 hours"", ""Friday"": ""Open 24 hours"", ""Saturday"": ""Open 24 hours""}",OPERATIONAL,,"https://www.google.com/maps/place/Dog+Park+at+Love%E2%80%99s+Travel+Stops/@32.4028433,-99.3850071,14z/data=!4m8!1m2!2m1!1sDog+Park+at+Love%E2%80%99s+Travel+Stops!3m4!1s0x8656b9d14ffe9f29:0x40ffa5781063c93c!8m2!3d32.4028433!4d-99.3850071"
Whiskers 'n' wags,http://www.whiskers-n-wags.com/,+1 804-839-2499,"5450 Co Rd 161, Colorado City, TX 79512",Colorado City,79512,Texas,32.4634561,-100.8698199,https://lh3.googleusercontent.com/p/AF1QipNXlhONU8qerGWW_mnwcNvCdUFnWT57_M7p3vp6=w800-h500-k-no,"{""Sunday"": ""9AM-5PM"", ""Monday"": ""9AM-5PM"", ""Tuesday"": ""9AM-5PM"", ""Wednesday"": ""9AM-5PM"", ""Thursday"": ""9AM-5PM"", ""Friday"": ""9AM-5PM"", ""Saturday"": ""9AM-5PM""}",OPERATIONAL,,"https://www.google.com/maps/place/Whiskers+%27n%27+wags/@32.4634561,-100.8698199,14z/data=!4m8!1m2!2m1!1sWhiskers+%27n%27+wags!3m4!1s0x86f8b0db72fd2ac1:0x4ca332d64e54db3a!8m2!3d32.4634561!4d-100.8698199"
Alley Oop Park and Fantasyland,https://texastimetravel.com/directory/alley-oop-park-and-fantasyland/,+1 432-639-2301,"9261 Alley Oop Ln, Iraan, TX 79744",Iraan,79744,Texas,30.9169321,-101.9075975,https://lh3.googleusercontent.com/gps-cs-s/AC9h4no8vAD4Bzh_CabG94YPJyLGfl3wZi8tdQ_bm86WYHfkKcGH_ppWcr85YxDigUpK2PtV1sn1AS37AtQmukPe4OlrPg1XMvPaw3i0eNijTnEsiVZG2dSZvSE0LgDOAMMurq82PAs0=w800-h500-k-no,"{""Sunday"": ""1-5PM"", ""Monday"": ""Closed"", ""Tuesday"": ""Closed"", ""Wednesday"": ""Closed"", ""Thursday"": ""1-5PM"", ""Friday"": ""1-5PM"", ""Saturday"": ""1-5PM""}",OPERATIONAL,,"https://www.google.com/maps/place/Alley+Oop+Park+and+Fantasyland/@30.9169321,-101.9075975,14z/data=!4m8!1m2!2m1!1sAlley+Oop+Park+and+Fantasyland!3m4!1s0x86f7516fd648a5c5:0x8e5f99950e02ae0c!8m2!3d30.9169321!4d-101.9075975"
Dog park,,,"1001 W 38th St, Odessa, TX 79764",Odessa,79764,Texas,31.8733103,-102.3955735,https://lh3.googleusercontent.com/gps-cs-s/AC9h4nqsUSRGU_0bISRj8T6vxnDxOPqiU_Bcy75VbRc2YJez1mOTyeheXdeXAdLiLxLWiR9oWJ_mRhT9JtEGdFMGOfEYaKuNFo_pXeoghMxq9hmHTtVPuFHAJmR953Ac9W2oKnHp56pd=w800-h500-k-no,"{""Sunday"": ""Open 24 hours"", ""Monday"": ""Open 24 hours"", ""Tuesday"": ""Open 24 hours"", ""Wednesday"": ""Open 24 hours"", ""Thursday"": ""Open 24 hours"", ""Friday"": ""Open 24 hours"", ""Saturday"": ""Open 24 hours""}",OPERATIONAL,,"https://www.google.com/maps/place/Dog+park/@31.8733103,-102.3955735,14z/data=!4m8!1m2!2m1!1sDog+park!3m4!1s0x86fbc9925c8328c9:0x4f4d908085cc3226!8m2!3d31.8733103!4d-102.3955735"
Camp Bow Wow Petroplex,https://www.campbowwow.com/petroplex/?utm_source=GMB,+1 432-287-7281,"11310 W County Rd 100, Odessa, TX 79765",Odessa,79765,Texas,31.9417152,-102.2462921,https://lh3.googleusercontent.com/p/AF1QipN8hy90SMXIsHM75jJ78uyEiRVMITWaF-hKwNUt=w800-h500-k-no,"{""Sunday"": ""7-10AM,4-7PM"", ""Monday"": ""7AM-7PM"", ""Tuesday"": ""7AM-7PM"", ""Wednesday"": ""7AM-7PM"", ""Thursday"": ""7AM-7PM"", ""Friday"": ""7AM-7PM"", ""Saturday"": ""7AM-7PM""}",OPERATIONAL,,"https://www.google.com/maps/place/Camp+Bow+Wow+Petroplex/@31.941715199999997,-102.24629209999999,14z/data=!4m8!1m2!2m1!1sCamp+Bow+Wow+Petroplex!3m4!1s0x86fbdb6d2a7d2ac9:0xad783f628dd88cc5!8m2!3d31.941715199999997!4d-102.24629209999999"
The Howliday Inn Dog Suites,,+1 432-381-1949,"2008 N Torrance Ave, Odessa, TX 79763",Odessa,79763,Texas,31.8432025,-102.452275,https://lh3.googleusercontent.com/p/AF1QipOz1_RrvvDTPEG-o-DEkfX-HK92vF0Bm-USsa2R=w800-h500-k-no,"{""Sunday"": ""4-6PM"", ""Monday"": ""8-11AM,4-6PM"", ""Tuesday"": ""8-11AM,4-6PM"", ""Wednesday"": ""8-11AM,4-6PM"", ""Thursday"": ""8-11AM,4-6PM"", ""Friday"": ""8-11AM,4-6PM"", ""Saturday"": ""4-6PM""}",OPERATIONAL,,"https://www.google.com/maps/place/The+Howliday+Inn+Dog+Suites/@31.8432025,-102.452275,14z/data=!4m8!1m2!2m1!1sThe+Howliday+Inn+Dog+Suites!3m4!1s0x86fbb60e3360da61:0x9e52b13a15b5bfe4!8m2!3d31.8432025!4d-102.452275"
Alpine Dog Park,,,"Alpine, TX 79830",Alpine,79830,Texas,30.3729018,-103.6624824,https://lh3.googleusercontent.com/gps-cs-s/AC9h4nom1wsxh2qaal3iL6fB4J9LIC1e2_U4j9W30OlGhNVOhONLZ71SBOyXsXnrway800pwdAJ-i1uNLZYTP1HKH2xgJUUPwLtgD7ka7VIZvOSYYvJuRrypVyWT4WYKf3SxUx6Du8iR=w800-h500-k-no,,OPERATIONAL,,"https://www.google.com/maps/place/Alpine+Dog+Park/@30.372901799999998,-103.6624824,14z/data=!4m8!1m2!2m1!1sAlpine+Dog+Park!3m4!1s0x86efda6c61ab5b51:0xe617a17f2e65a7dc!8m2!3d30.372901799999998!4d-103.6624824"
Big Bend National Park,https://www.nps.gov/bibe/index.htm,+1 432-477-2251,Texas,US,None,Texas,29.2498194,-103.2501636,https://lh3.googleusercontent.com/gps-cs-s/AC9h4nogNAAkO7Zph-Q96e38SjushdgC-xj6jk9mjegdD_gWQHF5kibGH8dvqEQkoJKl0-C3qBIfmUar-9tPnV5BtaZPnIRjRHhP5zB1_V1W03jJXkr993RCnUqYVXoTmXrYHE48Ie1P=w800-h500-k-no,"{""Sunday"": ""Open 24 hours"", ""Monday"": ""Open 24 hours"", ""Tuesday"": ""Open 24 hours"", ""Wednesday"": ""Open 24 hours"", ""Thursday"": ""Open 24 hours"", ""Friday"": ""Open 24 hours"", ""Saturday"": ""Open 24 hours""}",OPERATIONAL,"801,163 acres of river canyons, desert & mountains with abundant wildlife & outdoor activities.","https://www.google.com/maps/place/Big+Bend+National+Park/@29.2498194,-103.2501636,14z/data=!4m8!1m2!2m1!1sBig+Bend+National+Park!3m4!1s0x86f217704be5ef2b:0x64467dbc2783850f!8m2!3d29.2498194!4d-103.2501636"
Momo's Doggies,http://www.momosdoggies.com/,+1 915-694-0140,"7241 Doniphan Dr, Canutillo, TX 79835",Canutillo,79835,Texas,31.9200015,-106.6011211,https://lh3.googleusercontent.com/p/AF1QipOPu-eSbuiCsRXCyFP2X7XLb13pAqc5mUoPXgeY=w800-h500-k-no,"{""Sunday"": ""8AM-5PM"", ""Monday"": ""6AM-7PM"", ""Tuesday"": ""6AM-7PM"", ""Wednesday"": ""6AM-7PM"", ""Thursday"": ""6AM-7PM"", ""Friday"": ""6AM-7PM"", ""Saturday"": ""8AM-5PM""}",OPERATIONAL,,"https://www.google.com/maps/place/Momo%27s+Doggies/@31.920001499999998,-106.6011211,14z/data=!4m8!1m2!2m1!1sMomo%27s+Doggies!3m4!1s0x86ddff41d131e4c7:0xcb76874ca888a640!8m2!3d31.920001499999998!4d-106.6011211"
Marathon Motel & RV Park,http://www.marathonmotel.com/,+1 432-386-4241,"701 US-90, Marathon, TX 79842",Marathon,79842,Texas,30.2087249,-103.2538757,https://lh3.googleusercontent.com/gps-proxy/ALd4DhFE-b4nDxB7D9lI1Ap-JjN_yF7AifkVU5SWqprxMQl1paMJK-wVuDmA4_QolLhxVX-tFcDDnLposdyyNJYxKlT-pg4Y8TFPjN_JG9YhpyeAV3UMnegkR7LeDep6pD_W9qTVTcPRhI5GGVIptRpttN6HMZIpQCPyNY5YrNeg1ZHXWaS_zzArx_ORBg=w800-h500-k-no,,OPERATIONAL,"Unpretentious motel offering straightforward cabin-style quarters, plus a terrace & a fire pit.","https://www.google.com/maps/place/Marathon+Motel+%26+RV+Park/@30.2087249,-103.2538757,14z/data=!4m8!1m2!2m1!1sMarathon+Motel+%26+RV+Park!3m4!1s0x86f1ccb482b1d59f:0xe8a72cc85d03fbf4!8m2!3d30.2087249!4d-103.2538757"
Marfa Dog Park,https://cityofmarfa.com/bc-parksrec/page/dog-park,,"216 E Oak St, Marfa, TX 79843",Marfa,79843,Texas,30.3115717,-104.0189653,https://lh3.googleusercontent.com/gps-cs-s/AC9h4np-HHXQOSVUvL1_RuaDU9m9-DtgGU4Pg-7R5dX5UoePHL9HjcgxLmL0BRriF6fEtuAFzN-DTx8jlsq7qcSxd6VSCve8e63qLZeu-oPa3aUu93IZWoygV0hvRNQmqtMuBOerGJfa=w800-h500-k-no,"{""Sunday"": ""5AM-10PM"", ""Monday"": ""5AM-10PM"", ""Tuesday"": ""5AM-10PM"", ""Wednesday"": ""5AM-10PM"", ""Thursday"": ""5AM-10PM"", ""Friday"": ""5AM-10PM"", ""Saturday"": ""5AM-10PM""}",OPERATIONAL,,"https://www.google.com/maps/place/Marfa+Dog+Park/@30.3115717,-104.01896529999999,14z/data=!4m8!1m2!2m1!1sMarfa+Dog+Park!3m4!1s0x86efb13f8bd09c6d:0xe3ffad18004ab8b9!8m2!3d30.3115717!4d-104.01896529999999"
Desert Air Motel,http://www.desertairmotel.com/,+1 432-360-3843,"806 W Oak St, Sanderson, TX 79848",Sanderson,79848,Texas,30.1452025,-102.4059542,https://lh3.googleusercontent.com/gps-proxy/ALd4DhHA9FDaVm-wJwLcLkQRtzx5X9wVzeBDnUvNOZLP0UoLMwZpwwypVPHnMcqYHYJBsjV4hHsQgdJjDLAgbny7MiCDgNS76Hc58McZ77nFiPuyZjmAxCqzWZfM4hvhlcvRsgVqCeVxjyJGLCAX-A0TSo6y2V4bi3EzJgze6yChWABSBuyGQ7XXTAT8=w800-h500-k-no,,OPERATIONAL,"Casual 1960s roadside motel featuring unassuming rooms & free Wi-Fi, plus shared BBQ facilities.","https://www.google.com/maps/place/Desert+Air+Motel/@30.1452025,-102.4059542,14z/data=!4m8!1m2!2m1!1sDesert+Air+Motel!3m4!1s0x86f122dd4e62c677:0x553c5a9dff65d65f!8m2!3d30.1452025!4d-102.4059542"
Longhorn Ranch Motel,http://www.bigbendlonghorn.com/,+1 432-371-2541,"52370 TX-118, Terlingua, TX 79852",Terlingua,79852,Texas,29.4961949,-103.5362432,https://lh3.googleusercontent.com/p/AF1QipP3WxNi7coVErG-WZ6UwlCQTm8eQwVQwNM7yBRG=w800-h500-k-no,,OPERATIONAL,"Warmly decorated rooms in a modest motel featuring an outdoor pool, a restaurant & mountain views.","https://www.google.com/maps/place/Longhorn+Ranch+Motel/@29.4961949,-103.5362432,14z/data=!4m8!1m2!2m1!1sLonghorn+Ranch+Motel!3m4!1s0x86f200c6fa9add13:0xd9280c62217a47b3!8m2!3d29.4961949!4d-103.5362432"
Dog Park at Love's Travel Stops,https://www.loves.com/dogparks,+1 432-283-2881,"810 E Broadway, Van Horn, TX 79855",Van Horn,79855,Texas,31.0401104,-104.8192927,https://lh3.googleusercontent.com/gps-cs-s/AC9h4nr6H5DUzFNx2mebeY3nfMXWlSsZo7lI5v-lIBOoGQcj5Gbg12-zO5dZl13N6gJoXHQ_0Vemsn-sf8nKn1bZzJaGZ7yIz1p7kjF-kyZpcCnJu948OetOEgkNNjZfc3x0knzePHno=w800-h500-k-no,"{""Sunday"": ""Open 24 hours"", ""Monday"": ""Open 24 hours"", ""Tuesday"": ""Open 24 hours"", ""Wednesday"": ""Open 24 hours"", ""Thursday"": ""Open 24 hours"", ""Friday"": ""Open 24 hours"", ""Saturday"": ""Open 24 hours""}",OPERATIONAL,,"https://www.google.com/maps/place/Dog+Park+at+Love%27s+Travel+Stops/@31.0401104,-104.81929269999999,14z/data=!4m8!1m2!2m1!1sDog+Park+at+Love%27s+Travel+Stops!3m4!1s0x86e5e90c64475129:0x1037ae8547bc3404!8m2!3d31.0401104!4d-104.81929269999999"
Fort Bliss Family Homes Bark Park,,,"1735 Marshall Rd, Fort Bliss, TX 79906",Fort Bliss,79906,Texas,31.8226844,-106.4314984,https://lh3.googleusercontent.com/gps-cs-s/AC9h4noUkNq77K6vDp-lbyfg7S00yoAsutCK0Tf90M0bivEi6TSsbznP9b3Mkg1tOnPCzKM0OuT-GB6BuwG7BZlWDBCZmG0ycGyGSARMSHy_LhRhzfKyiQ0bDIHAtbP4F9lZJnaSSeznBA=w800-h500-k-no,"{""Sunday"": ""12-7PM"", ""Monday"": ""Closed"", ""Tuesday"": ""10AM-7PM"", ""Wednesday"": ""10AM-7PM"", ""Thursday"": ""10AM-7PM"", ""Friday"": ""10AM-7PM"", ""Saturday"": ""10AM-7PM""}",OPERATIONAL,,"https://www.google.com/maps/place/Fort+Bliss+Family+Homes+Bark+Park/@31.8226844,-106.4314984,14z/data=!4m8!1m2!2m1!1sFort+Bliss+Family+Homes+Bark+Park!3m4!1s0x86e750a8e094acc7:0x14df5a8083e77958!8m2!3d31.8226844!4d-106.4314984"
Momo's Doggies,https://www.momosdoggies.com/,+1 915-694-0140,"315 W Sunset Rd, El Paso, TX 79922",El Paso,79922,Texas,31.833371,-106.5802163,https://streetviewpixels-pa.googleapis.com/v1/thumbnail?panoid=OlQ6_9-Or7CigaQDRO6dlQ&cb_client=search.gws-prod.gps&w=800&h=500&yaw=316.3094&pitch=0&thumbfov=100,"{""Sunday"": ""6:30AM-7PM"", ""Monday"": ""6:30AM-7PM"", ""Tuesday"": ""6:30AM-7PM"", ""Wednesday"": ""6:30AM-7PM"", ""Thursday"": ""6:30AM-7PM"", ""Friday"": ""6:30AM-7PM"", ""Saturday"": ""6:30AM-7PM""}",OPERATIONAL,,"https://www.google.com/maps/place/Momo%27s+Doggies/@31.833371,-106.58021629999999,14z/data=!4m8!1m2!2m1!1sMomo%27s+Doggies!3m4!1s0x86ddf9af33353a37:0xd0088dc7704fc450!8m2!3d31.833371!4d-106.58021629999999"
"Comfort Inn & Suites Schulenburg, The Choice hotel",https://www.choicehotels.com/texas/schulenburg/comfort-inn-hotels/txp82,+1 979-743-2030,"101 Huser Blvd, Schulenburg, TX 78956",Schulenburg,78956,Texas,29.6922678,-96.9015126,https://lh3.googleusercontent.com/p/AF1QipMZB1ULcyWgLMqJ_bkxhQtyBlCCa3TAV1dgE1O8=w800-h500-k-no,,OPERATIONAL,"Straightforward roadside option with free WiFi & breakfast, plus an outdoor pool & hot tub.","https://www.google.com/maps/place/Comfort+Inn+%26+Suites+Schulenburg%2C+The+Choice+hotel/@29.6922678,-96.90151259999999,14z/data=!4m8!1m2!2m1!1sComfort+Inn+%26+Suites+Schulenburg%2C+The+Choice+hotel!3m4!1s0x86439748466f80b3:0x9b18d8e1598f7b07!8m2!3d29.6922678!4d-96.90151259999999"
Bark Park,https://www.ci.smithville.tx.us/221/Parks,+1 512-237-3282,"199-159 NW 1st St, Smithville, TX 78957",Smithville,78957,Texas,30.0077535,-97.1631783,https://streetviewpixels-pa.googleapis.com/v1/thumbnail?panoid=Mfdbqa7Wx8D_R8xAP5mycg&cb_client=search.gws-prod.gps&w=800&h=500&yaw=217.59145&pitch=0&thumbfov=100,,OPERATIONAL,,"https://www.google.com/maps/place/Bark+Park/@30.0077535,-97.1631783,14z/data=!4m8!1m2!2m1!1sBark+Park!3m4!1s0x8644819e742bab9d:0x5c1de55515dc1bb2!8m2!3d30.0077535!4d-97.1631783"
Dog Park at Love's Travel Stops,https://www.loves.com/dogparks,+1 979-725-8625,"900 S Eagle St, Weimar, TX 78962",Weimar,78962,Texas,29.6896131,-96.7764803,https://streetviewpixels-pa.googleapis.com/v1/thumbnail?panoid=_p9i4rv9aHbwUKIBldgl0A&cb_client=search.gws-prod.gps&w=800&h=500&yaw=192.2041&pitch=0&thumbfov=100,"{""Sunday"": ""Open 24 hours"", ""Monday"": ""Open 24 hours"", ""Tuesday"": ""Open 24 hours"", ""Wednesday"": ""Open 24 hours"", ""Thursday"": ""Open 24 hours"", ""Friday"": ""Open 24 hours"", ""Saturday"": ""Open 24 hours""}",OPERATIONAL,,"https://www.google.com/maps/place/Dog+Park+at+Love%27s+Travel+Stops/@29.6896131,-96.77648029999999,14z/data=!4m8!1m2!2m1!1sDog+Park+at+Love%27s+Travel+Stops!3m4!1s0x864395187687e751:0x5c94d833c575fd2d!8m2!3d29.6896131!4d-96.77648029999999"
Borger Dog Park,https://www.borgertx.gov/442/Borger-Dog-Park,+1 806-273-0900,"Borger, TX 79007",Borger,79007,Texas,35.6652031,-101.4040953,https://lh3.googleusercontent.com/gps-cs-s/AC9h4nrvmV2eHKuzOqLay3r0sVBkDMmAV-dPSjZ-4wHCo6KZJIRwvqRnMTjWfsK2l46LWkwfohMPaZpjt8rj6pN1E17KX8uVh6aIYZbAkOppfYA6sWqanHLngAkErehpfNJ7v2mzUyO_=w800-h500-k-no,"{""Sunday"": ""6AM-10PM"", ""Monday"": ""6AM-10PM"", ""Tuesday"": ""6AM-10PM"", ""Wednesday"": ""6AM-10PM"", ""Thursday"": ""6AM-10PM"", ""Friday"": ""6AM-10PM"", ""Saturday"": ""6AM-10PM""}",OPERATIONAL,,"https://www.google.com/maps/place/Borger+Dog+Park/@35.6652031,-101.4040953,14z/data=!4m8!1m2!2m1!1sBorger+Dog+Park!3m4!1s0x8706df42ee4182e1:0x8fbedf1ed9faac5e!8m2!3d35.6652031!4d-101.4040953"
Cal Farley's Boys Ranch,https://www.calfarley.org/,+1 800-687-3722,"8 Julian Bivins Ave, Boys Ranch, TX 79010",Boys Ranch,79010,Texas,35.5308254,-102.2565469,https://lh3.googleusercontent.com/p/AF1QipMFxfY8susF3jUdt07Rky9c72mp9J-EBwlPtbBC=w800-h500-k-no,"{""Sunday"": ""Closed"", ""Monday"": ""8AM-5PM"", ""Tuesday"": ""8AM-5PM"", ""Wednesday"": ""8AM-5PM"", ""Thursday"": ""8AM-5PM"", ""Friday"": ""8AM-5PM"", ""Saturday"": ""Closed""}",OPERATIONAL,Cal Farley’s Boys Ranch is a residential community for at-risk children ages 5 to 18. Boys Ranch surrounds children with nurturing support and structure.,"https://www.google.com/maps/place/Cal+Farley%27s+Boys+Ranch/@35.5308254,-102.25654689999999,14z/data=!4m8!1m2!2m1!1sCal+Farley%27s+Boys+Ranch!3m4!1s0x870410a0f204d869:0x4161937f968356c9!8m2!3d35.5308254!4d-102.25654689999999"
Southeast Park Dog Park,https://www.canyontx.gov/688/Parks-Recreation,,"Canyon, TX 79015",Canyon,79015,Texas,34.9685542,-101.9027713,https://streetviewpixels-pa.googleapis.com/v1/thumbnail?panoid=WYbxgaYn0y91W4-8uuTX7Q&cb_client=search.gws-prod.gps&w=800&h=500&yaw=159.39491&pitch=0&thumbfov=100,,OPERATIONAL,,"https://www.google.com/maps/place/Southeast+Park+Dog+Park/@34.9685542,-101.9027713,14z/data=!4m8!1m2!2m1!1sSoutheast+Park+Dog+Park!3m4!1s0x870167f030118645:0x99f0a98242c747ff!8m2!3d34.9685542!4d-101.9027713"
L.A. Motel,,+1 806-226-4981,"200 1st St, Claude, TX 79019",Claude,79019,Texas,35.1085021,-101.3568988,https://lh3.googleusercontent.com/gps-proxy/ALd4DhHsPlzwF1L0WRjH9j3T51TLCtF4RdCRz-dv563Macom7kwrY3K2-ekWTXA9taF3pqVXHGsz6iIXA6lh1iHZG6Yx0NgiXjMRkRpHtphX9fkraiaDqi9kW6KoyVPXJ6xoniAZvNp3LSVf3bTq2wQ13-q8JCt5sEhS8w97j2_38ty4Lp84nX6SJX4p=w800-h500-k-no,,OPERATIONAL,,"https://www.google.com/maps/place/L.A.+Motel/@35.108502099999995,-101.3568988,14z/data=!4m8!1m2!2m1!1sL.A.+Motel!3m4!1s0x870120b0f07e67e5:0x74388158629d8fa7!8m2!3d35.108502099999995!4d-101.3568988"
Dog Park at Love’s Travel Stops,https://www.loves.com/dogparks,+1 806-244-0050,"12182 US-87, Dalhart, TX 79022",Dalhart,79022,Texas,36.0767304,-102.5375781,https://streetviewpixels-pa.googleapis.com/v1/thumbnail?panoid=7L17wZkZNQz4cCzhq-gFCQ&cb_client=search.gws-prod.gps&w=800&h=500&yaw=301.16626&pitch=0&thumbfov=100,"{""Sunday"": ""Open 24 hours"", ""Monday"": ""Open 24 hours"", ""Tuesday"": ""Open 24 hours"", ""Wednesday"": ""Open 24 hours"", ""Thursday"": ""Open 24 hours"", ""Friday"": ""Open 24 hours"", ""Saturday"": ""Open 24 hours""}",OPERATIONAL,,"https://www.google.com/maps/place/Dog+Park+at+Love%E2%80%99s+Travel+Stops/@36.076730399999995,-102.53757809999999,14z/data=!4m8!1m2!2m1!1sDog+Park+at+Love%E2%80%99s+Travel+Stops!3m4!1s0x8705b1006ec7c82f:0x29a3c917948a3153!8m2!3d36.076730399999995!4d-102.53757809999999"
Dog Gone Getaway,,+1 806-935-0109,"507 N Maddox Ave, Dumas, TX 79029",Dumas,79029,Texas,35.8753273,-101.9638286,https://lh3.googleusercontent.com/gps-cs-s/AC9h4nruBYpcQtat-4ii8qhOf-A4ZwO-BFVtdhmm-xGcuMLNloDQ98xF_1pJUqfoEQJh6VyDbIahJ31PulFvZbPrGUiwVDpmAZmltL-lBJ5hhxJ5gkAC9fB9bYjXplSAG37rUwqhHuA6hQ=w800-h500-k-no,"{""Sunday"": ""Closed"", ""Monday"": ""9AM-5:30PM"", ""Tuesday"": ""9AM-5:30PM"", ""Wednesday"": ""9AM-5:30PM"", ""Thursday"": ""9AM-5:30PM"", ""Friday"": ""9AM-5:30PM"", ""Saturday"": ""9AM-5:30PM""}",OPERATIONAL,,"https://www.google.com/maps/place/Dog+Gone+Getaway/@35.875327299999995,-101.9638286,14z/data=!4m8!1m2!2m1!1sDog+Gone+Getaway!3m4!1s0x8706848950e34a93:0xd8a5d13ce5744dd1!8m2!3d35.875327299999995!4d-101.9638286"
Dirty Dawgz Salon,,+1 806-471-6836,"110 Bost St, Fritch, TX 79036",Fritch,79036,Texas,35.6395281,-101.5774289,https://lh3.googleusercontent.com/gps-cs-s/AC9h4nrbxKU4-VzAevN1CvDUqMTFbNdSpN4hgUzhLYYuz-XIme6yCF6Wfv7LEjlmfzTqr2PSZ4EUtWl-NJHRTaQJDwtvU6sOviwdUbzc_IERQLeyTYQjXxRSILFvqOiSin88zRa65c4=w800-h500-k-no,"{""Sunday"": ""Closed"", ""Monday"": ""Closed"", ""Tuesday"": ""8AM-6PM"", ""Wednesday"": ""8AM-4PM"", ""Thursday"": ""8AM-6PM"", ""Friday"": ""8AM-6PM"", ""Saturday"": ""8AM-4PM""}",OPERATIONAL,Proffesional dog groomer for 10 years. 20 years dog handling. Loving animals is my thing.,"https://www.google.com/maps/place/Dirty+Dawgz+Salon/@35.6395281,-101.5774289,14z/data=!4m8!1m2!2m1!1sDirty+Dawgz+Salon!3m4!1s0x8706c32dce1ad5d9:0x2a47a0762125f617!8m2!3d35.6395281!4d-101.5774289"
Dameron Park,,,"Hereford, TX 79045",Hereford,79045,Texas,34.8216587,-102.4004588,https://lh3.googleusercontent.com/gps-cs-s/AC9h4nrOIiA11-z4MQ7stBI6axVRLZzNHhwM6d-kWcuAs523C_DXV4XGSdEAZYCMC9-JMFTBgFweta3EEEzekuQLFjEXYrwg9LNwjaNFgHCRJ_cj9IfsGKDyn2xBodj2xFhF4GIjrouv=w800-h500-k-no,,OPERATIONAL,,"https://www.google.com/maps/place/Dameron+Park/@34.8216587,-102.4004588,14z/data=!4m8!1m2!2m1!1sDameron+Park!3m4!1s0x8703c7e63e30b55d:0x5e232b5d49805e01!8m2!3d34.8216587!4d-102.4004588"
Pet Paradise Houston JFK,https://www.petparadise.com/houston-iah-south.htm,+1 281-449-3647,"14500 John F Kennedy Blvd, Houston, TX 77032",Houston,77032,Texas,29.9289947,-95.3304911,https://lh3.googleusercontent.com/gps-cs-s/AC9h4nqSJiUPPbcBZHaiudNJFODUDuHdDpSKV6z79wLRH4IQQi4_DSwdxodtop-pJMAyCFc15TpoyvtsPgWlu9Om7wdx-nmC-hmintkswZi8cT0Wrr_jBW0C4eEh2M5vhZPL4wCrrFIz9Q=w800-h500-k-no,"{""Sunday"": ""7AM-6PM"", ""Monday"": ""6:30AM-7PM"", ""Tuesday"": ""6:30AM-7PM"", ""Wednesday"": ""6:30AM-7PM"", ""Thursday"": ""6:30AM-7PM"", ""Friday"": ""6:30AM-7PM"", ""Saturday"": ""7AM-6PM""}",OPERATIONAL,,"https://www.google.com/maps/place/Pet+Paradise+Houston+JFK/@29.928994699999997,-95.33049109999999,14z/data=!4m8!1m2!2m1!1sPet+Paradise+Houston+JFK!3m4!1s0x8640b6c20d9b634d:0xa6123595982a5c07!8m2!3d29.928994699999997!4d-95.33049109999999"
Tom Bass Regional Park & Dog Park,,,"Houston, TX 77047",Houston,77047,Texas,29.590748,-95.368694,https://lh3.googleusercontent.com/gps-cs-s/AC9h4nodd-S1wqu3snRWNJ7N6CAswz9uZ72IFLKKkoQehjpxdQegsJDf3ChChuyHtKYAiZsQYXyvel1wJYXRNqJL-Gj5fRVY0YrEhJaYACHX0UNs6qSZhwkOeVEKCbrd94XOjW-on4DtuQ=w800-h500-k-no,,OPERATIONAL,,"https://www.google.com/maps/place/Tom+Bass+Regional+Park+%26+Dog+Park/@29.590747999999998,-95.36869399999999,14z/data=!4m8!1m2!2m1!1sTom+Bass+Regional+Park+%26+Dog+Park!3m4!1s0x8640949dd7f9f723:0x6d3a3066373202c4!8m2!3d29.590747999999998!4d-95.36869399999999"
Meadowlake Pet Resort,https://www.meadowlakepetresort.com/?utm_source=GMB,+1 713-413-1633,"13500 Furman Rd, Houston, TX 77047",Houston,77047,Texas,29.6117001,-95.3811891,https://lh3.googleusercontent.com/p/AF1QipMW6GAC7Xw8u-Skr4s7nFHnbLYDbwA0UHcEsIIS=w800-h500-k-no,"{""Sunday"": ""9AM-4PM"", ""Monday"": ""6AM-8PM"", ""Tuesday"": ""6AM-8PM"", ""Wednesday"": ""6AM-8PM"", ""Thursday"": ""6AM-8PM"", ""Friday"": ""6AM-8PM"", ""Saturday"": ""9AM-4PM""}",OPERATIONAL,,"https://www.google.com/maps/place/Meadowlake+Pet+Resort/@29.6117001,-95.3811891,14z/data=!4m8!1m2!2m1!1sMeadowlake+Pet+Resort!3m4!1s0x864094b85342dfb3:0x49f4e7c57be7d4ca!8m2!3d29.6117001!4d-95.3811891"
Doss Park,,,"2500 Frick Rd, Houston, TX 77038",Houston,77038,Texas,29.9225545,-95.4552923,https://lh3.googleusercontent.com/gps-cs-s/AC9h4nr-5GIYHKBDMDXqjXqAzs0YBduuLZ6tnpZaA2NHBMcDAx4aSnG9hJ-YZBZKTOZnPGyraUltGNfEKZNCIq6s1ZhCHwx4NpAycMLtHl_zQVU7vJ0E135FPNiXSvVtz71Cr4h-Um4-HQeRj1yf=w800-h500-k-no,,OPERATIONAL,,"https://www.google.com/maps/place/Doss+Park/@29.9225545,-95.4552923,14z/data=!4m8!1m2!2m1!1sDoss+Park!3m4!1s0x8640c9ad6fce0821:0xb5bf0bed2940187f!8m2!3d29.9225545!4d-95.4552923"
Dogtopia of Houston - Vintage Park,https://www.dogtopia.com/houston-vintage-park/,+1 281-869-8338,"10130 Louetta Rd ste j, Houston, TX 77070",Houston,77070,Texas,30.0002398,-95.563854,https://lh3.googleusercontent.com/p/AF1QipORt6ClI-gTkuz_J-UfP5O0LLRIX5Qc84BVSG7U=w800-h500-k-no,"{""Sunday"": ""10AM-2PM"", ""Monday"": ""7AM-7PM"", ""Tuesday"": ""7AM-7PM"", ""Wednesday"": ""7AM-7PM"", ""Thursday"": ""7AM-7PM"", ""Friday"": ""7AM-7PM"", ""Saturday"": ""9AM-5PM""}",OPERATIONAL,,"https://www.google.com/maps/place/Dogtopia+of+Houston+-+Vintage+Park/@30.0002398,-95.56385399999999,14z/data=!4m8!1m2!2m1!1sDogtopia+of+Houston+-+Vintage+Park!3m4!1s0x8640d3b566ae9b39:0xb03249b1f8d25155!8m2!3d30.0002398!4d-95.56385399999999"
Woodlake Dog Park,,,"9660 Ella Lee Ln, Houston, TX 77063",Houston,77063,Texas,29.7425155,-95.5357093,https://lh3.googleusercontent.com/gps-cs-s/AC9h4nqdykjN6SwCGvumLVtYMzeqLllGyhKwEH_Q2Z3i3Du8gc8XQ5MKW6lLVWbDnAnomKjFwMKQCi9BRNfxJFR-bLPzulIWZCTp1tBT1Gfls4hT_ud9eYUGDyAiMGG2cntK8y6ERCCd=w800-h500-k-no,,OPERATIONAL,,"https://www.google.com/maps/place/Woodlake+Dog+Park/@29.7425155,-95.5357093,14z/data=!4m8!1m2!2m1!1sWoodlake+Dog+Park!3m4!1s0x8640c3c8d03f13df:0x9cb18f07b123966c!8m2!3d29.7425155!4d-95.5357093"
Charterwood Dog Park,https://www.charterwoodmud.com/dog-park/,+1 281-290-6500,"9631 Bavaria Dr, Houston, TX 77070",Houston,77070,Texas,30.0000673,-95.5687475,https://lh3.googleusercontent.com/gps-cs-s/AC9h4no0MX0RvW0kqChtNltqbXOfYk-XS5RYV8gMsrRpAhno2Ibs3nxMNYNcrp9sq3WUc9gTWHAa3pA9nZwuyIhRjyBsUQen9WD9qaTwfReyax3c2j1n4fEt5aOIMvPIjLmluOcrbtKhAA=w800-h500-k-no,"{""Sunday"": ""7:30AM-8:30PM"", ""Monday"": ""7:30AM-8:30PM"", ""Tuesday"": ""7:30AM-8:30PM"", ""Wednesday"": ""7:30AM-8:30PM"", ""Thursday"": ""7:30AM-8:30PM"", ""Friday"": ""7:30AM-8:30PM"", ""Saturday"": ""7:30AM-8:30PM""}",OPERATIONAL,,"https://www.google.com/maps/place/Charterwood+Dog+Park/@30.000067299999998,-95.5687475,14z/data=!4m8!1m2!2m1!1sCharterwood+Dog+Park!3m4!1s0x8640d31a146f5a91:0x1f5648674e79017!8m2!3d30.000067299999998!4d-95.5687475"
Salty Paws,,,"817 Johnson Crawford Cir East, Port Bolivar, TX 77650",Port Bolivar,77650,Texas,29.4124483,-94.7026017,https://streetviewpixels-pa.googleapis.com/v1/thumbnail?panoid=IMZ4nuLb9PgWMW6U3anHIw&cb_client=search.gws-prod.gps&w=800&h=500&yaw=238.97334&pitch=0&thumbfov=100,,OPERATIONAL,,"https://www.google.com/maps/place/Salty+Paws/@29.412448299999998,-94.7026017,14z/data=!4m8!1m2!2m1!1sSalty+Paws!3m4!1s0x863f0b00341a6a99:0xde2e12d5f60e2737!8m2!3d29.412448299999998!4d-94.7026017"
Port Neches Pickleball Court,,,"1005 Merriman St, Port Neches, TX 77651",Port Neches,77651,Texas,29.9927755,-93.9523382,https://lh3.googleusercontent.com/gps-cs-s/AC9h4nrpcEf5Ke04VICPn7nCIjo1E13LjyduDsWzTG9krZVfscch6YS0GZCxsNARe0mrC3AYxb08lLVafsho9pAgHdxZGYCrPL--EqFH3liqssxqQ1Jx2yYWkz8zQh0uyCb9xNIGfbST4C2vE5oc=w800-h500-k-no,"{""Sunday"": ""Open 24 hours"", ""Monday"": ""Open 24 hours"", ""Tuesday"": ""Open 24 hours"", ""Wednesday"": ""Open 24 hours"", ""Thursday"": ""Open 24 hours"", ""Friday"": ""Open 24 hours"", ""Saturday"": ""Open 24 hours""}",OPERATIONAL,,"https://www.google.com/maps/place/Port+Neches+Pickleball+Court/@29.992775499999997,-93.9523382,14z/data=!4m8!1m2!2m1!1sPort+Neches+Pickleball+Court!3m4!1s0x863eb10055b095f7:0xfe43f655776fb3dc!8m2!3d29.992775499999997!4d-93.9523382"
Tiny Tiger's Playhouse,https://www.tinytigersplayhousetx.com/,+1 409-385-4632,"Shopping Center, 114 Pine Plz, Silsbee, TX 77656",Silsbee,77656,Texas,30.3609199,-94.1718215,https://lh3.googleusercontent.com/p/AF1QipOpnSMYbO8JwumoGEOON5xJIon_WongSfckJ286=w800-h500-k-no,"{""Sunday"": ""12-6PM"", ""Monday"": ""10AM-6PM"", ""Tuesday"": ""10AM-6PM"", ""Wednesday"": ""10AM-6PM"", ""Thursday"": ""10AM-6PM"", ""Friday"": ""10AM-6PM"", ""Saturday"": ""10AM-6PM""}",OPERATIONAL,"Ready to get the kids out of the house and burn off energy? Tiny Tigers Playhouse is an indoor playground with open play 7 days a week. Our facility is designed for babies, toddlers, and early-elementary aged kids. With a 2 story play structure, slides, BEAM Interactive Playground, 6-section enclosed trampoline, and baby area (for under 3 yrs) your little one will be entertained for hours!

Tiny Tigers Playhouse offers a stress-free birthday party experience! Whether you’re hosting a small gathering with a few kids or throwing an all out birthday bash, we’ve got you covered! Check out our website for our party package options.","https://www.google.com/maps/place/Tiny+Tiger%27s+Playhouse/@30.3609199,-94.1718215,14z/data=!4m8!1m2!2m1!1sTiny+Tiger%27s+Playhouse!3m4!1s0x86393b266752267d:0x491e6b18aa8b7ddf!8m2!3d30.3609199!4d-94.1718215"
Lumberton Dog Park,,,"6QJC+2Q, Lumberton, TX 77657",Lumberton,77657,Texas,30.2301195,-94.2280475,https://lh3.googleusercontent.com/gps-cs-s/AC9h4nqhV_YdINmz_UyE-aG2-kgoNjaS1iBHP6o8zfZC5Y8sFozxvcA90HvdZ742ngElwKjKc2Eutq_Ibge67yJNsQOd38548CcraxMZJ7A8tJtvIAcsmIhHQEHgAG7meItI7GAqSl8=w800-h500-k-no,"{""Sunday"": ""5:30AM-9PM"", ""Monday"": ""5:30AM-9PM"", ""Tuesday"": ""5:30AM-9PM"", ""Wednesday"": ""5:30AM-9PM"", ""Thursday"": ""5:30AM-9PM"", ""Friday"": ""5:30AM-9PM"", ""Saturday"": ""5:30AM-9PM""}",OPERATIONAL,,"https://www.google.com/maps/place/Lumberton+Dog+Park/@30.230119499999997,-94.2280475,14z/data=!4m8!1m2!2m1!1sLumberton+Dog+Park!3m4!1s0x863931bfc560aded:0xef334692789120b9!8m2!3d30.230119499999997!4d-94.2280475"
Dazzling k9,https://dazzlingk9.com/,+1 409-937-4912,"11957 Callahan Rd, Lumberton, TX 77657",Lumberton,77657,Texas,30.1997677,-94.2165514,https://lh3.googleusercontent.com/p/AF1QipNpWmgjPI_Qxyh6R1FdEHwHrwZzbZ2iUsOaTM59=w800-h500-k-no,"{""Sunday"": ""Open 24 hours"", ""Monday"": ""Open 24 hours"", ""Tuesday"": ""Open 24 hours"", ""Wednesday"": ""Open 24 hours"", ""Thursday"": ""Open 24 hours"", ""Friday"": ""Open 24 hours"", ""Saturday"": ""Open 24 hours""}",OPERATIONAL,,"https://www.google.com/maps/place/Dazzling+k9/@30.1997677,-94.2165514,14z/data=!4m8!1m2!2m1!1sDazzling+k9!3m4!1s0x863931089db3e215:0xba029a1a71110066!8m2!3d30.1997677!4d-94.2165514"
Raider Days,https://www.facebook.com/profile.php?id=61552341332135,+1 409-227-4452,"118 Country Ln Dr, Lumberton, TX 77657",Lumberton,77657,Texas,30.2432295,-94.1979365,https://lh3.googleusercontent.com/gps-cs-s/AC9h4nq8uMhEOE2kqFzzPLgVlrYqNi_J1WuTurQsvK10rb3GJZ5zziQUg2XN21BbH-41GwP_VXS0hzTsXziz17YWFMpGOhtTK84L0x3baBXEm82CWgteKwRLpzyoT2Ikc5nlpcxYiyeV=w800-h500-k-no,,OPERATIONAL,,"https://www.google.com/maps/place/Raider+Days/@30.243229499999998,-94.1979365,14z/data=!4m8!1m2!2m1!1sRaider+Days!3m4!1s0x863931a121508975:0xa17bd30067f3f7a1!8m2!3d30.243229499999998!4d-94.1979365"
K9 Klips and Pet Resort,,+1 409-755-2548,"2454 US-69, Lumberton, TX 77657",Lumberton,77657,Texas,30.2165797,-94.1930736,https://lh3.googleusercontent.com/gps-cs-s/AC9h4npm88ZmmFWRC7Skc72LqMrPfKQ0JFcWza9SjCWl4kPSs3cUvWHCMD_sw-TNvBMxX7VqZMfuyQFeYuPxHpDCZ8aotxbj9F2Q71FDMoP_ACJigTUsFTADr3KnqIhrwRTG5BP3rXkd=w800-h500-k-no,"{""Sunday"": ""Closed"", ""Monday"": ""7AM-6PM"", ""Tuesday"": ""7AM-6PM"", ""Wednesday"": ""7AM-6PM"", ""Thursday"": ""7AM-6PM"", ""Friday"": ""7AM-6PM"", ""Saturday"": ""8AM-6PM""}",OPERATIONAL,,"https://www.google.com/maps/place/K9+Klips+and+Pet+Resort/@30.216579699999997,-94.19307359999999,14z/data=!4m8!1m2!2m1!1sK9+Klips+and+Pet+Resort!3m4!1s0x863931ac7180389b:0x5f268f7a21070521!8m2!3d30.216579699999997!4d-94.19307359999999"
Happy Dog Storage - Sour Lake,https://www.rightmovestorage.com/storage-locations/tx/sour-lake/22911-tx-105/?utm_source=google,+1 409-755-1111,"22911 TX-105, Sour Lake, TX 77659",Sour Lake,77659,Texas,30.1389885,-94.4259166,https://lh3.googleusercontent.com/p/AF1QipPVpt9cDKGXOg3Vb-VxumVKBn0bdZNtsflyVfio=w800-h500-k-no,"{""Sunday"": ""Closed"", ""Monday"": ""9AM-6PM"", ""Tuesday"": ""9AM-6PM"", ""Wednesday"": ""9AM-6PM"", ""Thursday"": ""9AM-6PM"", ""Friday"": ""9AM-6PM"", ""Saturday"": ""9AM-5PM""}",OPERATIONAL,"We offer quality climate-controlled self storage units for all of our Sour Lake and Grayburg neighbors.
If you’re worried about the Texas heat damaging your stored items, keep them safe with our air-conditioned self storage units.
We’re located right alongside TX-105, just a little way west of the center of Sour Lake. This makes us a great choice for anyone in Sour Lake, Grayburg, or the surrounding areas. We’re also convenient to Pinewood Estates and Bevil Oaks!
The Texas heat can be tough on some materials. If you’re looking to store electronics, wood, leather, antiques, or collectibles, upgrade to our climate-controlled self storage units!","https://www.google.com/maps/place/Happy+Dog+Storage+-+Sour+Lake/@30.1389885,-94.4259166,14z/data=!4m8!1m2!2m1!1sHappy+Dog+Storage+-+Sour+Lake!3m4!1s0x297855f2a118f0a1:0x3fc66c43cbe51f1b!8m2!3d30.1389885!4d-94.4259166"
Unleashed Canine,https://www.unleashedcanine.net/,+1 409-201-2233,"214 Co Rd 4632, Spurger, TX 77660",Spurger,77660,Texas,30.5953536,-94.1683599,https://lh3.googleusercontent.com/p/AF1QipNqpiK6Jr2VoaYQZAE8LjNjYr49VPAWGU5Bdncd=w800-h500-k-no,"{""Sunday"": ""Open 24 hours"", ""Monday"": ""Open 24 hours"", ""Tuesday"": ""Open 24 hours"", ""Wednesday"": ""Open 24 hours"", ""Thursday"": ""Open 24 hours"", ""Friday"": ""Open 24 hours"", ""Saturday"": ""Open 24 hours""}",OPERATIONAL,"Unleashed is situated on 9 beautiful acres with an indoor training & boarding facility. 24-7 Management on sight. We can cover all of your training needs, basic, advanced obedience to aggressive dogs & behavior modification. We also offer short & long-term boarding!","https://www.google.com/maps/place/Unleashed+Canine/@30.5953536,-94.1683599,14z/data=!4m8!1m2!2m1!1sUnleashed+Canine!3m4!1s0x86391193ec94c165:0x27352f64cf4e0702!8m2!3d30.5953536!4d-94.1683599"
Winnie-stowell County Softball/Baseball Complex,,,"466-496 Cook Rd, Winnie, TX 77665",Winnie,77665,Texas,29.8109558,-94.3705134,https://lh3.googleusercontent.com/gps-cs-s/AC9h4nqUXZCLzG1UcKHaQIt0VrAtbYBpH29FUSguWruIQzFN0j3vNNzk_6Y_EMxMp0N78vo-ilamPalMaLw2KcwxaMnEUaUBgHpdKZJJsHRSfPgERCqxOfM3xj8aK-3vTOe3_CdEfth1YA=w800-h500-k-no,,OPERATIONAL,,"https://www.google.com/maps/place/Winnie-stowell+County+Softball%2FBaseball+Complex/@29.8109558,-94.3705134,14z/data=!4m8!1m2!2m1!1sWinnie-stowell+County+Softball%2FBaseball+Complex!3m4!1s0x863ed8ccea83a5cd:0x56098550185847d4!8m2!3d29.8109558!4d-94.3705134"
Furry Land Mobile Grooming Beaumont,https://furryland.us/locations/beaumont-port-arthur-mobile-pet-groomers/,+1 409-299-8569,"385 N Lakeside St, Vidor, TX 77662",Vidor,77662,Texas,30.1352095,-93.9754047,https://lh3.googleusercontent.com/gps-cs-s/AC9h4noydPxWM6Zl-FStFk0_BzYWMFI-PQ99366CqH5eMETSJ1warpF7UiAjGi7DSGh3Tsk9Eg-JbSgRLARbkkjB8BiRiXkaaBUpOzXYKSbj_wdDMKpuA7czxvIzAVjIyvLCZ5jkuUwS=w800-h500-k-no,"{""Sunday"": ""8AM-6PM"", ""Monday"": ""8AM-6PM"", ""Tuesday"": ""8AM-6PM"", ""Wednesday"": ""8AM-6PM"", ""Thursday"": ""8AM-6PM"", ""Friday"": ""8AM-6PM"", ""Saturday"": ""8AM-6PM""}",OPERATIONAL,,"https://www.google.com/maps/place/Furry+Land+Mobile+Grooming+Beaumont/@30.1352095,-93.9754047,14z/data=!4m8!1m2!2m1!1sFurry+Land+Mobile+Grooming+Beaumont!3m4!1s0x27cf39faa44a38ed:0x72a63306b00b3b76!8m2!3d30.1352095!4d-93.9754047"
Dog park @ Rogers Park,,,"1490 Marshall Pl Dr, Beaumont, TX 77706",Beaumont,77706,Texas,30.0921557,-94.174174,https://streetviewpixels-pa.googleapis.com/v1/thumbnail?panoid=q0OK25CegOd28kB-egot7w&cb_client=search.gws-prod.gps&w=800&h=500&yaw=83.17913&pitch=0&thumbfov=100,,OPERATIONAL,,"https://www.google.com/maps/place/Dog+park+%40+Rogers+Park/@30.0921557,-94.174174,14z/data=!4m8!1m2!2m1!1sDog+park+%40+Rogers+Park!3m4!1s0x863ecd0039616611:0x58283a958831eb3a!8m2!3d30.0921557!4d-94.174174"
Barkwood Pet Resort,https://barkwoodpetresort.com/,+1 409-898-2275,"7450 Park N Dr, Beaumont, TX 77708",Beaumont,77708,Texas,30.1456023,-94.1766132,https://lh3.googleusercontent.com/p/AF1QipMXITgrzGwuI3gS71YWRg6cQeeOmaHE97SUE7Pg=w800-h500-k-no,"{""Sunday"": ""1-3PM"", ""Monday"": ""7AM-6PM"", ""Tuesday"": ""7AM-6PM"", ""Wednesday"": ""7AM-6PM"", ""Thursday"": ""7AM-6PM"", ""Friday"": ""7AM-6PM"", ""Saturday"": ""9AM-5PM""}",OPERATIONAL,,"https://www.google.com/maps/place/Barkwood+Pet+Resort/@30.1456023,-94.17661319999999,14z/data=!4m8!1m2!2m1!1sBarkwood+Pet+Resort!3m4!1s0x863933a3f1b512d7:0xa09765c84ac7ec3a!8m2!3d30.1456023!4d-94.17661319999999"
"Planet Canine, LLC",https://www.planetk-9.com/,+1 409-892-3647,"6875 Eastex Fwy, Beaumont, TX 77706",Beaumont,77706,Texas,30.1316654,-94.1667925,https://lh3.googleusercontent.com/gps-cs-s/AC9h4nqWBEjbnpRc6vusTKp-r8i6mFkYm4pS-5agqtk-7MLg1aLCadtJTPkXe64JDUR4UZd-24WJSeo_T48Q9H6Wr98wmR59UnXAmaBu4vqUS45ZL1sRVv0OAuRqdScsQnT_0f3fizIqBY8HVrhn=w800-h500-k-no,"{""Sunday"": ""7-9AM,4-6PM"", ""Monday"": ""6AM-6PM"", ""Tuesday"": ""6AM-6PM"", ""Wednesday"": ""6AM-6PM"", ""Thursday"": ""6AM-6PM"", ""Friday"": ""6AM-6PM"", ""Saturday"": ""7AM-6PM""}",OPERATIONAL,,"https://www.google.com/maps/place/Planet+Canine%2C+LLC/@30.1316654,-94.1667925,14z/data=!4m8!1m2!2m1!1sPlanet+Canine%2C+LLC!3m4!1s0x863933ce44e27ecf:0xd97b66396e450b9e!8m2!3d30.1316654!4d-94.1667925"
Dog Park at Love's Travel Stops,https://www.loves.com/dogparks,+1 409-840-9602,"7495 Smith Rd, Beaumont, TX 77713",Beaumont,77713,Texas,29.9885852,-94.2115097,https://streetviewpixels-pa.googleapis.com/v1/thumbnail?panoid=Z_GXKUdfbNvtnyc1zRa3HQ&cb_client=search.gws-prod.gps&w=800&h=500&yaw=79.81072&pitch=0&thumbfov=100,"{""Sunday"": ""Open 24 hours"", ""Monday"": ""Open 24 hours"", ""Tuesday"": ""Open 24 hours"", ""Wednesday"": ""Open 24 hours"", ""Thursday"": ""Open 24 hours"", ""Friday"": ""Open 24 hours"", ""Saturday"": ""Open 24 hours""}",OPERATIONAL,,"https://www.google.com/maps/place/Dog+Park+at+Love%27s+Travel+Stops/@29.9885852,-94.2115097,14z/data=!4m8!1m2!2m1!1sDog+Park+at+Love%27s+Travel+Stops!3m4!1s0x863ecf8a1695b237:0x57922e0a511c56cb!8m2!3d29.9885852!4d-94.2115097"
Morris “Buzz” Hamilton Park,https://www.bryantx.gov/parks-and-recreation/parks-and-facilities-listings/#buzz,+1 979-209-5528,"4890 Boonville Rd, Bryan, TX 77802",Bryan,77802,Texas,30.6584608,-96.2990401,https://lh3.googleusercontent.com/gps-cs-s/AC9h4npHS1Y1GM071XBWyyG4OIBFcdcZ4YIU9m5dG6xV8BL3N0xaeX6MmnSbEXmtj-ZxKHgSXCKmU00QzEf3_sBykim-ZBVYLhsuTnws98HbyFF84l1Mt8KT57udX-8eTnaxFtqy3n_d=w800-h500-k-no,"{""Sunday"": ""6AM-10PM"", ""Monday"": ""6AM-10PM"", ""Tuesday"": ""6AM-10PM"", ""Wednesday"": ""6AM-10PM"", ""Thursday"": ""6AM-10PM"", ""Friday"": ""6AM-10PM"", ""Saturday"": ""6AM-10PM""}",OPERATIONAL,,"https://www.google.com/maps/place/Morris+%E2%80%9CBuzz%E2%80%9D+Hamilton+Park/@30.6584608,-96.2990401,14z/data=!4m8!1m2!2m1!1sMorris+%E2%80%9CBuzz%E2%80%9D+Hamilton+Park!3m4!1s0x86468698a2102afd:0xf43e433bf6eaa14a!8m2!3d30.6584608!4d-96.2990401"
Barking Ranch Pet Resort,http://barkingranchtx.com/,+1 979-836-1956,"2455 US-290 BUS, Brenham, TX 77833",Brenham,77833,Texas,30.1664551,-96.4323207,https://lh3.googleusercontent.com/p/AF1QipMIZB4e8oDQU2ycOM2fQ1jpt2ZErIIm8gp1t0Bd=w800-h500-k-no,"{""Sunday"": ""1-4PM"", ""Monday"": ""7:30AM-6PM"", ""Tuesday"": ""7:30AM-6PM"", ""Wednesday"": ""7:30AM-6PM"", ""Thursday"": ""7:30AM-6PM"", ""Friday"": ""7:30AM-6PM"", ""Saturday"": ""8AM-12PM""}",OPERATIONAL,,"https://www.google.com/maps/place/Barking+Ranch+Pet+Resort/@30.1664551,-96.43232069999999,14z/data=!4m8!1m2!2m1!1sBarking+Ranch+Pet+Resort!3m4!1s0x8646a9ab54ca768b:0x8a8c4ea5682c2a16!8m2!3d30.1664551!4d-96.43232069999999"
Southern Pointe Dog Park,,,"6329 Southern Cross Dr, College Station, TX 77845",College Station,77845,Texas,30.5324119,-96.2131508,,,OPERATIONAL,,"https://www.google.com/maps/place/Southern+Pointe+Dog+Park/@30.5324119,-96.2131508,14z/data=!4m8!1m2!2m1!1sSouthern+Pointe+Dog+Park!3m4!1s0x864691006ebab409:0xfb0c8e4437fb15a7!8m2!3d30.5324119!4d-96.2131508"
Barks & Rec,https://www.boardbarksandrec.com/,+1 979-485-1033,"3206 Longmire Dr Suite C, College Station, TX 77845",College Station,77845,Texas,30.5867679,-96.2902532,https://lh3.googleusercontent.com/p/AF1QipOv3Qa8smgLDwJmuYsCPkWVVVdsjPviu_z8ghuy=w800-h500-k-no,"{""Sunday"": ""8AM-4PM"", ""Monday"": ""7AM-6PM"", ""Tuesday"": ""7AM-6PM"", ""Wednesday"": ""7AM-6PM"", ""Thursday"": ""7AM-6PM"", ""Friday"": ""7AM-6PM"", ""Saturday"": ""8AM-4PM""}",OPERATIONAL,,"https://www.google.com/maps/place/Barks+%26+Rec/@30.586767899999998,-96.2902532,14z/data=!4m8!1m2!2m1!1sBarks+%26+Rec!3m4!1s0x864685ef2a5157e9:0x7b19635b86fd12a5!8m2!3d30.586767899999998!4d-96.2902532"
Waggie Pet Zone,http://waggiepetzone.com/,+1 979-693-9663,"3227 Rock Prairie Rd W, College Station, TX 77845",College Station,77845,Texas,30.5667791,-96.3150431,https://lh3.googleusercontent.com/gps-cs-s/AC9h4npovL0dUeAPI4C_Z6ecNOWPdJ8UwQRC-qp-DG5S-vtpCxRwPn9PbqdfGKhsFwAooNKGtX7pSjt9AkOGRKjKeG3Ps-oxUI9SfWf_0N53rxzJQFodo7EEQJGcQzLTn6MffMmu10oVHg=w800-h500-k-no,"{""Sunday"": ""8-10AM,4-6PM"", ""Monday"": ""7AM-7PM"", ""Tuesday"": ""7AM-7PM"", ""Wednesday"": ""7AM-7PM"", ""Thursday"": ""7AM-7PM"", ""Friday"": ""7AM-7PM"", ""Saturday"": ""8AM-4PM""}",OPERATIONAL,,"https://www.google.com/maps/place/Waggie+Pet+Zone/@30.566779099999998,-96.3150431,14z/data=!4m8!1m2!2m1!1sWaggie+Pet+Zone!3m4!1s0x86469cb33bf6d071:0xbf3e111be0020c2!8m2!3d30.566779099999998!4d-96.3150431"
Doggie day care stephenville tx,http://www.doggiedaycarestephenville.com/,+1 254-413-8755,"122 Co Rd 519, Stephenville, TX 76401",Stephenville,76401,Texas,32.1966477,-98.287391,https://lh3.googleusercontent.com/gps-cs-s/AC9h4noAHyTDax28YxbR1borhy1aR-CjLTcaIW0TbN1zlRgZMT_FB4B8fnnM2XaINBf96bgC8-_98P913vMgikQhulHJOuKkp-n6tpap3X6s4tIvW8MXPFCJvxYRmCQJHMClCO264cFI=w800-h500-k-no,,OPERATIONAL,,"https://www.google.com/maps/place/Doggie+day+care+stephenville+tx/@32.1966477,-98.287391,14z/data=!4m8!1m2!2m1!1sDoggie+day+care+stephenville+tx!3m4!1s0x8651b1ab724372c7:0x5212024f9669aabd!8m2!3d32.1966477!4d-98.287391"
Paw's Hotel,,+1 254-522-1192,"1360 E Walker St, Breckenridge, TX 76424",Breckenridge,76424,Texas,32.7557288,-98.8797004,https://lh3.googleusercontent.com/gps-cs-s/AC9h4noXMoC06nHVQovv4mio9GJ5OEBMrwkVc65__vbZN-ncrMB_C51kkWOyt7_Xm1mh3oUN58fJPhCw_EJUlnJoH9l2QGFCoEWhe9Ke3ouO0LcfWIY_bHq-_UF11aEeJ1TAUNJMifRSoA=w800-h500-k-no,,OPERATIONAL,,"https://www.google.com/maps/place/Paw%27s+Hotel/@32.7557288,-98.87970039999999,14z/data=!4m8!1m2!2m1!1sPaw%27s+Hotel!3m4!1s0x86515f8264b2d75d:0x93ba8030148cf2af!8m2!3d32.7557288!4d-98.87970039999999"
Dog Park at Love's Travel Stops,https://www.loves.com/dogparks,+1 940-683-3325,"2300 US-380, Bridgeport, TX 76426",Bridgeport,76426,Texas,33.2217249,-97.737477,https://streetviewpixels-pa.googleapis.com/v1/thumbnail?panoid=F6naaHTLKMPVWfBDs2O2hw&cb_client=search.gws-prod.gps&w=800&h=500&yaw=2.7961986&pitch=0&thumbfov=100,"{""Sunday"": ""Open 24 hours"", ""Monday"": ""Open 24 hours"", ""Tuesday"": ""Open 24 hours"", ""Wednesday"": ""Open 24 hours"", ""Thursday"": ""Open 24 hours"", ""Friday"": ""Open 24 hours"", ""Saturday"": ""Open 24 hours""}",OPERATIONAL,,"https://www.google.com/maps/place/Dog+Park+at+Love%27s+Travel+Stops/@33.2217249,-97.737477,14z/data=!4m8!1m2!2m1!1sDog+Park+at+Love%27s+Travel+Stops!3m4!1s0x864d8bd10e690f1b:0x6becbf8326a6a96b!8m2!3d33.2217249!4d-97.737477"
Relax Inn,https://www.booking.com/hotel/us/relax-inn-dublin.html,+1 254-445-0499,"312 N Patrick St, Dublin, TX 76446",Dublin,76446,Texas,32.0886356,-98.3415775,https://lh3.googleusercontent.com/gps-cs-s/AC9h4nqQ6d6_5V9GjTByvfdBFGt2bmjEbQrYgufLIbfs_vzR3hnSkWX7szu2t3OMGOeSKKujYdAe4jAHt97M6mKRgihvwqDaV3crulpMyuxQEUW75H0e0tzuPd-lWdQt5Pqq3vuTI083ag=w800-h500-k-no,,OPERATIONAL,,"https://www.google.com/maps/place/Relax+Inn/@32.088635599999996,-98.3415775,14z/data=!4m8!1m2!2m1!1sRelax+Inn!3m4!1s0x8651ad31da62c2ef:0xae60119b16be51c6!8m2!3d32.088635599999996!4d-98.3415775"
Amayla Kennels,https://amaylakennels.com/,+1 254-967-3206,"28465 S US Hwy 281, Hico, TX 76457",Hico,76457,Texas,32.0354638,-98.0791996,https://lh3.googleusercontent.com/p/AF1QipPVOjreYXHTzo2EXChckMVHs3z21VLNNeL7OKG6=w800-h500-k-no,"{""Sunday"": ""12-6PM"", ""Monday"": ""9AM-6PM"", ""Tuesday"": ""9AM-6PM"", ""Wednesday"": ""9AM-6PM"", ""Thursday"": ""9AM-6PM"", ""Friday"": ""9AM-6PM"", ""Saturday"": ""9AM-6PM""}",OPERATIONAL,"We provide pet boarding, grooming, day care and other pet services in our brand new, state-of-the-art, custom designed kennel facility. Our kennel is conveniently located on Highway 281 between Hico and Stephenville and between Hico and Dublin.","https://www.google.com/maps/place/Amayla+Kennels/@32.035463799999995,-98.0791996,14z/data=!4m8!1m2!2m1!1sAmayla+Kennels!3m4!1s0x8650344d0ac29ee9:0x662c7b7413e19121!8m2!3d32.035463799999995!4d-98.0791996"
Dymn Pamper Pets,http://www.dymnpamperpets.com/,+1 940-229-4244,"840 Union St, Jacksboro, TX 76458",Jacksboro,76458,Texas,33.2249697,-98.1719921,https://lh3.googleusercontent.com/p/AF1QipMcGm5CEVnljXqb5Y92VCTCBlxz2qUeqMMGXdG1=w800-h500-k-no,"{""Sunday"": ""8AM-8PM"", ""Monday"": ""8AM-8PM"", ""Tuesday"": ""8AM-8PM"", ""Wednesday"": ""8AM-8PM"", ""Thursday"": ""8AM-8PM"", ""Friday"": ""8AM-8PM"", ""Saturday"": ""8AM-8PM""}",OPERATIONAL,Professional Grooming and Boarding,"https://www.google.com/maps/place/Dymn+Pamper+Pets/@33.224969699999995,-98.1719921,14z/data=!4m8!1m2!2m1!1sDymn+Pamper+Pets!3m4!1s0x86524136fc83ba5d:0x1dcad61dfcc52bc3!8m2!3d33.224969699999995!4d-98.1719921"
Private Residential Frisky Biscuit Dog Park,,,"681 Grand, Village Hill Dr, Conroe, TX 77304",Conroe,77304,TX,30.2792147,-95.4751378,https://lh3.googleusercontent.com/gps-cs-s/AC9h4noYJd-PvKUbtewa7vObh-qNZ7Colmw-V-NQ5Iltvn1EZlUgmzV1jdfcAK_OaqAQFNhrDWYRlST0_5xk8EG2feI7zHFx2uF2y-rHsbX75SrVU_KQjXGgssaDzPqNK-iohV-6_CanYw=w800-h500-k-no,,OPERATIONAL,,"https://www.google.com/maps/place/Private+Residential+Frisky+Biscuit+Dog+Park/@30.279214699999997,-95.4751378,14z/data=!4m8!1m2!2m1!1sPrivate+Residential+Frisky+Biscuit+Dog+Park!3m4!1s0x864739639298416f:0x82c1a55216aa5743!8m2!3d30.279214699999997!4d-95.4751378"
God's Blessings - Doggy Daycare & Boarding,http://www.facebook.com/godsblessingsx9/,,"330 An County Road 3732 330 ACR 3732 330 Anderson, 330 County Rd 3732, Palestine, TX 75801",Palestine,75801,TX,31.8027291,-95.5669519,https://lh3.googleusercontent.com/p/AF1QipPDQFhz_BZyAvdknirpVWErzujS5Y7Vx10Qyoz7=w800-h500-k-no,"{""Sunday"": ""6-8PM"", ""Monday"": ""8AM-5:30PM"", ""Tuesday"": ""8AM-5:30PM"", ""Wednesday"": ""8AM-5:30PM"", ""Thursday"": ""8AM-5:30PM"", ""Friday"": ""8AM-5:30PM"", ""Saturday"": ""9AM-2PM""}",OPERATIONAL,Have a Blessed Day and enjoy your time away NOT worried about your pet. Book your pet's reservation with God's Blessings Doggy Day Care & Boarding and know they are happy. We give your dog what he needs to enjoy his time while you're away and you can focus on other things. Find peace knowing your dog is having a vacation of his own at God's Blessings Doggy Daycare & Boarding.,"https://www.google.com/maps/place/God%27s+Blessings+-+Doggy+Daycare+%26+Boarding/@31.802729099999997,-95.56695189999999,14z/data=!4m8!1m2!2m1!1sGod%27s+Blessings+-+Doggy+Daycare+%26+Boarding!3m4!1s0x86486618aae8d5e1:0x171e1f4105b6b74c!8m2!3d31.802729099999997!4d-95.56695189999999"
Hardberger Park - Dog Park (West),,,"11672-000-0100, San Antonio, TX 78231",San Antonio,78231,TX,29.5508928,-98.5309271,https://lh3.googleusercontent.com/gps-cs-s/AC9h4noxKKs4CNaRajsAbqq-phW2CquH5lVulu8pDq8RlDsPxtLsQNc_sN_QPFxx4IOCPg8doL56KldLdLWUyK4BJWWy2DbTLi6uACfoL_bKl9D7ZBva9vKUFDDYlZnAeaEG7vKQK6o=w800-h500-k-no,,OPERATIONAL,,"https://www.google.com/maps/place/Hardberger+Park+-+Dog+Park+%28West%29/@29.5508928,-98.5309271,14z/data=!4m8!1m2!2m1!1sHardberger+Park+-+Dog+Park+%28West%29!3m4!1s0x865c611c641cd081:0xf550ee3c95470707!8m2!3d29.5508928!4d-98.5309271"
Phil Hardberger Park - Dog park,,,"11672-000-0100, San Antonio, TX 78231",San Antonio,78231,TX,29.5508928,-98.5309271,https://lh3.googleusercontent.com/gps-cs-s/AC9h4nojQUnkIP4bKSQMhjr5LrckmMIUPdYGiaenhJquLGoud9S1GC0hXQU70_hb0-wrRp2oG9dehbvWdnivQFjQT8iECUNlspQi91LO8qP6HdWviU6gzC8DiAo0TToTbXCFH0Fbm5YLEQ=w800-h500-k-no,"{""Sunday"": ""7:15AM-6PM"", ""Monday"": ""7:15AM-6PM"", ""Tuesday"": ""7:15AM-6PM"", ""Wednesday"": ""7:15AM-6PM"", ""Thursday"": ""7:15AM-6PM"", ""Friday"": ""7:15AM-6PM"", ""Saturday"": ""7:15AM-6PM""}",OPERATIONAL,,"https://www.google.com/maps/place/Phil+Hardberger+Park+-+Dog+park/@29.5508928,-98.5309271,14z/data=!4m8!1m2!2m1!1sPhil+Hardberger+Park+-+Dog+park!3m4!1s0x865c61659b98a281:0x65a6000f5862c705!8m2!3d29.5508928!4d-98.5309271"
Friendswood Dogsafe Park,https://www.ci.friendswood.tx.us/261/Dog-Park,+1 281-996-3220,"Old Friendswood City Park, 1199, 1101 Merriewood Dr, Friendswood, TX 77546",Friendswood,77546,TX,29.5167114,-95.1961307,https://lh3.googleusercontent.com/gps-cs-s/AC9h4no4Je3opBFFYvXuba2tA9RLjpxzy975OKyVkn7a5veiLVW5v-dYknG4eT5NpgPAAHwv0pIVkm3jwA3jDxPiISVLpm2AxpZUQp5H13scLD7id1SdZoPSJN1l-gQ9MtsEL_PeffhJ=w800-h500-k-no,"{""Sunday"": ""Open 24 hours"", ""Monday"": ""Closed"", ""Tuesday"": ""Open 24 hours"", ""Wednesday"": ""Open 24 hours"", ""Thursday"": ""Open 24 hours"", ""Friday"": ""Open 24 hours"", ""Saturday"": ""Open 24 hours""}",OPERATIONAL,,"https://www.google.com/maps/place/Friendswood+Dogsafe+Park/@29.5167114,-95.1961307,14z/data=!4m8!1m2!2m1!1sFriendswood+Dogsafe+Park!3m4!1s0x86409b6e9b006453:0x24e86eca2e81e03!8m2!3d29.5167114!4d-95.1961307"
Arrowhead Park,https://www.viridiandfw.com/arrowhead-park,+1 817-494-8598,"76005-4532, 1300 Autumn Mist Way, Arlington, TX 76005",Arlington,76005,TX,32.7961276,-97.0854717,https://lh3.googleusercontent.com/gps-cs-s/AC9h4no5w0VOe2US8k3_GpLbK6dKr1Sn-MiufXJ3vo4CX1wZ15aVTtN-8L3ILGZMASfqDqwL5woLPSEH1vROCC5fUwuOXVqrlW2gj6o9aSgM1Es6_ylaBIDGy-xvz-dRTNp2dzzAXK8r=w800-h500-k-no,"{""Sunday"": ""6AM-11PM"", ""Monday"": ""6AM-11PM"", ""Tuesday"": ""6AM-11PM"", ""Wednesday"": ""6AM-11PM"", ""Thursday"": ""6AM-11PM"", ""Friday"": ""6AM-11PM"", ""Saturday"": ""6AM-11PM""}",OPERATIONAL,,"https://www.google.com/maps/place/Arrowhead+Park/@32.7961276,-97.0854717,14z/data=!4m8!1m2!2m1!1sArrowhead+Park!3m4!1s0x864e80aeefc85869:0x2d604faae595175f!8m2!3d32.7961276!4d-97.0854717"
"Euless Dog Park, Small Dogs",,,"40621944, Euless, TX 76039",Euless,76039,TX,32.8653158,-97.069504,https://lh3.googleusercontent.com/gps-cs-s/AC9h4npzV3sbHiajPGN0P8BXkJEMAzINANs3cVd1IiTabiIQlLg_1AQuJQuLnC90YuDgrwwrhHu81m83A23MbLuFSgZ2CGHMtypPtfnvX51plvg-EP1ghH_z7hsgMjO-H_qtRV6O7n5zHw=w800-h500-k-no,"{""Sunday"": ""Open 24 hours"", ""Monday"": ""Open 24 hours"", ""Tuesday"": ""Open 24 hours"", ""Wednesday"": ""Open 24 hours"", ""Thursday"": ""Open 24 hours"", ""Friday"": ""Open 24 hours"", ""Saturday"": ""Open 24 hours""}",OPERATIONAL,,"https://www.google.com/maps/place/Euless+Dog+Park%2C+Small+Dogs/@32.8653158,-97.069504,14z/data=!4m8!1m2!2m1!1sEuless+Dog+Park%2C+Small+Dogs!3m4!1s0x864e81bd881524b9:0x92a839bb19054da1!8m2!3d32.8653158!4d-97.069504"
Rosies City Dog Park,,,"25828, Floresville, TX 78114",Floresville,78114,TX,29.1390136,-98.1562289,https://lh3.googleusercontent.com/gps-cs-s/AC9h4nrs3IuJ0LnCjYee7V-38DtSEpvS7MA3vpYpr6KGZ5NO-qB4cjQ70ZznOp52xwu0lswQWgd2EPuV09S0XyJ97TNYMD89oQaDw_qarN9KvtuxjxLfpK3OpY3ko9Df8IYjQgLph9xz=w800-h500-k-no,"{""Sunday"": ""8AM-9PM"", ""Monday"": ""8AM-9PM"", ""Tuesday"": ""8AM-9PM"", ""Wednesday"": ""8AM-9PM"", ""Thursday"": ""8AM-9PM"", ""Friday"": ""8AM-9PM"", ""Saturday"": ""8AM-9PM""}",OPERATIONAL,,"https://www.google.com/maps/place/Rosies+City+Dog+Park/@29.1390136,-98.1562289,14z/data=!4m8!1m2!2m1!1sRosies+City+Dog+Park!3m4!1s0x865d1f2ae4a613a1:0x929e62a4ff747cd9!8m2!3d29.1390136!4d-98.1562289"
Onion Creek Doggy Park,,,"Dog Park Blue, 7000-7098, Onion Creek Dr, Austin, TX 78744",Austin,78744,TX,30.1720796,-97.7436048,https://lh3.googleusercontent.com/gps-cs-s/AC9h4npt54Bu8SN2sEhejGIyLUtGdfcd8m9Q8MsYvk_a1IwQG9_v6_Sbc9i8-lZfaOMjhjAJnn99f9NnKPoxGk-fUY9NE_J7YIm7QJzw24b6nQfUOPvVznyajD_75-6_nt-7zGXWprxqqg=w800-h500-k-no,,OPERATIONAL,,"https://www.google.com/maps/place/Onion+Creek+Doggy+Park/@30.1720796,-97.7436048,14z/data=!4m8!1m2!2m1!1sOnion+Creek+Doggy+Park!3m4!1s0x8644b38392909b6d:0x234c48c249097e18!8m2!3d30.1720796!4d-97.7436048"
John Stiff Memorial Dog Park,,+1 806-378-3036,"SW 48th Ave & Bell, 4800 Bell St, Amarillo, TX 79109",Amarillo,79109,TX,35.1548348,-101.9080026,https://lh3.googleusercontent.com/gps-cs-s/AC9h4nqF-vaTkkr2SXrOI7ZqPT5uilmVz9vbSkP8gb0i7WvQzA3oM2P7SZK5YWB2aPhiwzaiHTFKjDHU-FOq0WG3W0I0-pkxu0Kpn1Z1tU4YfTZhCu1w-dXfA9wzaGJZtfTef9TY84vi=w800-h500-k-no,"{""Sunday"": ""5AM-12AM"", ""Monday"": ""5AM-12AM"", ""Tuesday"": ""5AM-12AM"", ""Wednesday"": ""5AM-12AM"", ""Thursday"": ""5AM-12AM"", ""Friday"": ""5AM-12AM"", ""Saturday"": ""5AM-12AM""}",OPERATIONAL,,"https://www.google.com/maps/place/John+Stiff+Memorial+Dog+Park/@35.154834799999996,-101.90800259999999,14z/data=!4m8!1m2!2m1!1sJohn+Stiff+Memorial+Dog+Park!3m4!1s0x8701500bb41bf1fd:0x782ea40c6467cf57!8m2!3d35.154834799999996!4d-101.90800259999999"
Dog park,,,"Unnamed Road, Comfort, TX 78013",Comfort,78013,TX,29.8877065,-98.8145328,https://lh3.googleusercontent.com/gps-cs-s/AC9h4nr-lZBJqogNqcKwdiorcEwWLdy4SjVebWtCaUBIl9598tpX6dbGzMNSo7hOH6w_gUOVFyiqenOR_IwrS73SNig5WvZ6lpP5DH7Xiuq5175X9xGlqCwvzuFiazoO0CKjKl_RpAnlLQ=w800-h500-k-no,,OPERATIONAL,,"https://www.google.com/maps/place/Dog+park/@29.8877065,-98.8145328,14z/data=!4m8!1m2!2m1!1sDog+park!3m4!1s0x865b8b647fe669f3:0x70f98c63c1215bfd!8m2!3d29.8877065!4d-98.8145328"
Heartland Dog Park,,,"Cedeno Dr &, Fletcher Rd, TX",Heartland,None,TX,32.6764089,-96.4500046,https://lh3.googleusercontent.com/gps-cs-s/AC9h4nppSWhW0bohHXbN5IKtDGxN82kZUV1OtYTy4l4Kp7zcsAYVWmK6yrMmaogKzHdapDFvrvFD5nKuTVUuirmWzIMB4Ep5a1kBCpphoq_XLOeJGjVhZP3T42om4EJ1sLRsibkMY6_igg=w800-h500-k-no,,OPERATIONAL,,"https://www.google.com/maps/place/Heartland+Dog+Park/@32.6764089,-96.4500046,14z/data=!4m8!1m2!2m1!1sHeartland+Dog+Park!3m4!1s0x864eb32502d307e5:0x5c24c8ba2ffb2631!8m2!3d32.6764089!4d-96.4500046"
Quail Run Kennel,,+1 903-872-1767,"3725, 4 County Rd NW 0002, Corsicana, TX 75110",Corsicana,75110,TX,32.13063,-96.4780353,https://lh3.googleusercontent.com/gps-cs-s/AC9h4nomYaDosZlaQ3U65Oeuj-xgQnMXXeCfpPho_ZSLXlfGOAQzD7ZqtbVM8uurDVRwZGsBoBLOSXil7aDveJ-ADKikArGwCDGbvvBV0oxu6JPZq80Qbu_nUHtcfonxVjL04OSFLGuV2A=w800-h500-k-no,,OPERATIONAL,,"https://www.google.com/maps/place/Quail+Run+Kennel/@32.13063,-96.4780353,14z/data=!4m8!1m2!2m1!1sQuail+Run+Kennel!3m4!1s0x864f2bc32b4b0159:0xa2611541208c5c7a!8m2!3d32.13063!4d-96.4780353"
My Best Friend's Park,,,"Klyde Warren Park, 2012, Woodall Rodgers Fwy, Dallas, TX 75201",Dallas,75201,TX,32.789926,-96.8000573,https://lh3.googleusercontent.com/gps-cs-s/AC9h4nqXsKLCbonEZeLMQlth96p5IUzU6waJPTMtvO8m-2xzHn7Hg_0NTmOJdMx-KslWeac2ar67_43Id2JQkLUyN8LP1ZgW-lh-bUBw1XP_nzQuMbgfyI4pPei8mOG6LMkEhD0-OnqE=w800-h500-k-no,"{""Sunday"": ""6:30AM-10PM"", ""Monday"": ""6:30AM-10PM"", ""Tuesday"": ""6:30AM-10PM"", ""Wednesday"": ""6:30AM-10PM"", ""Thursday"": ""6:30AM-10PM"", ""Friday"": ""6:30AM-10PM"", ""Saturday"": ""6:30AM-10PM""}",OPERATIONAL,,"https://www.google.com/maps/place/My+Best+Friend%27s+Park/@32.789926,-96.80005729999999,14z/data=!4m8!1m2!2m1!1sMy+Best+Friend%27s+Park!3m4!1s0x864e995833502a1b:0x946fa062bac23605!8m2!3d32.789926!4d-96.80005729999999"
Argal Dog Park,,,"Argal Park, 11565 James Watt Dr, El Paso, TX 79936",El Paso,79936,TX,31.739016,-106.311974,https://lh3.googleusercontent.com/gps-cs-s/AC9h4no6IiZZto75otd82oP_hOXKVTlPMbLkr8rdMid1JPMLGtb3avA5JcRYDRSBjDm6kcd-VoeSrpn9zcNT9rq_8J_jvsmaQ-9KWDsIVPj2udgcpf52vgedtbwhqX0rQt-KLFX-YJ8k3Q=w800-h500-k-no,"{""Sunday"": ""6AM-10PM"", ""Monday"": ""6AM-10PM"", ""Tuesday"": ""6AM-10PM"", ""Wednesday"": ""6AM-10PM"", ""Thursday"": ""6AM-10PM"", ""Friday"": ""6AM-10PM"", ""Saturday"": ""6AM-10PM""}",OPERATIONAL,,"https://www.google.com/maps/place/Argal+Dog+Park/@31.739016,-106.31197399999999,14z/data=!4m8!1m2!2m1!1sArgal+Dog+Park!3m4!1s0x86e7431906c8be09:0x32902562aae1b37a!8m2!3d31.739016!4d-106.31197399999999"
Clapp- Hub City Dog Park,,,"Ave U &, 46th St, Lubbock, TX 79412",Lubbock,79412,TX,33.5545548,-101.863323,https://lh3.googleusercontent.com/gps-cs-s/AC9h4nop8k_61DEbL5rp5-45v-nSgT51h1Q9Gz8agmYWuPFCkDyJq8do_MlJj1fzP_oUrYW0Uwe9ch_GEjP_Aea45stYdW9ANotenUCwZ2dPtZrvf6__klyqgcqDLipAtTUyglUuE9_8VA=w800-h500-k-no,"{""Sunday"": ""6AM-10PM"", ""Monday"": ""12-10PM"", ""Tuesday"": ""6AM-10PM"", ""Wednesday"": ""6AM-10PM"", ""Thursday"": ""6AM-10PM"", ""Friday"": ""6AM-10PM"", ""Saturday"": ""6AM-10PM""}",OPERATIONAL,,"https://www.google.com/maps/place/Clapp-+Hub+City+Dog+Park/@33.5545548,-101.863323,14z/data=!4m8!1m2!2m1!1sClapp-+Hub+City+Dog+Park!3m4!1s0x86fe6d88983b2af9:0xd13e65839165f1c6!8m2!3d33.5545548!4d-101.863323"
Dog Park/Play area,,,"Unnamed Road, 2716 Barton Creek Blvd, Austin, TX 78735",Austin,78735,TX,30.2931517,-97.8708844,https://lh3.googleusercontent.com/gps-cs-s/AC9h4nrSlLpzb80P6aLypmiPQinHjlSddYBySQnRa1G1C4j3EUL1hzlXr8RKPLjndvK_fBaPURRSijobIoUeVqoTr5su-KS6d4bU_J2pJ2h2uXKubFozLnV9LSwVMe4gq1ikgLn2Xd_z9Q=w800-h500-k-no,"{""Sunday"": ""Open 24 hours"", ""Monday"": ""Open 24 hours"", ""Tuesday"": ""Open 24 hours"", ""Wednesday"": ""Open 24 hours"", ""Thursday"": ""Open 24 hours"", ""Friday"": ""Open 24 hours"", ""Saturday"": ""Open 24 hours""}",OPERATIONAL,,"https://www.google.com/maps/place/Dog+Park%2FPlay+area/@30.2931517,-97.8708844,14z/data=!4m8!1m2!2m1!1sDog+Park%2FPlay+area!3m4!1s0x865b35a68da16f5d:0xc58cd4a2a8bdaf96!8m2!3d30.2931517!4d-97.8708844"
Dogtopia of Fulshear-Katy,https://www.dogtopia.com/fulshear-katy/,+1 281-606-3113,"Behind Starbucks, 6434 FM 1463, Fulshear, TX 77441",Fulshear,77441,TX,29.6983032,-95.8475978,https://lh3.googleusercontent.com/p/AF1QipPxJI0NdfK0Kur5SaS2XL2QWT3k-TJlHsHxOStr=w800-h500-k-no,"{""Sunday"": ""Closed"", ""Monday"": ""7AM-7PM"", ""Tuesday"": ""7AM-7PM"", ""Wednesday"": ""7AM-7PM"", ""Thursday"": ""7AM-7PM"", ""Friday"": ""7AM-7PM"", ""Saturday"": ""7AM-5PM""}",OPERATIONAL,,"https://www.google.com/maps/place/Dogtopia+of+Fulshear-Katy/@29.698303199999998,-95.8475978,14z/data=!4m8!1m2!2m1!1sDogtopia+of+Fulshear-Katy!3m4!1s0x86412359bb08193f:0x2a4eb46b61a80724!8m2!3d29.698303199999998!4d-95.8475978"
Texas Doggie Daycare MC,http://www.texasdoggiedaycare.com/,+1 281-331-6307,"1100 FM 1092, Murphy Rd, Missouri City, TX 77459",Missouri City,77459,TX,29.6033595,-95.5647971,https://lh3.googleusercontent.com/gps-cs-s/AC9h4noQNkk-f1WrLF2orJomSAccbf09L2hWIiJmoLvEpl9-I-k3P6rAg5A5wGUcCFK8VPThGtVCtI-k7saSRH6XQnCNE-CGlJ70Am_mn9M0Xcaw-vfUnxsq2iqtcshPibmYomloSGU=w800-h500-k-no,"{""Sunday"": ""2-5PM"", ""Monday"": ""7AM-6:30PM"", ""Tuesday"": ""7AM-6:30PM"", ""Wednesday"": ""7AM-6:30PM"", ""Thursday"": ""7AM-6:30PM"", ""Friday"": ""7AM-6PM"", ""Saturday"": ""9AM-5PM""}",OPERATIONAL,,"https://www.google.com/maps/place/Texas+Doggie+Daycare+MC/@29.6033595,-95.56479709999999,14z/data=!4m8!1m2!2m1!1sTexas+Doggie+Daycare+MC!3m4!1s0x8640e621d4b7cf07:0x93acf8788d9c34b!8m2!3d29.6033595!4d-95.56479709999999"
Maxey Bark Park,,,"Pecos City Park, Ih 20, S Service Rd, Pecos, TX 79772",Pecos,79772,TX,31.3941488,-103.5072132,https://lh3.googleusercontent.com/gps-cs-s/AC9h4nrRiAJbxs7fWwDjVsk6aPNByqGNnOypDLPNx1Y25MUy_Qp4fFuyiFI8osolRXkL9ceeMINd5aGeydUJdH2l1aKd6it_xBJMC4KZ0JqWDwDqMvlLqD6n1Bjc82gPryTtFUqYyKI=w800-h500-k-no,,OPERATIONAL,,"https://www.google.com/maps/place/Maxey+Bark+Park/@31.3941488,-103.5072132,14z/data=!4m8!1m2!2m1!1sMaxey+Bark+Park!3m4!1s0x86facdb9e49705ed:0x3f5766dbe551414b!8m2!3d31.3941488!4d-103.5072132"
Super 8 by Wyndham Stanton,https://www.wyndhamhotels.com/super-8/stanton-texas/super-8-stanton/overview?CID=LC:yytq4fvvehxh7se:48304,+1 432-607-2090,"3432, I-20, Stanton, TX 79782",Stanton,79782,TX,32.1389263,-101.8000415,https://lh3.googleusercontent.com/p/AF1QipPL9c-t6Xt_4JfZ9FHMkblvyHqvNe76P3Mx4Wcm=w800-h500-k-no,,OPERATIONAL,,"https://www.google.com/maps/place/Super+8+by+Wyndham+Stanton/@32.1389263,-101.80004149999999,14z/data=!4m8!1m2!2m1!1sSuper+8+by+Wyndham+Stanton!3m4!1s0x86f9698afe12835d:0xb250bfadc5b33e36!8m2!3d32.1389263!4d-101.80004149999999"
Mason District Off-Leash Dog Park,,+1 703-941-1730,"&, Alpine Drive, Pinecrest Pkwy, Annandale, VA 22003",Annandale,22003,VA,38.8283766,-77.1732301,https://lh3.googleusercontent.com/gps-cs-s/AC9h4npJPACe8Dy4zqjOxoex1yBPw58SQSs138T86oZCYanM28MSVDtKypCnmBqSHuR7iADI1QEYhW17AFInIkba2g7ZNzAazHix5G9SFxsMbikOaA2pfg7ggrWI3MhMBAaiwf_lEKQA=w800-h500-k-no,"{""Monday"": ""9AM-8:15PM"", ""Tuesday"": ""9AM-8:15PM"", ""Wednesday"": ""9AM-8:15PM"", ""Thursday"": ""9AM-8:15PM"", ""Friday"": ""9AM-8:15PM"", ""Saturday"": ""9AM-8:15PM"", ""Sunday"": ""9AM-8:15PM""}",OPERATIONAL,,"https://www.google.com/maps/place/Mason+District+Off-Leash+Dog+Park/@38.8283766,-77.1732301,14z/data=!4m8!1m2!2m1!1sMason+District+Off-Leash+Dog+Park!3m4!1s0x89b7b322d043ed49:0xc33a3e0b0146b691!8m2!3d38.8283766!4d-77.1732301"
Snouts & Stouts - Indoor Dog Park & Bar,https://www.snoutsnstouts.com/,+1 571-317-2239,"2709 S Oakland St, Arlington, VA 22206",Arlington,22206,Virginia,38.8436838,-77.089677,https://lh3.googleusercontent.com/gps-cs-s/AC9h4noVggL7SjL8zO6GUbcMs5ZDk2QoSYo6jquWNmCJc-KcsZh64VcIX0-nGUPQMX11MLt8JQnymAVu7oeKCFGA_rcdmsmAcba1IFY_its1ZSU6xUu3C6KBH8-DKI9qjN-4Q5tFJ7JI=w800-h500-k-no,"{""Monday"": ""5-8PM"", ""Tuesday"": ""5-8PM"", ""Wednesday"": ""5-8PM"", ""Thursday"": ""5-8PM"", ""Friday"": ""5-9PM"", ""Saturday"": ""11AM-6PM"", ""Sunday"": ""11AM-6PM""}",OPERATIONAL,"At Snouts & Stouts, your dog will be able to run around our indoor dog park, off-leash, while you can sit back and relax with a beer in your hand.","https://www.google.com/maps/place/Snouts+%26+Stouts+-+Indoor+Dog+Park+%26+Bar/@38.8436838,-77.089677,14z/data=!4m8!1m2!2m1!1sSnouts+%26+Stouts+-+Indoor+Dog+Park+%26+Bar!3m4!1s0x89b7b1323172e005:0x986b71f78bdc6f26!8m2!3d38.8436838!4d-77.089677"
Grist Mill Dog Park,https://www.fairfaxcounty.gov/parks/offleash,+1 703-324-7329,"Mt Zephyr Park, 4710 Mount Vernon Memorial Hwy, Alexandria, VA 22309",Alexandria,22309,Virginia,38.708738,-77.112308,https://lh3.googleusercontent.com/gps-cs-s/AC9h4np7DC3qrXq-vRFZRr97o_5T3BlqKk2PPmiSJdAblTvkqJ8fHxxLtKJm2BB9jx9CdyL7dtMfELP-D1n0jv9v__Uj3o_u7SBf7IJ472GzaPQIwBWQ0tA_8Nj723T7K2JSelManGZVlQ=w800-h500-k-no,"{""Monday"": ""8AM-8PM"", ""Tuesday"": ""8AM-8PM"", ""Wednesday"": ""8AM-8PM"", ""Thursday"": ""8AM-8PM"", ""Friday"": ""8AM-8PM"", ""Saturday"": ""8AM-8PM"", ""Sunday"": ""8AM-8PM""}",OPERATIONAL,,"https://www.google.com/maps/place/Grist+Mill+Dog+Park/@38.708738,-77.112308,14z/data=!4m8!1m2!2m1!1sGrist+Mill+Dog+Park!3m4!1s0x89b7ac1874740c6f:0x8cc4842cd8ffe298!8m2!3d38.708738!4d-77.112308"
Highland Dog Park,https://m.facebook.com/pages/Highland-Dog-Park/258859807457779,+1 540-853-2236,"5th St SW, Roanoke, VA 24016",Roanoke,24016,Virginia,37.263524,-79.9552698,https://lh3.googleusercontent.com/gps-cs-s/AC9h4npVVHQcGrsZLfpF0J0s4iF8g41lKDio3EACnP3AmqrqJmUZOWUMReNgsMPKasgjPbOMzgD0sK94XTDXz5Y0_PguZUx-hD_lNurVMArA8Ivw3YCP9vqeqlu1VfL1Uv8AkTLvxjpmOQ=w800-h500-k-no,"{""Monday"": ""6AM-10PM"", ""Tuesday"": ""6AM-10PM"", ""Wednesday"": ""6AM-10PM"", ""Thursday"": ""6AM-10PM"", ""Friday"": ""6AM-10PM"", ""Saturday"": ""6AM-10PM"", ""Sunday"": ""6AM-10PM""}",OPERATIONAL,,"https://www.google.com/maps/place/Highland+Dog+Park/@37.263524,-79.9552698,14z/data=!4m8!1m2!2m1!1sHighland+Dog+Park!3m4!1s0x884d0dafd65e94b9:0x9337cfd55b419e6b!8m2!3d37.263524!4d-79.9552698"
Highland Park,https://www.playroanoke.com/parks-facilities/highland-park/,,"502 Washington Avenue Southwest, Roanoke, VA 24016",Roanoke,24016,Virginia,37.263506,-79.9535381,https://lh3.googleusercontent.com/gps-cs-s/AC9h4nqR7DDnSDFcG9_CkX28v7v7HRXuUsPOXxcxJvrGYFRRrxh-BZkOimQRSMR0txFl_RLxbZ3ck4_vf33Y3Y4PuxKI_E7eLL-vEQFRQNgJDJfFdgsZlSfsIHw2QIpQK4Bq_uVF6Gk=w800-h500-k-no,"{""Monday"": ""6AM-11PM"", ""Tuesday"": ""6AM-11PM"", ""Wednesday"": ""6AM-11PM"", ""Thursday"": ""6AM-11PM"", ""Friday"": ""6AM-11PM"", ""Saturday"": ""6AM-11PM"", ""Sunday"": ""6AM-11PM""}",OPERATIONAL,"Hilly park featuring a disc-golf course, a playground, a dog park, sports fields & restrooms.","https://www.google.com/maps/place/Highland+Park/@37.263506,-79.9535381,14z/data=!4m8!1m2!2m1!1sHighland+Park!3m4!1s0x884d0daff1d7be39:0x2bcc5dda98d1d222!8m2!3d37.263506!4d-79.9535381"
Happy Tails Dog Club,http://www.happytailsdogclub.net/,+1 540-972-2237,"1410 Lakeview Pkwy, Locust Grove, VA 22508",Locust Grove,22508,Virginia,38.333836,-77.775965,https://lh3.googleusercontent.com/gps-cs-s/AC9h4npXLnikjOtdnE1xHMd9fJvm73YOPZmqhs4DscMG0YoYPZSwXGr_Ia2Pob9ma92_1uvRARmJ5uWZddNhGuMyqKtrs6U2nVhzKxFvJ9E0dm2B3w5-qiLBFxSFYgy1byP221zkbVLWckQy0C4=w800-h500-k-no,"{""Monday"": ""6AM-8PM"", ""Tuesday"": ""6AM-8PM"", ""Wednesday"": ""6AM-8PM"", ""Thursday"": ""6AM-8PM"", ""Friday"": ""6AM-8PM"", ""Saturday"": ""6AM-8PM"", ""Sunday"": ""6AM-8PM""}",OPERATIONAL,,"https://www.google.com/maps/place/Happy+Tails+Dog+Club/@38.333836,-77.775965,14z/data=!4m8!1m2!2m1!1sHappy+Tails+Dog+Club!3m4!1s0x89b6a3ffdc1e3861:0x78a6714d52d268a8!8m2!3d38.333836!4d-77.775965"
Playful Pack,https://playfulpack.com/,+1 703-852-7353,"1608 Village Market Blvd SE, Leesburg, VA 20175",Leesburg,20175,Virginia,39.0892009,-77.5231117,https://lh3.googleusercontent.com/gps-cs-s/AC9h4no8XaDDC9GjchX1sq3UlbRPaVx0i7HbF4GLkVQL67RfnzsqmMUcZKsJf6vs4E4rURyW-12v5zBu75YJ7XrUoU_1JKOgltAIgTPFS_363FdM6Tn7nOEAQRxGyXu38IvSRxuE4VaNn1oeAqs=w800-h500-k-no,"{""Monday"": ""6:30AM-7:30PM"", ""Tuesday"": ""6:30AM-7:30PM"", ""Wednesday"": ""6:30AM-7:30PM"", ""Thursday"": ""6:30AM-7:30PM"", ""Friday"": ""6:30AM-7:30PM"", ""Saturday"": ""6:30AM-7:30PM"", ""Sunday"": ""6:30AM-7:30PM""}",OPERATIONAL,"Welcome to our Leesburg, Virginia location, located in the upscale shopping complex The Village at Leesburg! Our brand new facility has spacious indoor daycare rooms AND an outdoor yard with specialized artificial turf and we are excited to host the local Loudon County dogs for days of play and socialization. We are hyper focused on just dog daycare and boarding services with an amazing team of dog lovers to provide your furry best friend with a premier experience. You can find us at 1608 Village Market Blvd, SE, in the heart of The Village and directly next to Mexican restaurant Plaza Azteca. We look forward to meeting your PACKmate!","https://www.google.com/maps/place/Playful+Pack/@39.0892009,-77.5231117,14z/data=!4m8!1m2!2m1!1sPlayful+Pack!3m4!1s0x89b63d5036bf3c3d:0x14e60f26e1c0d7bb!8m2!3d39.0892009!4d-77.5231117"
Huntington PetSafe Dog Park,https://ghprd.org/,+1 304-696-5954,"12th St, Huntington, WV 25701",Huntington,25701,West Virginia,38.4044328,-82.436363,https://lh3.googleusercontent.com/gps-cs-s/AC9h4nplHg532ZQyfJDEusnn7_qxXORwdhQL6KKv_xJS2dsfoFtTdYPtxHpQWAtEMo6RsDXUc9dc95Yop02FaTPzLK2G4RrHLjp9_Bt_twiIKha8hhyD7SxMJ0SJVlykiKc3K3U6qmqU=w800-h500-k-no,"{""Monday"": ""7:30AM-9:30PM"", ""Tuesday"": ""8AM-10PM"", ""Wednesday"": ""8AM-10PM"", ""Thursday"": ""8AM-10PM"", ""Friday"": ""7:30AM-9:30PM"", ""Saturday"": ""8AM-10PM"", ""Sunday"": ""7:30AM-9:30PM""}",OPERATIONAL,,"https://www.google.com/maps/place/Huntington+PetSafe+Dog+Park/@38.404432799999995,-82.436363,14z/data=!4m8!1m2!2m1!1sHuntington+PetSafe+Dog+Park!3m4!1s0x8845e305cfaa0a81:0x336cacd71b5e2b1e!8m2!3d38.404432799999995!4d-82.436363"
LUV UR Dawg Indoor Dog Park,,,"88 Center St, Rock Springs, WY 82901",Rock Springs,82901,Wyoming,41.5880269,-109.22607,,"{""Sunday"": ""Open 24 hours"", ""Monday"": ""Open 24 hours"", ""Tuesday"": ""Open 24 hours"", ""Wednesday"": ""Open 24 hours"", ""Thursday"": ""Open 24 hours"", ""Friday"": ""Open 24 hours"", ""Saturday"": ""Open 24 hours""}",OPERATIONAL,,"https://www.google.com/maps/place/LUV+UR+Dawg+Indoor+Dog+Park/@41.588026899999996,-109.22606999999999,14z/data=!4m8!1m2!2m1!1sLUV+UR+Dawg+Indoor+Dog+Park!3m4!1s0x875a613086dfcd07:0xb14265473b76b674!8m2!3d41.588026899999996!4d-109.22606999999999"
Baconboarding,http://baconboarding.com/,+1 361-549-8000,,,,,46.423669,-129.9427086,,,OPERATIONAL,"Canine Boarding
Indoor Outdoor Climate controlled.","https://www.google.com/maps/place/Baconboarding/@46.423669,-129.9427086,14z/data=!4m8!1m2!2m1!1sBaconboarding!3m4!1s0x884e9786b0eeba85:0x27dd2fb901c589ef!8m2!3d46.423669!4d-129.9427086"
Dogslanding Play & Train,https://dogslandingco.com/?utm_source=google,+1 737-348-5248,,,,,30.1785955,-97.608087,https://lh3.googleusercontent.com/p/AF1QipPHL6MtFrjbyTCDXbS0BK4gHPSr-83eO4keWU0=w800-h500-k-no,"{""Sunday"": ""8AM-8PM"", ""Monday"": ""8AM-8PM"", ""Tuesday"": ""8AM-8PM"", ""Wednesday"": ""8AM-8PM"", ""Thursday"": ""8AM-8PM"", ""Friday"": ""8AM-8PM"", ""Saturday"": ""8AM-8PM""}",OPERATIONAL,,"https://www.google.com/maps/place/Dogslanding+Play+%26+Train/@30.1785955,-97.608087,14z/data=!4m8!1m2!2m1!1sDogslanding+Play+%26+Train!3m4!1s0x411673fc47428cf9:0x7bddcfc45c4356b7!8m2!3d30.1785955!4d-97.608087"
Overdog Digital,https://overdogdigital.com/,+1 973-750-9930,,,,,14.1576412,-106.6918595,,,OPERATIONAL,"Helping dog daycare businesses attract, convert and keep more customers, without overwhelm or burnout, by creating winning marketing campaigns and providing the business guidance to build momentum and spark long term growth.","https://www.google.com/maps/place/Overdog+Digital/@14.157641199999999,-106.69185949999999,14z/data=!4m8!1m2!2m1!1sOverdog+Digital!3m4!1s0x8d945c39db110bdd:0x9b894a8a535c4e00!8m2!3d14.157641199999999!4d-106.69185949999999"
Bark Busters Round Rock,https://www.barkbusters.com/dog-training/roundrock-austin?utm_source=GMBListing,+1 877-500-2275,,,,,30.495914,-97.598719,https://lh3.googleusercontent.com/p/AF1QipNaXGVKNNCBvAWvcDCq5BVH63xgZHOovjqhu_Zi=w800-h500-k-no,"{""Sunday"": ""8AM-8PM"", ""Monday"": ""Closed"", ""Tuesday"": ""Closed"", ""Wednesday"": ""8AM-8PM"", ""Thursday"": ""8AM-8PM"", ""Friday"": ""8AM-8PM"", ""Saturday"": ""8AM-8PM""}",OPERATIONAL,,"https://www.google.com/maps/place/Bark+Busters+Round+Rock/@30.495914,-97.598719,14z/data=!4m8!1m2!2m1!1sBark+Busters+Round+Rock!3m4!1s0x8644d1a746cc0001:0xb9d58569c169dec4!8m2!3d30.495914!4d-97.598719"
Galveston DogHouse,https://galvestondoghouse.com/,+1 512-986-2262,,,,,46.423669,-129.9427086,https://lh3.googleusercontent.com/p/AF1QipOQ_F_44rABBDbP33mHRar-hgLOXXGqicZDVzga=w800-h500-k-no,"{""Sunday"": ""7AM-9PM"", ""Monday"": ""7AM-9PM"", ""Tuesday"": ""7AM-9PM"", ""Wednesday"": ""7AM-9PM"", ""Thursday"": ""7AM-9PM"", ""Friday"": ""7AM-9PM"", ""Saturday"": ""7AM-9PM""}",OPERATIONAL,,"https://www.google.com/maps/place/Galveston+DogHouse/@46.423669,-129.9427086,14z/data=!4m8!1m2!2m1!1sGalveston+DogHouse!3m4!1s0x863f9d2e05752791:0x5d9ffdcc9fd0882e!8m2!3d46.423669!4d-129.9427086"